// generated by re/g_embed.py -- do not edit by hand.
//
// Every block this session read, with its original bytes kept in the project. Callable blocks additionally have
// an executable copy in gen_orig.S; the rest carry the reason they cannot be called, so the gap is visible in
// the code rather than only in a document.
#include "lcns/embedded.hpp"

namespace lcns {
namespace embedded {

// 0x51d2f0  5 bytes  pointer getter: returns [rcx+0x60]
// status: callable
// sha256: ca3aab76b94acd7081ad378320443ef2f9a4c3551ec59cde6a86c27d7062522a
alignas(16) const unsigned char kBytes_51d2f0[5] = {
    0x48, 0x8b, 0x41, 0x60, 0xc3,
};

// 0x4f8370  6 bytes  double accessor: returns [rcx+0x28]
// status: callable
// sha256: bab1c3cf7a3c086e24ef67e9ad80db0a146bd093af6bb15379d60385532283d3
alignas(16) const unsigned char kBytes_4f8370[6] = {
    0xf2, 0x0f, 0x10, 0x41, 0x28, 0xc3,
};

// 0x4f8380  6 bytes  double accessor: returns [rcx+0x30]
// status: callable
// sha256: d53241d8a2cf3cbde6f551b0114f81e25af6de7b3175ccca4d332542f18d65fb
alignas(16) const unsigned char kBytes_4f8380[6] = {
    0xf2, 0x0f, 0x10, 0x41, 0x30, 0xc3,
};

// 0x4ddd10  5 bytes  returns the address of the field at +0x48
// status: callable
// sha256: d6dde944ab17a80038c06eafcf1c49f8944fbc09134b758e4efda9017f8472f5
alignas(16) const unsigned char kBytes_4ddd10[5] = {
    0x48, 0x8d, 0x41, 0x48, 0xc3,
};

// 0x16c270  34 bytes  packed double addition of two 2D points (addpd)
// status: callable
// sha256: 8037548adc25fa7eeb0360ad73467619eb9af65f542a9ca10f2c7d6bdf90feaa
alignas(16) const unsigned char kBytes_16c270[34] = {
    0xf2, 0x0f, 0x10, 0x0a, 0xf2, 0x0f, 0x10, 0x41, 0x08, 0x66, 0x0f, 0x16,
    0x4a, 0x08, 0x66, 0x0f, 0x16, 0x41, 0x10, 0x66, 0x0f, 0x58, 0xc1, 0x66,
    0x0f, 0x13, 0x41, 0x08, 0x66, 0x0f, 0x17, 0x41, 0x10, 0xc3,
};

// 0x24b440  61 bytes  two-dimensional cross product / orientation determinant
// status: callable
// sha256: 1e689559dfcde151c28ab9ed2c29d0f10007c58abd01dda177cb7e239bc1ee36
alignas(16) const unsigned char kBytes_24b440[61] = {
    0xf2, 0x0f, 0x10, 0x51, 0x08, 0xf2, 0x0f, 0x10, 0x19, 0xf2, 0x0f, 0x10,
    0x41, 0x10, 0xf2, 0x0f, 0x10, 0x4a, 0x08, 0xf2, 0x0f, 0x5c, 0xc3, 0xf2,
    0x0f, 0x5c, 0xca, 0xf2, 0x0f, 0x59, 0xc1, 0xf2, 0x0f, 0x10, 0x49, 0x18,
    0xf2, 0x0f, 0x5c, 0xca, 0x66, 0x0f, 0x28, 0xd1, 0xf2, 0x0f, 0x10, 0x0a,
    0xf2, 0x0f, 0x5c, 0xcb, 0xf2, 0x0f, 0x59, 0xca, 0xf2, 0x0f, 0x5c, 0xc1,
    0xc3,
};

// 0x5cfd80  64 bytes  in-place 2x3 affine transform of one point
// status: callable
// sha256: a47843c42ba82adb172ba813d945f60c33a40e4f28f2545531326e037030a7ec
alignas(16) const unsigned char kBytes_5cfd80[64] = {
    0xf2, 0x0f, 0x10, 0x51, 0x08, 0xf2, 0x0f, 0x10, 0x01, 0xf2, 0x0f, 0x10,
    0x4a, 0x10, 0xf2, 0x0f, 0x10, 0x5a, 0x18, 0xf2, 0x0f, 0x59, 0xc8, 0xf2,
    0x0f, 0x59, 0xda, 0xf2, 0x0f, 0x59, 0x02, 0xf2, 0x0f, 0x59, 0x52, 0x08,
    0xf2, 0x0f, 0x58, 0xcb, 0xf2, 0x0f, 0x58, 0x4a, 0x28, 0xf2, 0x0f, 0x58,
    0xc2, 0xf2, 0x0f, 0x58, 0x42, 0x20, 0xf2, 0x0f, 0x11, 0x49, 0x08, 0xf2,
    0x0f, 0x11, 0x01, 0xc3,
};

// 0x5cfdc0  160 bytes  in-place 2x3 affine transform of both points of a segment
// status: callable
// sha256: bd406f6324dd73145b149cc8af30265f67be7a76c22262028102f26e033db8aa
alignas(16) const unsigned char kBytes_5cfdc0[160] = {
    0x48, 0x83, 0xec, 0x28, 0x0f, 0x29, 0x34, 0x24, 0x0f, 0x29, 0x7c, 0x24,
    0x10, 0xf2, 0x0f, 0x10, 0x32, 0xf2, 0x0f, 0x10, 0x6a, 0x08, 0xf2, 0x0f,
    0x10, 0x49, 0x08, 0xf2, 0x0f, 0x10, 0x11, 0x66, 0x0f, 0x28, 0xf9, 0xf2,
    0x0f, 0x10, 0x42, 0x10, 0xf2, 0x0f, 0x59, 0xcd, 0x66, 0x0f, 0x28, 0xda,
    0xf2, 0x0f, 0x10, 0x62, 0x18, 0xf2, 0x0f, 0x59, 0xd6, 0xf2, 0x0f, 0x59,
    0xfc, 0xf2, 0x0f, 0x59, 0xd8, 0xf2, 0x0f, 0x58, 0xd1, 0xf2, 0x0f, 0x10,
    0x49, 0x10, 0xf2, 0x0f, 0x58, 0x52, 0x20, 0xf2, 0x0f, 0x58, 0xdf, 0xf2,
    0x0f, 0x59, 0xc1, 0x0f, 0x28, 0x7c, 0x24, 0x10, 0xf2, 0x0f, 0x58, 0x5a,
    0x28, 0xf2, 0x0f, 0x59, 0xce, 0xf2, 0x0f, 0x11, 0x11, 0xf2, 0x0f, 0x10,
    0x51, 0x18, 0x0f, 0x28, 0x34, 0x24, 0xf2, 0x0f, 0x59, 0xe2, 0xf2, 0x0f,
    0x11, 0x59, 0x08, 0xf2, 0x0f, 0x59, 0xd5, 0xf2, 0x0f, 0x58, 0xc4, 0xf2,
    0x0f, 0x58, 0xca, 0xf2, 0x0f, 0x58, 0x42, 0x28, 0xf2, 0x0f, 0x58, 0x4a,
    0x20, 0xf2, 0x0f, 0x11, 0x41, 0x18, 0xf2, 0x0f, 0x11, 0x49, 0x10, 0x48,
    0x83, 0xc4, 0x28, 0xc3,
};

// 0x5cea80  269 bytes  affine transform applied to a source record, functional form
// status: callable
// sha256: 7c2297bb43e8a96865177c08637c282c3abf2afcf1704247a857e7c05063f1b6
alignas(16) const unsigned char kBytes_5cea80[269] = {
    0x48, 0x83, 0xec, 0x68, 0x0f, 0x29, 0x34, 0x24, 0x0f, 0x29, 0x7c, 0x24,
    0x10, 0x44, 0x0f, 0x29, 0x44, 0x24, 0x20, 0x44, 0x0f, 0x29, 0x4c, 0x24,
    0x30, 0x44, 0x0f, 0x29, 0x54, 0x24, 0x40, 0x44, 0x0f, 0x29, 0x5c, 0x24,
    0x50, 0xf2, 0x0f, 0x10, 0x4a, 0x10, 0xf2, 0x0f, 0x10, 0x6a, 0x18, 0xf2,
    0x0f, 0x10, 0x12, 0x66, 0x0f, 0x28, 0xd9, 0xf2, 0x0f, 0x10, 0x72, 0x08,
    0x66, 0x0f, 0x28, 0xe5, 0xf2, 0x41, 0x0f, 0x10, 0x40, 0x20, 0x66, 0x44,
    0x0f, 0x28, 0xd2, 0x48, 0x89, 0xc8, 0xf2, 0x41, 0x0f, 0x10, 0x78, 0x28,
    0x66, 0x44, 0x0f, 0x28, 0xde, 0xf2, 0x0f, 0x59, 0xd8, 0xf2, 0x45, 0x0f,
    0x10, 0x48, 0x08, 0xf2, 0x0f, 0x59, 0xe7, 0xf2, 0x45, 0x0f, 0x10, 0x40,
    0x18, 0xf2, 0x0f, 0x59, 0xfe, 0xf2, 0x0f, 0x59, 0xc2, 0xf2, 0x41, 0x0f,
    0x59, 0xf0, 0xf2, 0x41, 0x0f, 0x59, 0xd1, 0xf2, 0x0f, 0x58, 0xe3, 0xf2,
    0x41, 0x0f, 0x10, 0x18, 0xf2, 0x0f, 0x58, 0x62, 0x28, 0xf2, 0x0f, 0x58,
    0xc7, 0xf2, 0x41, 0x0f, 0x10, 0x78, 0x10, 0xf2, 0x44, 0x0f, 0x59, 0xd3,
    0xf2, 0x0f, 0x59, 0xd9, 0xf2, 0x0f, 0x58, 0x42, 0x20, 0xf2, 0x44, 0x0f,
    0x59, 0xdf, 0xf2, 0x0f, 0x58, 0xd6, 0x0f, 0x28, 0x34, 0x24, 0xf2, 0x0f,
    0x11, 0x61, 0x28, 0xf2, 0x0f, 0x59, 0xfd, 0xf2, 0x41, 0x0f, 0x59, 0xc9,
    0x44, 0x0f, 0x28, 0x4c, 0x24, 0x30, 0xf2, 0x0f, 0x11, 0x41, 0x20, 0xf2,
    0x41, 0x0f, 0x59, 0xe8, 0x44, 0x0f, 0x28, 0x44, 0x24, 0x20, 0xf2, 0x0f,
    0x11, 0x51, 0x08, 0xf2, 0x45, 0x0f, 0x58, 0xd3, 0x44, 0x0f, 0x28, 0x5c,
    0x24, 0x50, 0xf2, 0x0f, 0x58, 0xdf, 0x0f, 0x28, 0x7c, 0x24, 0x10, 0xf2,
    0x0f, 0x58, 0xcd, 0xf2, 0x44, 0x0f, 0x11, 0x11, 0x44, 0x0f, 0x28, 0x54,
    0x24, 0x40, 0xf2, 0x0f, 0x11, 0x59, 0x10, 0xf2, 0x0f, 0x11, 0x49, 0x18,
    0x48, 0x83, 0xc4, 0x68, 0xc3,
};

// 0x5cf6b0  235 bytes  affine transform, out of place
// status: callable
// sha256: 2913a685d3e8420c3fbad3e8706228ba4de4d09783aad3ccdde0e355e394fa1b
alignas(16) const unsigned char kBytes_5cf6b0[235] = {
    0x48, 0x83, 0xec, 0x48, 0x0f, 0x29, 0x34, 0x24, 0x0f, 0x29, 0x7c, 0x24,
    0x10, 0x44, 0x0f, 0x29, 0x44, 0x24, 0x20, 0x44, 0x0f, 0x29, 0x4c, 0x24,
    0x30, 0xf2, 0x41, 0x0f, 0x10, 0x40, 0x10, 0xf2, 0x41, 0x0f, 0x10, 0x60,
    0x18, 0xf2, 0x41, 0x0f, 0x10, 0x08, 0xf2, 0x41, 0x0f, 0x10, 0x70, 0x08,
    0x48, 0x89, 0xc8, 0x48, 0x8b, 0x0a, 0xf2, 0x41, 0x0f, 0x10, 0x78, 0x20,
    0xf2, 0x41, 0x0f, 0x10, 0x68, 0x28, 0x48, 0x89, 0x08, 0x48, 0x8b, 0x4a,
    0x08, 0xf2, 0x0f, 0x10, 0x10, 0x66, 0x0f, 0x28, 0xda, 0x48, 0x89, 0x48,
    0x08, 0xf2, 0x44, 0x0f, 0x10, 0x40, 0x08, 0xf2, 0x0f, 0x59, 0xd9, 0xf2,
    0x0f, 0x59, 0xd0, 0x48, 0x8b, 0x4a, 0x10, 0x66, 0x45, 0x0f, 0x28, 0xc8,
    0x48, 0x8b, 0x52, 0x18, 0xf2, 0x44, 0x0f, 0x59, 0xce, 0xf2, 0x44, 0x0f,
    0x59, 0xc4, 0x48, 0x89, 0x48, 0x10, 0x48, 0x89, 0x50, 0x18, 0xf2, 0x41,
    0x0f, 0x58, 0xd9, 0x44, 0x0f, 0x28, 0x4c, 0x24, 0x30, 0xf2, 0x41, 0x0f,
    0x58, 0xd0, 0x44, 0x0f, 0x28, 0x44, 0x24, 0x20, 0xf2, 0x0f, 0x58, 0xdf,
    0xf2, 0x0f, 0x58, 0xd5, 0xf2, 0x0f, 0x11, 0x18, 0xf2, 0x0f, 0x10, 0x58,
    0x10, 0xf2, 0x0f, 0x11, 0x50, 0x08, 0xf2, 0x0f, 0x10, 0x50, 0x18, 0xf2,
    0x0f, 0x59, 0xcb, 0xf2, 0x0f, 0x59, 0xf2, 0xf2, 0x0f, 0x59, 0xc3, 0xf2,
    0x0f, 0x59, 0xe2, 0xf2, 0x0f, 0x58, 0xce, 0x0f, 0x28, 0x34, 0x24, 0xf2,
    0x0f, 0x58, 0xc4, 0xf2, 0x0f, 0x58, 0xcf, 0x0f, 0x28, 0x7c, 0x24, 0x10,
    0xf2, 0x0f, 0x58, 0xc5, 0xf2, 0x0f, 0x11, 0x48, 0x10, 0xf2, 0x0f, 0x11,
    0x40, 0x18, 0x48, 0x83, 0xc4, 0x48, 0xc3,
};

// 0x5ce970  269 bytes  composition of two 2x3 affine transforms
// status: callable
// sha256: d910ebbbcf0478750d2b2a1ddf196f4b5ac49e6f996adf211d0abc6a46d0f3bd
alignas(16) const unsigned char kBytes_5ce970[269] = {
    0x48, 0x83, 0xec, 0x68, 0x0f, 0x29, 0x34, 0x24, 0x0f, 0x29, 0x7c, 0x24,
    0x10, 0x44, 0x0f, 0x29, 0x44, 0x24, 0x20, 0x44, 0x0f, 0x29, 0x4c, 0x24,
    0x30, 0x44, 0x0f, 0x29, 0x54, 0x24, 0x40, 0x44, 0x0f, 0x29, 0x5c, 0x24,
    0x50, 0xf2, 0x0f, 0x10, 0x72, 0x10, 0xf2, 0x0f, 0x10, 0x6a, 0x18, 0xf2,
    0x41, 0x0f, 0x10, 0x40, 0x20, 0x66, 0x0f, 0x28, 0xde, 0xf2, 0x41, 0x0f,
    0x10, 0x50, 0x28, 0x66, 0x0f, 0x28, 0xe5, 0xf2, 0x0f, 0x59, 0xd8, 0xf2,
    0x0f, 0x10, 0x0a, 0x48, 0x89, 0xc8, 0xf2, 0x0f, 0x59, 0xe2, 0xf2, 0x0f,
    0x10, 0x7a, 0x08, 0xf2, 0x0f, 0x59, 0xc1, 0xf2, 0x45, 0x0f, 0x10, 0x48,
    0x10, 0xf2, 0x0f, 0x59, 0xd7, 0xf2, 0x45, 0x0f, 0x10, 0x40, 0x18, 0x66,
    0x45, 0x0f, 0x28, 0xd9, 0xf2, 0x44, 0x0f, 0x59, 0xdf, 0xf2, 0x0f, 0x58,
    0xe3, 0xf2, 0x41, 0x0f, 0x10, 0x18, 0xf2, 0x41, 0x0f, 0x59, 0xf8, 0xf2,
    0x44, 0x0f, 0x59, 0xcd, 0xf2, 0x0f, 0x58, 0x62, 0x28, 0xf2, 0x0f, 0x58,
    0xc2, 0x66, 0x44, 0x0f, 0x28, 0xd3, 0xf2, 0x41, 0x0f, 0x10, 0x50, 0x08,
    0xf2, 0x44, 0x0f, 0x59, 0xd1, 0xf2, 0x0f, 0x58, 0x42, 0x20, 0xf2, 0x41,
    0x0f, 0x59, 0xe8, 0x44, 0x0f, 0x28, 0x44, 0x24, 0x20, 0xf2, 0x0f, 0x11,
    0x61, 0x28, 0xf2, 0x0f, 0x59, 0xca, 0xf2, 0x0f, 0x59, 0xde, 0xf2, 0x0f,
    0x11, 0x41, 0x20, 0xf2, 0x0f, 0x59, 0xd6, 0x0f, 0x28, 0x34, 0x24, 0xf2,
    0x45, 0x0f, 0x58, 0xd3, 0x44, 0x0f, 0x28, 0x5c, 0x24, 0x50, 0xf2, 0x0f,
    0x58, 0xcf, 0x0f, 0x28, 0x7c, 0x24, 0x10, 0xf2, 0x41, 0x0f, 0x58, 0xd9,
    0xf2, 0x44, 0x0f, 0x11, 0x11, 0x44, 0x0f, 0x28, 0x4c, 0x24, 0x30, 0xf2,
    0x0f, 0x58, 0xd5, 0x44, 0x0f, 0x28, 0x54, 0x24, 0x40, 0xf2, 0x0f, 0x11,
    0x49, 0x08, 0xf2, 0x0f, 0x11, 0x59, 0x10, 0xf2, 0x0f, 0x11, 0x51, 0x18,
    0x48, 0x83, 0xc4, 0x68, 0xc3,
};

// 0x5ce7b0  50 bytes  builds a translation matrix (identity basis + point)
// status: callable_relocated  -- data at 0x5ce7b4 -> lcns_data_9de930
// sha256: 1c553f16928c26c0173c2de81a054b5edaafc671750db4bc7bf5487e8af1270c
alignas(16) const unsigned char kBytes_5ce7b0[50] = {
    0x66, 0x0f, 0xef, 0xc9, 0xf2, 0x0f, 0x10, 0x05, 0x74, 0x01, 0x41, 0x00,
    0x4c, 0x8b, 0x0a, 0x4c, 0x8b, 0x52, 0x08, 0x48, 0x89, 0xc8, 0xf2, 0x0f,
    0x11, 0x01, 0xf2, 0x0f, 0x11, 0x49, 0x08, 0xf2, 0x0f, 0x11, 0x49, 0x10,
    0xf2, 0x0f, 0x11, 0x41, 0x18, 0x4c, 0x89, 0x49, 0x20, 0x4c, 0x89, 0x51,
    0x28, 0xc3,
};

// 0x5ced50  196 bytes  inverse of a 2x3 affine matrix
// status: callable_relocated  -- data at 0x5ced5d -> lcns_data_9de960; data at 0x5ced8f -> lcns_data_9de930
// sha256: 71653da18d5c60a8564445ad58f0b3b24d7639bccb7efedf71fa3a017edf9b9d
alignas(16) const unsigned char kBytes_5ced50[196] = {
    0x48, 0x83, 0xec, 0x28, 0x0f, 0x29, 0x34, 0x24, 0x0f, 0x29, 0x7c, 0x24,
    0x10, 0xf2, 0x0f, 0x10, 0x3d, 0xfb, 0xfb, 0x40, 0x00, 0xf2, 0x0f, 0x10,
    0x22, 0xf2, 0x0f, 0x10, 0x52, 0x08, 0xf2, 0x0f, 0x10, 0x4a, 0x10, 0x66,
    0x0f, 0x28, 0xdc, 0xf2, 0x0f, 0x10, 0x42, 0x18, 0x66, 0x0f, 0x28, 0xea,
    0xf2, 0x0f, 0x59, 0xe9, 0x48, 0x89, 0xc8, 0xf2, 0x0f, 0x59, 0xd8, 0xf2,
    0x0f, 0x5c, 0xdd, 0xf2, 0x0f, 0x10, 0x2d, 0x99, 0xfb, 0x40, 0x00, 0xf2,
    0x0f, 0x5e, 0xeb, 0xf2, 0x0f, 0x59, 0xc5, 0x66, 0x0f, 0x28, 0xf5, 0x66,
    0x0f, 0x57, 0xf7, 0xf2, 0x0f, 0x59, 0xd6, 0xf2, 0x0f, 0x59, 0xec, 0xf2,
    0x0f, 0x59, 0xf1, 0xf2, 0x0f, 0x10, 0x4a, 0x20, 0xf2, 0x0f, 0x11, 0x01,
    0x66, 0x0f, 0x57, 0xcf, 0xf2, 0x0f, 0x59, 0xc1, 0x66, 0x0f, 0x28, 0xda,
    0xf2, 0x0f, 0x10, 0x52, 0x28, 0xf2, 0x0f, 0x11, 0x59, 0x08, 0xf2, 0x0f,
    0x59, 0xce, 0x66, 0x0f, 0x28, 0xe2, 0x66, 0x0f, 0x28, 0xd3, 0xf2, 0x0f,
    0x11, 0x71, 0x10, 0x66, 0x0f, 0x57, 0xe7, 0xf2, 0x0f, 0x59, 0xd4, 0x0f,
    0x28, 0x34, 0x24, 0xf2, 0x0f, 0x11, 0x69, 0x18, 0xf2, 0x0f, 0x59, 0xe5,
    0x0f, 0x28, 0x7c, 0x24, 0x10, 0xf2, 0x0f, 0x58, 0xc2, 0xf2, 0x0f, 0x58,
    0xcc, 0xf2, 0x0f, 0x11, 0x41, 0x20, 0xf2, 0x0f, 0x11, 0x49, 0x28, 0x48,
    0x83, 0xc4, 0x28, 0xc3,
};

// 0x55e190  258 bytes  segment length pair, min and max, with a square-root guard
// status: callable_relocated  -- stub at 0x55e1dd -> lcns_stub_sqrt; stub at 0x55e20c -> lcns_stub_sqrt; stub at 0x55e26d -> lcns_stub_sqrt
// sha256: aea332921bf9a743b522a12559953a18cd3dc39c7c2889f8e8bfeffd78e4f32b
alignas(16) const unsigned char kBytes_55e190[258] = {
    0x57, 0x56, 0x53, 0x48, 0x83, 0xec, 0x50, 0x0f, 0x29, 0x74, 0x24, 0x20,
    0x0f, 0x29, 0x7c, 0x24, 0x30, 0x44, 0x0f, 0x29, 0x44, 0x24, 0x40, 0x66,
    0x0f, 0xef, 0xff, 0xf2, 0x0f, 0x10, 0x41, 0x10, 0xf2, 0x0f, 0x10, 0x49,
    0x18, 0xf2, 0x0f, 0x5c, 0x01, 0xf2, 0x0f, 0x5c, 0x49, 0x08, 0x48, 0x89,
    0xd6, 0x4c, 0x89, 0xc3, 0x4c, 0x89, 0xcf, 0xf2, 0x0f, 0x59, 0xc0, 0xf2,
    0x0f, 0x59, 0xc9, 0xf2, 0x0f, 0x58, 0xc1, 0x66, 0x0f, 0x2e, 0xf8, 0xf2,
    0x0f, 0x51, 0xf0, 0x76, 0x05, 0xe8, 0x3e, 0x1c, 0x0d, 0x00, 0xf2, 0x0f,
    0x10, 0x46, 0x10, 0xf2, 0x0f, 0x10, 0x4e, 0x18, 0xf2, 0x0f, 0x5c, 0x06,
    0xf2, 0x0f, 0x5c, 0x4e, 0x08, 0xf2, 0x0f, 0x59, 0xc0, 0xf2, 0x0f, 0x59,
    0xc9, 0xf2, 0x0f, 0x58, 0xc1, 0x66, 0x0f, 0x2e, 0xf8, 0xf2, 0x44, 0x0f,
    0x51, 0xc0, 0x76, 0x05, 0xe8, 0x0f, 0x1c, 0x0d, 0x00, 0x66, 0x41, 0x0f,
    0x28, 0xc0, 0xf2, 0x44, 0x0f, 0x5d, 0xc6, 0xf2, 0x0f, 0x10, 0x4b, 0x18,
    0xf2, 0x0f, 0x5f, 0xc6, 0xf2, 0x0f, 0x10, 0x77, 0x20, 0xf2, 0x0f, 0x59,
    0x47, 0x28, 0xf2, 0x41, 0x0f, 0x59, 0xf0, 0xf2, 0x0f, 0x5c, 0x4b, 0x08,
    0xf2, 0x0f, 0x59, 0xc9, 0xf2, 0x0f, 0x5f, 0xc6, 0x66, 0x0f, 0x28, 0xf0,
    0xf2, 0x0f, 0x10, 0x47, 0x40, 0xf2, 0x0f, 0x5f, 0xc6, 0x66, 0x0f, 0x28,
    0xf0, 0xf2, 0x0f, 0x10, 0x43, 0x10, 0xf2, 0x0f, 0x5c, 0x03, 0xf2, 0x0f,
    0x59, 0xc0, 0xf2, 0x0f, 0x58, 0xc1, 0x66, 0x0f, 0x2e, 0xf8, 0xf2, 0x44,
    0x0f, 0x51, 0xc0, 0x76, 0x05, 0xe8, 0xae, 0x1b, 0x0d, 0x00, 0x66, 0x44,
    0x0f, 0x2e, 0xc6, 0x0f, 0x28, 0x7c, 0x24, 0x30, 0x0f, 0x28, 0x74, 0x24,
    0x20, 0x44, 0x0f, 0x28, 0x44, 0x24, 0x40, 0x0f, 0x97, 0xc0, 0x48, 0x83,
    0xc4, 0x50, 0x5b, 0x5e, 0x5f, 0xc3,
};

// 0x62fe20  270 bytes  libm sqrt: the C library square root, identified in round 356 from its own error path (the name string "sqrt" at rva 0xA06820, EDOM=0x21 stored through the errno helper 0x63F4D8, then an __math_invalid-shaped call). Its 89 callers are geometry code taking lengths; round 340 read it as a classification guard, which this corrects
// status: comment_only  -- call to 0x63F4D8 outside the block; call to 0x63FA50 outside the block
// sha256: 92ba45ca52d125e32af5d8f222dee28c09d4134141b999a3588aff4c0d76180f
alignas(16) const unsigned char kBytes_62fe20[270] = {
    0x48, 0x83, 0xec, 0x58, 0xf2, 0x0f, 0x11, 0x44, 0x24, 0x48, 0x8b, 0x44,
    0x24, 0x4c, 0x89, 0xc2, 0x25, 0x00, 0x00, 0xf0, 0x7f, 0x81, 0xe2, 0xff,
    0xff, 0x0f, 0x00, 0x0b, 0x54, 0x24, 0x48, 0x89, 0xd1, 0x09, 0xc1, 0x74,
    0x40, 0x85, 0xc0, 0x75, 0x67, 0x66, 0x48, 0x0f, 0x7e, 0xc0, 0x48, 0xc1,
    0xe8, 0x20, 0x85, 0xc0, 0x78, 0x6e, 0xf2, 0x0f, 0x10, 0x0d, 0xda, 0x69,
    0x3d, 0x00, 0x66, 0x0f, 0x2e, 0xc1, 0x7a, 0x02, 0x74, 0x16, 0xf2, 0x0f,
    0x11, 0x44, 0x24, 0x38, 0xdd, 0x44, 0x24, 0x38, 0xd9, 0xfa, 0xdd, 0x5c,
    0x24, 0x38, 0xf2, 0x0f, 0x10, 0x4c, 0x24, 0x38, 0x66, 0x0f, 0x28, 0xc1,
    0x48, 0x83, 0xc4, 0x58, 0xc3, 0xf2, 0x0f, 0x10, 0x0d, 0x9b, 0x69, 0x3d,
    0x00, 0x66, 0x48, 0x0f, 0x7e, 0xc0, 0x48, 0xc1, 0xe8, 0x20, 0x85, 0xc0,
    0x78, 0xe2, 0x66, 0x0f, 0xef, 0xc9, 0x66, 0x0f, 0x28, 0xc1, 0x48, 0x83,
    0xc4, 0x58, 0xc3, 0x66, 0x0f, 0x1f, 0x84, 0x00, 0x00, 0x00, 0x00, 0x00,
    0x3d, 0x00, 0x00, 0xf0, 0x7f, 0x74, 0x59, 0x66, 0x48, 0x0f, 0x7e, 0xc0,
    0x48, 0xc1, 0xe8, 0x20, 0x85, 0xc0, 0x79, 0x92, 0xf2, 0x0f, 0x11, 0x44,
    0x24, 0x38, 0xe8, 0x09, 0xf6, 0x00, 0x00, 0xf2, 0x0f, 0x10, 0x44, 0x24,
    0x38, 0xb9, 0x01, 0x00, 0x00, 0x00, 0x66, 0x0f, 0xef, 0xdb, 0xc7, 0x00,
    0x21, 0x00, 0x00, 0x00, 0x48, 0x8d, 0x15, 0x35, 0x69, 0x3d, 0x00, 0xf2,
    0x0f, 0x11, 0x44, 0x24, 0x20, 0x66, 0x0f, 0x28, 0xd0, 0xe8, 0x56, 0xfb,
    0x00, 0x00, 0xf2, 0x0f, 0x10, 0x44, 0x24, 0x38, 0x66, 0x0f, 0x28, 0xc8,
    0x66, 0x0f, 0x28, 0xc1, 0x48, 0x83, 0xc4, 0x58, 0xc3, 0x0f, 0x1f, 0x00,
    0x85, 0xd2, 0x75, 0xb0, 0x66, 0x48, 0x0f, 0x7e, 0xc0, 0x48, 0xc1, 0xe8,
    0x20, 0x85, 0xc0, 0x78, 0xa3, 0xf2, 0x0f, 0x10, 0x0d, 0x07, 0x69, 0x3d,
    0x00, 0xe9, 0x4e, 0xff, 0xff, 0xff,
};

// 0x50fd40  270 bytes  accumulator over a range of 312-byte elements
// status: callable_relocated  -- block at 0x50fd84 -> lcns_orig_5c8a10; block at 0x50fd98 -> lcns_orig_51d2f0; block at 0x50fda0 -> lcns_orig_4f8370; block at 0x50fdb3 -> lcns_orig_51d2f0; block at 0x50fdbb -> lcns_orig_4f8380; block at 0x50fdd2 -> lcns_orig_5c8a10; block at 0x50fe1d -> lcns_orig_5c8a10
// sha256: 0bd76831f963660517c123629b68239771edc3f74587a380dcef90d1893c1a7b
alignas(16) const unsigned char kBytes_50fd40[270] = {
    0x55, 0x57, 0x56, 0x53, 0x48, 0x83, 0xec, 0x58, 0x0f, 0x29, 0x74, 0x24,
    0x30, 0x0f, 0x29, 0x7c, 0x24, 0x40, 0x66, 0x0f, 0xef, 0xff, 0x66, 0x0f,
    0xef, 0xc0, 0x48, 0x8d, 0x7c, 0x24, 0x20, 0x48, 0x89, 0xd3, 0xc6, 0x01,
    0x01, 0x48, 0x89, 0xce, 0xf2, 0x0f, 0x11, 0x79, 0x08, 0x48, 0x89, 0xfa,
    0xf2, 0x0f, 0x11, 0x79, 0x10, 0xf2, 0x0f, 0x11, 0x79, 0x18, 0xf2, 0x0f,
    0x11, 0x79, 0x20, 0x0f, 0x29, 0x44, 0x24, 0x20, 0xe8, 0x87, 0x8c, 0x0b,
    0x00, 0x48, 0x8b, 0x6b, 0x08, 0x48, 0x8b, 0x1b, 0x48, 0x39, 0xeb, 0x74,
    0x47, 0x48, 0x89, 0xd9, 0xe8, 0x53, 0xd5, 0x00, 0x00, 0x48, 0x89, 0xc1,
    0xe8, 0xcb, 0x85, 0xfe, 0xff, 0x48, 0x89, 0xd9, 0x48, 0x81, 0xc3, 0x38,
    0x01, 0x00, 0x00, 0x66, 0x0f, 0x28, 0xf0, 0xe8, 0x38, 0xd5, 0x00, 0x00,
    0x48, 0x89, 0xc1, 0xe8, 0xc0, 0x85, 0xfe, 0xff, 0x48, 0x89, 0xfa, 0x48,
    0x89, 0xf1, 0xf2, 0x0f, 0x11, 0x74, 0x24, 0x20, 0xf2, 0x0f, 0x11, 0x44,
    0x24, 0x28, 0xe8, 0x39, 0x8c, 0x0b, 0x00, 0x48, 0x39, 0xdd, 0x75, 0xb9,
    0x80, 0x3e, 0x00, 0x66, 0x0f, 0x28, 0xc7, 0x75, 0x26, 0xf2, 0x0f, 0x10,
    0x4e, 0x20, 0xf2, 0x0f, 0x10, 0x46, 0x18, 0xf2, 0x0f, 0x5c, 0x4e, 0x10,
    0xf2, 0x0f, 0x5c, 0x46, 0x08, 0x66, 0x0f, 0x2e, 0xc1, 0x76, 0x41, 0xf2,
    0x0f, 0x59, 0xf9, 0xf2, 0x0f, 0x58, 0xc7, 0xf2, 0x0f, 0x58, 0xf9, 0x48,
    0x89, 0xfa, 0x48, 0x89, 0xf1, 0xf2, 0x0f, 0x11, 0x7c, 0x24, 0x28, 0xf2,
    0x0f, 0x11, 0x44, 0x24, 0x20, 0xe8, 0xee, 0x8b, 0x0b, 0x00, 0x90, 0x0f,
    0x28, 0x74, 0x24, 0x30, 0x48, 0x89, 0xf0, 0x0f, 0x28, 0x7c, 0x24, 0x40,
    0x48, 0x83, 0xc4, 0x58, 0x5b, 0x5e, 0x5f, 0x5d, 0xc3, 0x0f, 0x1f, 0x80,
    0x00, 0x00, 0x00, 0x00, 0xf2, 0x0f, 0x59, 0xf8, 0xf2, 0x0f, 0x58, 0xc7,
    0xf2, 0x0f, 0x58, 0xf9, 0xeb, 0xbd,
};

// 0x5f4310  35 bytes  three-field constructor helper reached from 0x524EE0; calls 0x5F3900
// status: comment_only  -- call to 0x5F3900 outside the block
// sha256: 03176c354b155e09b6f47131243c43fdd8870b51b782c12f2be4f611fce1aa59
alignas(16) const unsigned char kBytes_5f4310[35] = {
    0x56, 0x53, 0x48, 0x83, 0xec, 0x28, 0x48, 0x89, 0xcb, 0x48, 0x89, 0x11,
    0x44, 0x89, 0xc6, 0x48, 0x8d, 0x49, 0x08, 0xe8, 0xd8, 0xf5, 0xff, 0xff,
    0x40, 0x88, 0x73, 0x10, 0x48, 0x83, 0xc4, 0x28, 0x5b, 0x5e, 0xc3,
};

// 0x520440  479 bytes  479 bytes, 55 callers, reached from 0x524EE0
// status: comment_only  -- call to 0x60A620 outside the block; call to 0x62F280 outside the block; call to 0x910BA0 outside the block; call to 0x9984B0 outside the block
// sha256: 861082eb3669a2b24512a1ff5a7d8b32f02136dbaebe460a5d62a5ebddff9526
alignas(16) const unsigned char kBytes_520440[479] = {
    0x55, 0x57, 0x56, 0x53, 0x48, 0x81, 0xec, 0x98, 0x00, 0x00, 0x00, 0x48,
    0x8b, 0x41, 0x48, 0x48, 0x85, 0xc0, 0x48, 0x89, 0xcb, 0x74, 0x0c, 0x48,
    0x81, 0xc4, 0x98, 0x00, 0x00, 0x00, 0x5b, 0x5e, 0x5f, 0x5d, 0xc3, 0x48,
    0x8d, 0x74, 0x24, 0x70, 0x45, 0x31, 0xc0, 0x48, 0xc7, 0x44, 0x24, 0x50,
    0x1c, 0x00, 0x00, 0x00, 0x48, 0x8d, 0x7c, 0x24, 0x50, 0x48, 0x89, 0xf1,
    0x48, 0x8d, 0x46, 0x10, 0x48, 0x89, 0xfa, 0x48, 0x89, 0x44, 0x24, 0x70,
    0x48, 0x8d, 0x6c, 0x24, 0x30, 0xe8, 0x0e, 0x07, 0x3f, 0x00, 0x48, 0x8b,
    0x54, 0x24, 0x50, 0x45, 0x31, 0xc0, 0x48, 0x89, 0xe9, 0x48, 0x89, 0x44,
    0x24, 0x70, 0xc7, 0x40, 0x18, 0x6e, 0x67, 0x2e, 0x22, 0x48, 0x89, 0x94,
    0x24, 0x80, 0x00, 0x00, 0x00, 0x48, 0xba, 0x6d, 0x5f, 0x70, 0x61, 0x72,
    0x74, 0x20, 0x26, 0x48, 0x89, 0x10, 0x48, 0xba, 0x26, 0x20, 0x22, 0x75,
    0x6e, 0x62, 0x6f, 0x75, 0x48, 0x89, 0x50, 0x08, 0x48, 0xba, 0x6e, 0x64,
    0x20, 0x6e, 0x65, 0x73, 0x74, 0x69, 0x48, 0x89, 0x50, 0x10, 0x48, 0x8b,
    0x54, 0x24, 0x70, 0x48, 0x8b, 0x44, 0x24, 0x50, 0x48, 0x89, 0x44, 0x24,
    0x78, 0xc6, 0x04, 0x02, 0x00, 0x48, 0x8d, 0x47, 0x10, 0x48, 0x89, 0x44,
    0x24, 0x50, 0x48, 0x8d, 0x54, 0x24, 0x28, 0x48, 0x8d, 0x45, 0x10, 0xc7,
    0x44, 0x24, 0x60, 0x70, 0x61, 0x72, 0x74, 0x48, 0xc7, 0x44, 0x24, 0x58,
    0x04, 0x00, 0x00, 0x00, 0xc6, 0x44, 0x24, 0x64, 0x00, 0x48, 0x89, 0x44,
    0x24, 0x30, 0x48, 0xc7, 0x44, 0x24, 0x28, 0x1c, 0x00, 0x00, 0x00, 0xe8,
    0x78, 0x06, 0x3f, 0x00, 0x48, 0x8b, 0x54, 0x24, 0x28, 0x48, 0x89, 0x44,
    0x24, 0x30, 0x49, 0x89, 0xf1, 0x49, 0x89, 0xf8, 0xc7, 0x40, 0x18, 0x2e,
    0x63, 0x70, 0x70, 0x48, 0x89, 0xe9, 0x48, 0x89, 0x54, 0x24, 0x40, 0x48,
    0xba, 0x2e, 0x2e, 0x5c, 0x73, 0x74, 0x72, 0x75, 0x63, 0x48, 0x89, 0x10,
    0x48, 0xba, 0x74, 0x75, 0x72, 0x65, 0x5c, 0x6e, 0x65, 0x73, 0x48, 0x89,
    0x50, 0x08, 0x48, 0xba, 0x74, 0x65, 0x64, 0x5f, 0x70, 0x61, 0x72, 0x74,
    0x48, 0x89, 0x50, 0x10, 0x48, 0x8b, 0x44, 0x24, 0x28, 0x48, 0x8b, 0x54,
    0x24, 0x30, 0x48, 0x89, 0x44, 0x24, 0x38, 0xc6, 0x04, 0x02, 0x00, 0xba,
    0x4f, 0x00, 0x00, 0x00, 0xe8, 0x93, 0xa0, 0x0e, 0x00, 0x48, 0x8b, 0x4c,
    0x24, 0x30, 0x48, 0x83, 0xc5, 0x10, 0x48, 0x39, 0xe9, 0x74, 0x05, 0xe8,
    0x10, 0x7f, 0x47, 0x00, 0x48, 0x8b, 0x4c, 0x24, 0x50, 0x48, 0x83, 0xc7,
    0x10, 0x48, 0x39, 0xf9, 0x74, 0x05, 0xe8, 0xfd, 0x7e, 0x47, 0x00, 0x48,
    0x8b, 0x4c, 0x24, 0x70, 0x48, 0x83, 0xc6, 0x10, 0x48, 0x39, 0xf1, 0x74,
    0x05, 0xe8, 0xea, 0x7e, 0x47, 0x00, 0x48, 0x8b, 0x43, 0x48, 0x48, 0x81,
    0xc4, 0x98, 0x00, 0x00, 0x00, 0x5b, 0x5e, 0x5f, 0x5d, 0xc3, 0x48, 0x89,
    0xc3, 0x48, 0x8b, 0x4c, 0x24, 0x50, 0x48, 0x83, 0xc7, 0x10, 0x48, 0x39,
    0xf9, 0x74, 0x05, 0xe8, 0xc4, 0x7e, 0x47, 0x00, 0x48, 0x8b, 0x4c, 0x24,
    0x70, 0x48, 0x83, 0xc6, 0x10, 0x48, 0x39, 0xf1, 0x74, 0x05, 0xe8, 0xb1,
    0x7e, 0x47, 0x00, 0x48, 0x89, 0xd9, 0xe8, 0x79, 0xec, 0x10, 0x00, 0x48,
    0x8b, 0x4c, 0x24, 0x30, 0x48, 0x83, 0xc5, 0x10, 0x48, 0x89, 0xc3, 0x48,
    0x39, 0xe9, 0x74, 0xc1, 0xe8, 0x93, 0x7e, 0x47, 0x00, 0xeb, 0xba,
};

// 0x5203c0  4 bytes  four-byte accessor: mov eax, dword ptr [rcx + 0x20]; 20 callers
// status: callable
// sha256: 07ad3a50b1c271e07fb57fb47d2f0e77f3342d41bfa410990cb1320a45035fb2
alignas(16) const unsigned char kBytes_5203c0[4] = {
    0x8b, 0x41, 0x20, 0xc3,
};

// 0x4f73e0  530 bytes  530 bytes, 12 callers, reached from 0x524EE0
// status: comment_only  -- call to 0x60A620 outside the block; call to 0x62F280 outside the block; call to 0x910BA0 outside the block; call to 0x9984B0 outside the block
// sha256: f8e3d9c89e45734f1f161ca140ef47fd15db46dd433f1c8d02261c196efc11aa
alignas(16) const unsigned char kBytes_4f73e0[530] = {
    0x41, 0x54, 0x55, 0x57, 0x56, 0x53, 0x48, 0x81, 0xec, 0x90, 0x00, 0x00,
    0x00, 0x48, 0x8b, 0x41, 0x78, 0x89, 0xd3, 0x48, 0x8b, 0x51, 0x70, 0x48,
    0x89, 0xce, 0x48, 0xb9, 0x13, 0xda, 0x4b, 0x68, 0x2f, 0xa1, 0xbd, 0x84,
    0x48, 0x29, 0xd0, 0x48, 0xc1, 0xf8, 0x03, 0x48, 0x0f, 0xaf, 0xc1, 0x48,
    0x39, 0xc3, 0x73, 0x1c, 0x48, 0x8d, 0x04, 0x5b, 0x48, 0x8d, 0x04, 0xc0,
    0x48, 0x8d, 0x04, 0xc2, 0x48, 0x81, 0xc4, 0x90, 0x00, 0x00, 0x00, 0x5b,
    0x5e, 0x5f, 0x5d, 0x41, 0x5c, 0xc3, 0x66, 0x90, 0x48, 0x8d, 0x6c, 0x24,
    0x50, 0x45, 0x31, 0xc0, 0x48, 0xc7, 0x44, 0x24, 0x50, 0x1f, 0x00, 0x00,
    0x00, 0x48, 0x8d, 0x7c, 0x24, 0x70, 0x48, 0x89, 0xea, 0x48, 0x8d, 0x47,
    0x10, 0x48, 0x89, 0xf9, 0x48, 0x89, 0x44, 0x24, 0x70, 0x4c, 0x8d, 0x64,
    0x24, 0x30, 0xe8, 0x41, 0x97, 0x41, 0x00, 0x48, 0x8b, 0x54, 0x24, 0x50,
    0x45, 0x31, 0xc0, 0x48, 0xb9, 0x6d, 0x6f, 0x64, 0x75, 0x6c, 0x65, 0x5f,
    0x69, 0x48, 0x89, 0x44, 0x24, 0x70, 0xc7, 0x40, 0x18, 0x2e, 0x73, 0x69,
    0x7a, 0xc6, 0x40, 0x1e, 0x29, 0x48, 0x89, 0x94, 0x24, 0x80, 0x00, 0x00,
    0x00, 0xba, 0x65, 0x28, 0x00, 0x00, 0x48, 0x89, 0x08, 0x48, 0xb9, 0x6e,
    0x64, 0x65, 0x78, 0x20, 0x3c, 0x20, 0x6d, 0x48, 0x89, 0x48, 0x08, 0x48,
    0xb9, 0x5f, 0x6d, 0x6f, 0x64, 0x75, 0x6c, 0x65, 0x73, 0x48, 0x89, 0x48,
    0x10, 0xb9, 0x6c, 0x65, 0x00, 0x00, 0x66, 0x89, 0x50, 0x1c, 0x48, 0x8b,
    0x54, 0x24, 0x70, 0x48, 0x8b, 0x44, 0x24, 0x50, 0x48, 0x89, 0x44, 0x24,
    0x78, 0xc6, 0x04, 0x02, 0x00, 0x48, 0x8d, 0x45, 0x10, 0x48, 0x89, 0x44,
    0x24, 0x50, 0x48, 0x8d, 0x54, 0x24, 0x28, 0xc7, 0x44, 0x24, 0x60, 0x6d,
    0x6f, 0x64, 0x75, 0x49, 0x8d, 0x44, 0x24, 0x10, 0x66, 0x89, 0x4d, 0x14,
    0x4c, 0x89, 0xe1, 0x48, 0xc7, 0x44, 0x24, 0x58, 0x06, 0x00, 0x00, 0x00,
    0xc6, 0x44, 0x24, 0x66, 0x00, 0x48, 0x89, 0x44, 0x24, 0x30, 0x48, 0xc7,
    0x44, 0x24, 0x28, 0x15, 0x00, 0x00, 0x00, 0xe8, 0x94, 0x96, 0x41, 0x00,
    0x48, 0x8b, 0x54, 0x24, 0x28, 0x48, 0x89, 0x44, 0x24, 0x30, 0x49, 0x89,
    0xf9, 0x49, 0x89, 0xe8, 0x48, 0xb9, 0x2e, 0x2e, 0x5c, 0x73, 0x74, 0x72,
    0x75, 0x63, 0x48, 0x89, 0x54, 0x24, 0x40, 0x48, 0x89, 0x08, 0x48, 0x8b,
    0x54, 0x24, 0x30, 0x48, 0xb9, 0x74, 0x75, 0x72, 0x65, 0x5c, 0x70, 0x61,
    0x72, 0x48, 0x89, 0x48, 0x08, 0x4c, 0x89, 0xe1, 0xc7, 0x40, 0x10, 0x74,
    0x2e, 0x63, 0x70, 0xc6, 0x40, 0x14, 0x70, 0x48, 0x8b, 0x44, 0x24, 0x28,
    0x48, 0x89, 0x44, 0x24, 0x38, 0xc6, 0x04, 0x02, 0x00, 0xba, 0x9a, 0x00,
    0x00, 0x00, 0xe8, 0xb9, 0x30, 0x11, 0x00, 0x48, 0x8b, 0x4c, 0x24, 0x30,
    0x49, 0x83, 0xc4, 0x10, 0x4c, 0x39, 0xe1, 0x74, 0x05, 0xe8, 0x36, 0x0f,
    0x4a, 0x00, 0x48, 0x8b, 0x4c, 0x24, 0x50, 0x48, 0x83, 0xc5, 0x10, 0x48,
    0x39, 0xe9, 0x74, 0x05, 0xe8, 0x23, 0x0f, 0x4a, 0x00, 0x48, 0x8b, 0x4c,
    0x24, 0x70, 0x48, 0x83, 0xc7, 0x10, 0x48, 0x39, 0xf9, 0x74, 0x05, 0xe8,
    0x10, 0x0f, 0x4a, 0x00, 0x48, 0x8b, 0x56, 0x70, 0xe9, 0x6b, 0xfe, 0xff,
    0xff, 0x48, 0x89, 0xc3, 0x48, 0x8b, 0x4c, 0x24, 0x50, 0x48, 0x83, 0xc5,
    0x10, 0x48, 0x39, 0xe9, 0x74, 0x05, 0xe8, 0xf1, 0x0e, 0x4a, 0x00, 0x48,
    0x8b, 0x4c, 0x24, 0x70, 0x48, 0x83, 0xc7, 0x10, 0x48, 0x39, 0xf9, 0x74,
    0x05, 0xe8, 0xde, 0x0e, 0x4a, 0x00, 0x48, 0x89, 0xd9, 0xe8, 0xa6, 0x7c,
    0x13, 0x00, 0x48, 0x8b, 0x4c, 0x24, 0x30, 0x49, 0x83, 0xc4, 0x10, 0x48,
    0x89, 0xc3, 0x4c, 0x39, 0xe1, 0x74, 0xc1, 0xe8, 0xc0, 0x0e, 0x4a, 0x00,
    0xeb, 0xba,
};

// 0x547620  5 bytes  five-byte accessor: lea rax, [rcx + 0x18]; 4 callers
// status: callable
// sha256: 813b00f48d4cf0d99dea047ab4852415937c2c310855ec0ec2bda6184b705ba3
alignas(16) const unsigned char kBytes_547620[5] = {
    0x48, 0x8d, 0x41, 0x18, 0xc3,
};

// 0x5c6be0  65 bytes  65 bytes, 46 callers, reached from 0x524EE0
// status: comment_only  -- call to 0x62F280 outside the block; call to 0x8C4530 outside the block; call to 0x8C5090 outside the block
// sha256: 213123586aab2df6d4d2a81bb752ae4b7d48e0a3f6bfc973c8dffd23f7880374
alignas(16) const unsigned char kBytes_5c6be0[65] = {
    0x56, 0x53, 0x48, 0x83, 0xec, 0x28, 0x48, 0xc7, 0x01, 0x00, 0x00, 0x00,
    0x00, 0x48, 0x89, 0xcb, 0x48, 0xc7, 0x41, 0x08, 0x00, 0x00, 0x00, 0x00,
    0x48, 0xc7, 0x41, 0x10, 0x00, 0x00, 0x00, 0x00, 0xe8, 0x2b, 0xd9, 0x2f,
    0x00, 0x90, 0x48, 0x83, 0xc4, 0x28, 0x5b, 0x5e, 0xc3, 0x48, 0x89, 0xc6,
    0x48, 0x89, 0xd9, 0xe8, 0x78, 0xe4, 0x2f, 0x00, 0x48, 0x89, 0xf1, 0xe8,
    0x60, 0x86, 0x06, 0x00, 0x90,
};

// 0x5c8c50  255 bytes  merge two min/max boxes: if the source's flag byte is non-zero nothing happens, if the destination's is non-zero it is re-initialised from the source, otherwise the four doubles are min/max combined. 62 instructions, no calls, 56 callers -- the same box layout as 0x5C8A10, and a common step behind GetLength/GetHeight
// status: callable
// sha256: d8758387497387c58502f9d8e53a217c10e968dd78489723b318c27dcb816f92
alignas(16) const unsigned char kBytes_5c8c50[255] = {
    0x80, 0x3a, 0x00, 0x74, 0x0b, 0xc3, 0x66, 0x2e, 0x0f, 0x1f, 0x84, 0x00,
    0x00, 0x00, 0x00, 0x00, 0x80, 0x39, 0x00, 0x0f, 0x85, 0xa7, 0x00, 0x00,
    0x00, 0xf2, 0x0f, 0x10, 0x42, 0x08, 0xf2, 0x0f, 0x10, 0x49, 0x08, 0x66,
    0x0f, 0x2e, 0xc8, 0x76, 0x0f, 0xf2, 0x0f, 0x11, 0x41, 0x08, 0xf2, 0x0f,
    0x10, 0x42, 0x08, 0xf2, 0x0f, 0x10, 0x49, 0x08, 0x66, 0x0f, 0x2e, 0x41,
    0x18, 0x76, 0x05, 0xf2, 0x0f, 0x11, 0x41, 0x18, 0xf2, 0x0f, 0x10, 0x42,
    0x10, 0xf2, 0x0f, 0x10, 0x59, 0x10, 0x66, 0x0f, 0x2e, 0xd8, 0x76, 0x0e,
    0xf2, 0x0f, 0x11, 0x41, 0x10, 0x66, 0x0f, 0x28, 0xd8, 0xf2, 0x0f, 0x10,
    0x42, 0x10, 0xf2, 0x0f, 0x10, 0x51, 0x20, 0x66, 0x0f, 0x2e, 0xc2, 0x76,
    0x09, 0xf2, 0x0f, 0x11, 0x41, 0x20, 0x66, 0x0f, 0x28, 0xd0, 0xf2, 0x0f,
    0x10, 0x42, 0x18, 0x66, 0x0f, 0x2e, 0xc8, 0x76, 0x0a, 0xf2, 0x0f, 0x11,
    0x41, 0x08, 0xf2, 0x0f, 0x10, 0x42, 0x18, 0x66, 0x0f, 0x2e, 0x41, 0x18,
    0x76, 0x05, 0xf2, 0x0f, 0x11, 0x41, 0x18, 0xf2, 0x0f, 0x10, 0x42, 0x20,
    0x66, 0x0f, 0x2e, 0xd8, 0x76, 0x0a, 0xf2, 0x0f, 0x11, 0x41, 0x10, 0xf2,
    0x0f, 0x10, 0x42, 0x20, 0x66, 0x0f, 0x2e, 0xc2, 0x0f, 0x86, 0x4f, 0xff,
    0xff, 0xff, 0xf2, 0x0f, 0x11, 0x41, 0x20, 0xc3, 0x0f, 0x1f, 0x40, 0x00,
    0x4c, 0x8b, 0x4a, 0x08, 0xc6, 0x01, 0x00, 0x4c, 0x8b, 0x52, 0x10, 0x4c,
    0x89, 0x49, 0x08, 0xf2, 0x0f, 0x10, 0x49, 0x08, 0x4c, 0x89, 0x51, 0x10,
    0x4c, 0x8b, 0x4a, 0x08, 0x4c, 0x8b, 0x52, 0x10, 0xf2, 0x0f, 0x10, 0x59,
    0x10, 0x4c, 0x89, 0x49, 0x18, 0x4c, 0x89, 0x51, 0x20, 0xf2, 0x0f, 0x10,
    0x42, 0x18, 0xf2, 0x0f, 0x10, 0x51, 0x20, 0x66, 0x0f, 0x2e, 0xc8, 0x77,
    0x84, 0xeb, 0x8c,
};

// 0x524ee0  1054 bytes  the subsystem behind GetLength's loop: 1054 bytes, 241 instructions, 12 calls and a RIP-relative table at 0x5FDE74. Read in round 376; embedded so the assembly is in the project while it stays unimplemented
// status: comment_only  -- call to 0x4F73E0 outside the block; call to 0x5203D0 outside the block; call to 0x5203F0 outside the block; call to 0x520440 outside the block (+10 more)
// sha256: 6df109ae7e8553a19cc645051fe3f2341bcb74d41e4b2f9a2afb36e62172d070
alignas(16) const unsigned char kBytes_524ee0[1054] = {
    0x41, 0x55, 0x41, 0x54, 0x55, 0x57, 0x56, 0x53, 0x48, 0x81, 0xec, 0x08,
    0x01, 0x00, 0x00, 0x0f, 0x29, 0xbc, 0x24, 0xf0, 0x00, 0x00, 0x00, 0x45,
    0x31, 0xc0, 0x48, 0x8d, 0x7c, 0x24, 0x50, 0x49, 0x89, 0xd4, 0x48, 0x89,
    0xcd, 0x48, 0x8d, 0x15, 0x74, 0xde, 0x5f, 0x00, 0x48, 0x89, 0xf9, 0xe8,
    0xfc, 0xf3, 0x0c, 0x00, 0x4c, 0x89, 0xe1, 0xe8, 0x24, 0xb5, 0xff, 0xff,
    0x48, 0x85, 0xc0, 0x0f, 0x84, 0x92, 0x01, 0x00, 0x00, 0x4c, 0x89, 0xe1,
    0xe8, 0x93, 0xb4, 0xff, 0xff, 0x4c, 0x89, 0xe1, 0x89, 0xc3, 0xe8, 0x09,
    0xb5, 0xff, 0xff, 0x89, 0xda, 0x48, 0x89, 0xc1, 0xe8, 0x9f, 0x24, 0xfd,
    0xff, 0x48, 0x89, 0xc1, 0xe8, 0xd7, 0x26, 0x02, 0x00, 0x4c, 0x8d, 0x6c,
    0x24, 0x70, 0x48, 0x89, 0xc2, 0x4c, 0x89, 0xe9, 0xe8, 0x87, 0x1c, 0x0a,
    0x00, 0x48, 0x8d, 0x4c, 0x24, 0x30, 0x4c, 0x89, 0xe2, 0xe8, 0x6a, 0xb4,
    0xff, 0xff, 0x48, 0x8d, 0x9c, 0x24, 0xd0, 0x00, 0x00, 0x00, 0x4c, 0x89,
    0xe2, 0xf3, 0x0f, 0x6f, 0x7c, 0x24, 0x30, 0x48, 0x89, 0xd9, 0xe8, 0x71,
    0xb4, 0xff, 0xff, 0x4c, 0x8d, 0x4c, 0x24, 0x20, 0x49, 0x89, 0xd8, 0x4c,
    0x89, 0xea, 0x0f, 0x29, 0x7c, 0x24, 0x20, 0x48, 0x8d, 0xb4, 0x24, 0xb0,
    0x00, 0x00, 0x00, 0x48, 0x89, 0xf1, 0xe8, 0x01, 0xef, 0x0a, 0x00, 0x48,
    0x89, 0xf2, 0x48, 0x89, 0xe9, 0xe8, 0x56, 0x88, 0x0a, 0x00, 0x4c, 0x8b,
    0xac, 0x24, 0xb8, 0x00, 0x00, 0x00, 0x4c, 0x8b, 0xa4, 0x24, 0xb0, 0x00,
    0x00, 0x00, 0x4d, 0x39, 0xe5, 0x74, 0x58, 0x90, 0x49, 0x8b, 0x74, 0x24,
    0x20, 0x49, 0x8b, 0x5c, 0x24, 0x18, 0x48, 0x39, 0xde, 0x74, 0x1c, 0x90,
    0x48, 0x8b, 0x0b, 0x48, 0x85, 0xc9, 0x74, 0x05, 0xe8, 0xd3, 0x34, 0x47,
    0x00, 0x48, 0x83, 0xc3, 0x18, 0x48, 0x39, 0xde, 0x75, 0xea, 0x49, 0x8b,
    0x5c, 0x24, 0x18, 0x48, 0x85, 0xdb, 0x74, 0x08, 0x48, 0x89, 0xd9, 0xe8,
    0xb8, 0x34, 0x47, 0x00, 0x49, 0x8b, 0x0c, 0x24, 0x48, 0x85, 0xc9, 0x74,
    0x05, 0xe8, 0xaa, 0x34, 0x47, 0x00, 0x49, 0x83, 0xc4, 0x30, 0x4d, 0x39,
    0xe5, 0x75, 0xb1, 0x4c, 0x8b, 0xa4, 0x24, 0xb0, 0x00, 0x00, 0x00, 0x4d,
    0x85, 0xe4, 0x74, 0x08, 0x4c, 0x89, 0xe1, 0xe8, 0x8c, 0x34, 0x47, 0x00,
    0x4c, 0x8b, 0x6c, 0x24, 0x78, 0x4c, 0x8b, 0x64, 0x24, 0x70, 0x4d, 0x39,
    0xe5, 0x74, 0x53, 0x49, 0x8b, 0x74, 0x24, 0x20, 0x49, 0x8b, 0x5c, 0x24,
    0x18, 0x48, 0x39, 0xde, 0x74, 0x1b, 0x48, 0x8b, 0x0b, 0x48, 0x85, 0xc9,
    0x74, 0x05, 0xe8, 0x61, 0x34, 0x47, 0x00, 0x48, 0x83, 0xc3, 0x18, 0x48,
    0x39, 0xde, 0x75, 0xea, 0x49, 0x8b, 0x5c, 0x24, 0x18, 0x48, 0x85, 0xdb,
    0x74, 0x08, 0x48, 0x89, 0xd9, 0xe8, 0x46, 0x34, 0x47, 0x00, 0x49, 0x8b,
    0x0c, 0x24, 0x48, 0x85, 0xc9, 0x74, 0x05, 0xe8, 0x38, 0x34, 0x47, 0x00,
    0x49, 0x83, 0xc4, 0x30, 0x4d, 0x39, 0xe5, 0x75, 0xb2, 0x4c, 0x8b, 0x64,
    0x24, 0x70, 0x4d, 0x85, 0xe4, 0x74, 0x08, 0x4c, 0x89, 0xe1, 0xe8, 0x1d,
    0x34, 0x47, 0x00, 0x48, 0x89, 0xf9, 0xe8, 0xa5, 0xf2, 0x0c, 0x00, 0x90,
    0x0f, 0x28, 0xbc, 0x24, 0xf0, 0x00, 0x00, 0x00, 0x48, 0x89, 0xe8, 0x48,
    0x81, 0xc4, 0x08, 0x01, 0x00, 0x00, 0x5b, 0x5e, 0x5f, 0x5d, 0x41, 0x5c,
    0x41, 0x5d, 0xc3, 0x48, 0x8d, 0x9c, 0x24, 0xd0, 0x00, 0x00, 0x00, 0x45,
    0x31, 0xc0, 0x48, 0xc7, 0x44, 0x24, 0x40, 0x28, 0x00, 0x00, 0x00, 0x48,
    0x8d, 0x43, 0x10, 0x48, 0x89, 0xd9, 0x48, 0x8d, 0x54, 0x24, 0x40, 0x48,
    0x89, 0x84, 0x24, 0xd0, 0x00, 0x00, 0x00, 0xe8, 0xbc, 0xba, 0x3e, 0x00,
    0x48, 0x8b, 0x54, 0x24, 0x40, 0x48, 0x89, 0x84, 0x24, 0xd0, 0x00, 0x00,
    0x00, 0x45, 0x31, 0xc0, 0x48, 0x8d, 0xb4, 0x24, 0xb0, 0x00, 0x00, 0x00,
    0x4c, 0x8d, 0xac, 0x24, 0x90, 0x00, 0x00, 0x00, 0x4c, 0x89, 0xe9, 0x48,
    0x89, 0x94, 0x24, 0xe0, 0x00, 0x00, 0x00, 0x48, 0xba, 0x6e, 0x65, 0x73,
    0x74, 0x65, 0x64, 0x5f, 0x70, 0x48, 0x89, 0x10, 0x48, 0xba, 0x61, 0x72,
    0x74, 0x2e, 0x70, 0x61, 0x72, 0x74, 0x48, 0x89, 0x50, 0x08, 0x48, 0xba,
    0x28, 0x29, 0x20, 0x26, 0x26, 0x20, 0x22, 0x75, 0x48, 0x89, 0x50, 0x10,
    0x48, 0xba, 0x6e, 0x62, 0x6f, 0x75, 0x6e, 0x64, 0x20, 0x6e, 0x48, 0x89,
    0x50, 0x18, 0x48, 0xba, 0x65, 0x73, 0x74, 0x69, 0x6e, 0x67, 0x2e, 0x22,
    0x48, 0x89, 0x50, 0x20, 0x48, 0x8b, 0x44, 0x24, 0x40, 0x48, 0x8b, 0x94,
    0x24, 0xd0, 0x00, 0x00, 0x00, 0x48, 0x89, 0x84, 0x24, 0xd8, 0x00, 0x00,
    0x00, 0xc6, 0x04, 0x02, 0x00, 0x48, 0x8d, 0x46, 0x10, 0x48, 0xba, 0x42,
    0x6f, 0x75, 0x6e, 0x64, 0x69, 0x6e, 0x67, 0x48, 0x89, 0x84, 0x24, 0xb0,
    0x00, 0x00, 0x00, 0xb8, 0x42, 0x6f, 0x00, 0x00, 0x48, 0x89, 0x94, 0x24,
    0xc0, 0x00, 0x00, 0x00, 0x48, 0x8d, 0x54, 0x24, 0x48, 0x66, 0x89, 0x46,
    0x18, 0x49, 0x8d, 0x45, 0x10, 0xc6, 0x46, 0x1a, 0x78, 0x48, 0x89, 0x84,
    0x24, 0x90, 0x00, 0x00, 0x00, 0x48, 0xc7, 0x84, 0x24, 0xb8, 0x00, 0x00,
    0x00, 0x0b, 0x00, 0x00, 0x00, 0xc6, 0x84, 0x24, 0xcb, 0x00, 0x00, 0x00,
    0x00, 0x48, 0xc7, 0x44, 0x24, 0x48, 0x16, 0x00, 0x00, 0x00, 0xe8, 0xd5,
    0xb9, 0x3e, 0x00, 0x48, 0x8b, 0x54, 0x24, 0x48, 0x49, 0x89, 0xd9, 0x49,
    0x89, 0xf0, 0x4c, 0x89, 0xe9, 0x48, 0x89, 0x84, 0x24, 0x90, 0x00, 0x00,
    0x00, 0x48, 0x89, 0x94, 0x24, 0xa0, 0x00, 0x00, 0x00, 0x48, 0xba, 0x2e,
    0x2e, 0x5c, 0x73, 0x74, 0x72, 0x75, 0x63, 0x48, 0x89, 0x10, 0x48, 0xba,
    0x74, 0x75, 0x72, 0x65, 0x5c, 0x73, 0x74, 0x61, 0x48, 0x89, 0x50, 0x08,
    0xba, 0x70, 0x70, 0x00, 0x00, 0x66, 0x89, 0x50, 0x14, 0x48, 0x8b, 0x94,
    0x24, 0x90, 0x00, 0x00, 0x00, 0xc7, 0x40, 0x10, 0x74, 0x73, 0x2e, 0x63,
    0x48, 0x8b, 0x44, 0x24, 0x48, 0x48, 0x89, 0x84, 0x24, 0x98, 0x00, 0x00,
    0x00, 0xc6, 0x04, 0x02, 0x00, 0xba, 0x5a, 0x00, 0x00, 0x00, 0xe8, 0xe9,
    0x53, 0x0e, 0x00, 0x48, 0x8b, 0x8c, 0x24, 0x90, 0x00, 0x00, 0x00, 0x49,
    0x83, 0xc5, 0x10, 0x4c, 0x39, 0xe9, 0x74, 0x05, 0xe8, 0x63, 0x32, 0x47,
    0x00, 0x48, 0x8b, 0x8c, 0x24, 0xb0, 0x00, 0x00, 0x00, 0x48, 0x83, 0xc6,
    0x10, 0x48, 0x39, 0xf1, 0x74, 0x05, 0xe8, 0x4d, 0x32, 0x47, 0x00, 0x48,
    0x8b, 0x8c, 0x24, 0xd0, 0x00, 0x00, 0x00, 0x48, 0x83, 0xc3, 0x10, 0x48,
    0x39, 0xd9, 0x0f, 0x84, 0xad, 0xfc, 0xff, 0xff, 0xe8, 0x33, 0x32, 0x47,
    0x00, 0xe9, 0xa3, 0xfc, 0xff, 0xff, 0x48, 0x8b, 0x8c, 0x24, 0x90, 0x00,
    0x00, 0x00, 0x49, 0x83, 0xc5, 0x10, 0x48, 0x89, 0xc5, 0x4c, 0x39, 0xe9,
    0x74, 0x05, 0xe8, 0x15, 0x32, 0x47, 0x00, 0x48, 0x8b, 0x8c, 0x24, 0xb0,
    0x00, 0x00, 0x00, 0x48, 0x83, 0xc6, 0x10, 0x48, 0x39, 0xf1, 0x74, 0x05,
    0xe8, 0xff, 0x31, 0x47, 0x00, 0x48, 0x8b, 0x8c, 0x24, 0xd0, 0x00, 0x00,
    0x00, 0x48, 0x83, 0xc3, 0x10, 0x48, 0x39, 0xd9, 0x74, 0x05, 0xe8, 0xe9,
    0x31, 0x47, 0x00, 0x48, 0x89, 0xeb, 0x48, 0x89, 0xf9, 0xe8, 0x6e, 0xf0,
    0x0c, 0x00, 0x48, 0x89, 0xd9, 0xe8, 0xa6, 0x9f, 0x10, 0x00, 0x48, 0x89,
    0xc5, 0xeb, 0xbc, 0x48, 0x89, 0xf1, 0x48, 0x89, 0xc3, 0xe8, 0xa6, 0xfd,
    0x39, 0x00, 0x4c, 0x89, 0xe9, 0xe8, 0x9e, 0xfd, 0x39, 0x00, 0xeb, 0xd6,
    0x48, 0x89, 0xc3, 0xeb, 0xf1, 0x48, 0x89, 0xc3, 0xeb, 0xcc,
};

// 0x4f9200  434 bytes  lazily initialised object: checks the byte at +0x100 and returns [rcx+0x108] when it is set, else constructs. 434 bytes, 97 instructions, 21 callers
// status: comment_only  -- call to 0x60A620 outside the block; call to 0x62F280 outside the block; call to 0x910BA0 outside the block; call to 0x9984B0 outside the block
// sha256: 89cf114a758b4030a61a1d50f61151cec0d40937f597316d35f22b6d83ab612a
alignas(16) const unsigned char kBytes_4f9200[434] = {
    0x55, 0x57, 0x56, 0x53, 0x48, 0x81, 0xec, 0x98, 0x00, 0x00, 0x00, 0x80,
    0xb9, 0x00, 0x01, 0x00, 0x00, 0x00, 0x48, 0x89, 0xcb, 0x74, 0x19, 0x48,
    0x8d, 0x83, 0x08, 0x01, 0x00, 0x00, 0x48, 0x81, 0xc4, 0x98, 0x00, 0x00,
    0x00, 0x5b, 0x5e, 0x5f, 0x5d, 0xc3, 0x66, 0x0f, 0x1f, 0x44, 0x00, 0x00,
    0x48, 0x8d, 0x7c, 0x24, 0x70, 0xb9, 0x74, 0x72, 0x00, 0x00, 0x45, 0x31,
    0xc0, 0x48, 0xc7, 0x44, 0x24, 0x78, 0x0f, 0x00, 0x00, 0x00, 0x48, 0x8d,
    0x47, 0x10, 0xc6, 0x44, 0x24, 0x68, 0x00, 0x48, 0xbe, 0x6d, 0x5f, 0x68,
    0x61, 0x76, 0x65, 0x5f, 0x67, 0x48, 0x8d, 0x6c, 0x24, 0x50, 0x48, 0x89,
    0x44, 0x24, 0x70, 0x48, 0x8d, 0x45, 0x10, 0x48, 0x89, 0xb4, 0x24, 0x80,
    0x00, 0x00, 0x00, 0x48, 0x89, 0x44, 0x24, 0x50, 0x48, 0x8d, 0x74, 0x24,
    0x30, 0x48, 0xb8, 0x67, 0x65, 0x6f, 0x6d, 0x65, 0x74, 0x72, 0x79, 0x66,
    0x89, 0x4f, 0x1c, 0x48, 0x8d, 0x54, 0x24, 0x28, 0x48, 0x89, 0xf1, 0xc7,
    0x47, 0x18, 0x65, 0x6f, 0x6d, 0x65, 0xc6, 0x47, 0x1e, 0x79, 0x48, 0x89,
    0x44, 0x24, 0x60, 0x48, 0x8d, 0x46, 0x10, 0xc6, 0x84, 0x24, 0x8f, 0x00,
    0x00, 0x00, 0x00, 0x48, 0xc7, 0x44, 0x24, 0x58, 0x08, 0x00, 0x00, 0x00,
    0x48, 0x89, 0x44, 0x24, 0x30, 0x48, 0xc7, 0x44, 0x24, 0x28, 0x16, 0x00,
    0x00, 0x00, 0xe8, 0xd9, 0x78, 0x41, 0x00, 0x48, 0x8b, 0x54, 0x24, 0x28,
    0x48, 0x89, 0x44, 0x24, 0x30, 0x49, 0x89, 0xf9, 0x49, 0x89, 0xe8, 0x48,
    0x89, 0xf1, 0x48, 0x89, 0x54, 0x24, 0x40, 0x48, 0xba, 0x2e, 0x2e, 0x5c,
    0x73, 0x74, 0x72, 0x75, 0x63, 0x48, 0x89, 0x10, 0x48, 0xba, 0x74, 0x75,
    0x72, 0x65, 0x5c, 0x73, 0x68, 0x65, 0x48, 0x89, 0x50, 0x08, 0xba, 0x70,
    0x70, 0x00, 0x00, 0x66, 0x89, 0x50, 0x14, 0x48, 0x8b, 0x54, 0x24, 0x30,
    0xc7, 0x40, 0x10, 0x65, 0x74, 0x2e, 0x63, 0x48, 0x8b, 0x44, 0x24, 0x28,
    0x48, 0x89, 0x44, 0x24, 0x38, 0xc6, 0x04, 0x02, 0x00, 0xba, 0x3b, 0x01,
    0x00, 0x00, 0xe8, 0xf9, 0x12, 0x11, 0x00, 0x48, 0x8b, 0x4c, 0x24, 0x30,
    0x48, 0x83, 0xc6, 0x10, 0x48, 0x39, 0xf1, 0x74, 0x05, 0xe8, 0x76, 0xf1,
    0x49, 0x00, 0x48, 0x8b, 0x4c, 0x24, 0x50, 0x48, 0x83, 0xc5, 0x10, 0x48,
    0x39, 0xe9, 0x74, 0x05, 0xe8, 0x63, 0xf1, 0x49, 0x00, 0x48, 0x8b, 0x4c,
    0x24, 0x70, 0x48, 0x83, 0xc7, 0x10, 0x48, 0x39, 0xf9, 0x0f, 0x84, 0xb8,
    0xfe, 0xff, 0xff, 0xe8, 0x4c, 0xf1, 0x49, 0x00, 0xe9, 0xae, 0xfe, 0xff,
    0xff, 0x48, 0x89, 0xc3, 0x48, 0x8b, 0x4c, 0x24, 0x50, 0x48, 0x83, 0xc5,
    0x10, 0x48, 0x39, 0xe9, 0x74, 0x05, 0xe8, 0x31, 0xf1, 0x49, 0x00, 0x48,
    0x8b, 0x4c, 0x24, 0x70, 0x48, 0x83, 0xc7, 0x10, 0x48, 0x39, 0xf9, 0x74,
    0x05, 0xe8, 0x1e, 0xf1, 0x49, 0x00, 0x48, 0x89, 0xd9, 0xe8, 0xe6, 0x5e,
    0x13, 0x00, 0x48, 0x8b, 0x4c, 0x24, 0x30, 0x48, 0x83, 0xc6, 0x10, 0x48,
    0x89, 0xc3, 0x48, 0x39, 0xf1, 0x74, 0xc1, 0xe8, 0x00, 0xf1, 0x49, 0x00,
    0xeb, 0xba,
};

// 0x5cd800  610 bytes  container construction that itself merges boxes through 0x5C8C50: 610 bytes, 145 instructions, 112 callers
// status: comment_only  -- call to 0x5C5260 outside the block; call to 0x5C5F30 outside the block; call to 0x5C61D0 outside the block; call to 0x5CD360 outside the block (+4 more)
// sha256: 07ad72bded390701cbc00ca615d0fd86eb1dccaec19277d433bf3810205c5761
alignas(16) const unsigned char kBytes_5cd800[610] = {
    0x41, 0x54, 0x55, 0x57, 0x56, 0x53, 0x48, 0x81, 0xec, 0xa0, 0x00, 0x00,
    0x00, 0x48, 0x89, 0xcf, 0x48, 0x89, 0xd1, 0x48, 0x89, 0xd3, 0xe8, 0xb5,
    0x89, 0xff, 0xff, 0x48, 0x8b, 0x70, 0x08, 0x48, 0x39, 0x30, 0x74, 0x7c,
    0x48, 0x8d, 0x74, 0x24, 0x70, 0x48, 0x89, 0xd9, 0xe8, 0x9f, 0x89, 0xff,
    0xff, 0x48, 0x8b, 0x08, 0xe8, 0xf7, 0x86, 0xff, 0xff, 0x48, 0x89, 0xc1,
    0xe8, 0x1f, 0x7a, 0xff, 0xff, 0x48, 0x89, 0xf9, 0x48, 0x89, 0xc2, 0xe8,
    0x14, 0xfb, 0xff, 0xff, 0x48, 0x89, 0xd9, 0xe8, 0x7c, 0x89, 0xff, 0xff,
    0x48, 0x8b, 0x68, 0x08, 0x48, 0x8b, 0x18, 0x48, 0x39, 0xeb, 0x74, 0x2f,
    0x48, 0x89, 0xd9, 0x48, 0x83, 0xc3, 0x30, 0xe8, 0xc4, 0x86, 0xff, 0xff,
    0x48, 0x89, 0xc1, 0xe8, 0xec, 0x79, 0xff, 0xff, 0x48, 0x89, 0xf1, 0x48,
    0x89, 0xc2, 0xe8, 0xe1, 0xfa, 0xff, 0xff, 0x48, 0x89, 0xf2, 0x48, 0x89,
    0xf9, 0xe8, 0xc6, 0xb3, 0xff, 0xff, 0x48, 0x39, 0xdd, 0x75, 0xd1, 0x48,
    0x89, 0xf8, 0x48, 0x81, 0xc4, 0xa0, 0x00, 0x00, 0x00, 0x5b, 0x5e, 0x5f,
    0x5d, 0x41, 0x5c, 0xc3, 0x48, 0x8d, 0x6c, 0x24, 0x50, 0x45, 0x31, 0xc0,
    0x48, 0xc7, 0x44, 0x24, 0x50, 0x19, 0x00, 0x00, 0x00, 0x48, 0x8d, 0x74,
    0x24, 0x70, 0x48, 0x89, 0xea, 0x48, 0x8d, 0x46, 0x10, 0x48, 0x89, 0xf1,
    0x48, 0x89, 0x44, 0x24, 0x70, 0x4c, 0x8d, 0x64, 0x24, 0x30, 0xe8, 0xd1,
    0x32, 0x34, 0x00, 0x48, 0x8b, 0x54, 0x24, 0x50, 0xb9, 0x42, 0x6f, 0x00,
    0x00, 0x45, 0x31, 0xc0, 0x48, 0x89, 0x44, 0x24, 0x70, 0x48, 0x89, 0x94,
    0x24, 0x80, 0x00, 0x00, 0x00, 0x48, 0xba, 0x21, 0x6d, 0x75, 0x6c, 0x74,
    0x69, 0x2e, 0x70, 0x48, 0x89, 0x10, 0x48, 0xba, 0x6f, 0x6c, 0x79, 0x67,
    0x6f, 0x6e, 0x73, 0x28, 0x48, 0x89, 0x50, 0x08, 0x48, 0xba, 0x29, 0x2e,
    0x65, 0x6d, 0x70, 0x74, 0x79, 0x28, 0x48, 0x89, 0x50, 0x10, 0xc6, 0x40,
    0x18, 0x29, 0x48, 0x8b, 0x44, 0x24, 0x50, 0x48, 0x8b, 0x54, 0x24, 0x70,
    0x48, 0x89, 0x44, 0x24, 0x78, 0xc6, 0x04, 0x02, 0x00, 0x48, 0x8d, 0x45,
    0x10, 0x48, 0xba, 0x42, 0x6f, 0x75, 0x6e, 0x64, 0x69, 0x6e, 0x67, 0x48,
    0x89, 0x44, 0x24, 0x50, 0x49, 0x8d, 0x44, 0x24, 0x10, 0x48, 0x89, 0x54,
    0x24, 0x60, 0x48, 0x8d, 0x54, 0x24, 0x28, 0x66, 0x89, 0x4d, 0x18, 0x4c,
    0x89, 0xe1, 0xc6, 0x45, 0x1a, 0x78, 0x48, 0x89, 0x44, 0x24, 0x30, 0x48,
    0xc7, 0x44, 0x24, 0x58, 0x0b, 0x00, 0x00, 0x00, 0xc6, 0x44, 0x24, 0x6b,
    0x00, 0x48, 0xc7, 0x44, 0x24, 0x28, 0x16, 0x00, 0x00, 0x00, 0xe8, 0x29,
    0x32, 0x34, 0x00, 0x48, 0x8b, 0x54, 0x24, 0x28, 0x48, 0x89, 0x44, 0x24,
    0x30, 0x49, 0x89, 0xf1, 0x49, 0x89, 0xe8, 0x4c, 0x89, 0xe1, 0x48, 0x89,
    0x54, 0x24, 0x40, 0x48, 0xba, 0x2e, 0x2e, 0x5c, 0x67, 0x65, 0x6f, 0x6d,
    0x5c, 0x48, 0x89, 0x10, 0x48, 0xba, 0x70, 0x72, 0x6f, 0x70, 0x65, 0x72,
    0x74, 0x69, 0x48, 0x89, 0x50, 0x08, 0xba, 0x70, 0x70, 0x00, 0x00, 0x66,
    0x89, 0x50, 0x14, 0x48, 0x8b, 0x54, 0x24, 0x30, 0xc7, 0x40, 0x10, 0x65,
    0x73, 0x2e, 0x63, 0x48, 0x8b, 0x44, 0x24, 0x28, 0x48, 0x89, 0x44, 0x24,
    0x38, 0xc6, 0x04, 0x02, 0x00, 0xba, 0x99, 0x00, 0x00, 0x00, 0xe8, 0x49,
    0xcc, 0x03, 0x00, 0x48, 0x8b, 0x4c, 0x24, 0x30, 0x49, 0x83, 0xc4, 0x10,
    0x4c, 0x39, 0xe1, 0x74, 0x05, 0xe8, 0xc6, 0xaa, 0x3c, 0x00, 0x48, 0x8b,
    0x4c, 0x24, 0x50, 0x48, 0x83, 0xc5, 0x10, 0x48, 0x39, 0xe9, 0x74, 0x05,
    0xe8, 0xb3, 0xaa, 0x3c, 0x00, 0x48, 0x8b, 0x4c, 0x24, 0x70, 0x48, 0x83,
    0xc6, 0x10, 0x48, 0x39, 0xf1, 0x0f, 0x84, 0x15, 0xfe, 0xff, 0xff, 0xe8,
    0x9c, 0xaa, 0x3c, 0x00, 0xe9, 0x0b, 0xfe, 0xff, 0xff, 0x48, 0x89, 0xc3,
    0x48, 0x8b, 0x4c, 0x24, 0x50, 0x48, 0x83, 0xc5, 0x10, 0x48, 0x39, 0xe9,
    0x74, 0x05, 0xe8, 0x81, 0xaa, 0x3c, 0x00, 0x48, 0x8b, 0x4c, 0x24, 0x70,
    0x48, 0x83, 0xc6, 0x10, 0x48, 0x39, 0xf1, 0x74, 0x05, 0xe8, 0x6e, 0xaa,
    0x3c, 0x00, 0x48, 0x89, 0xd9, 0xe8, 0x36, 0x18, 0x06, 0x00, 0x48, 0x8b,
    0x4c, 0x24, 0x30, 0x49, 0x83, 0xc4, 0x10, 0x48, 0x89, 0xc3, 0x4c, 0x39,
    0xe1, 0x74, 0xc1, 0xe8, 0x50, 0xaa, 0x3c, 0x00, 0xeb, 0xba,
};

// 0x5c8a10  114 bytes  the box accumulator it calls: init-or-extend a min/max box with one pair (flag at +0x00, then minX +0x08, minY +0x10, maxX +0x18, maxY +0x20); the flag means UNINITIALISED when non-zero, which is why the caller sets it to 1 before the loop and the first call clears it
// status: callable
// sha256: 11fd0141b88c0c13259995daf85e6f5fc382eb89ffd328c4a08f89464cee9e0c
alignas(16) const unsigned char kBytes_5c8a10[114] = {
    0x80, 0x39, 0x00, 0x75, 0x4b, 0xf2, 0x0f, 0x10, 0x02, 0xf2, 0x0f, 0x10,
    0x49, 0x08, 0x66, 0x0f, 0x2e, 0xc8, 0x76, 0x09, 0xf2, 0x0f, 0x11, 0x41,
    0x08, 0xf2, 0x0f, 0x10, 0x02, 0x66, 0x0f, 0x2e, 0x41, 0x18, 0x76, 0x05,
    0xf2, 0x0f, 0x11, 0x41, 0x18, 0xf2, 0x0f, 0x10, 0x42, 0x08, 0xf2, 0x0f,
    0x10, 0x49, 0x10, 0x66, 0x0f, 0x2e, 0xc8, 0x76, 0x0a, 0xf2, 0x0f, 0x11,
    0x41, 0x10, 0xf2, 0x0f, 0x10, 0x42, 0x08, 0x66, 0x0f, 0x2e, 0x41, 0x20,
    0x76, 0x05, 0xf2, 0x0f, 0x11, 0x41, 0x20, 0xc3, 0x4c, 0x8b, 0x0a, 0xc6,
    0x01, 0x00, 0x4c, 0x8b, 0x52, 0x08, 0x4c, 0x89, 0x49, 0x08, 0x4c, 0x89,
    0x51, 0x10, 0x48, 0x8b, 0x02, 0x48, 0x8b, 0x52, 0x08, 0x48, 0x89, 0x41,
    0x18, 0x48, 0x89, 0x51, 0x20, 0xc3,
};

// 0x24dd40  238 bytes  composition of two transformed fields with weights
// status: comment_only  -- call to 0x24C610 outside the block
// sha256: 4d172f17c977298cebcc7c33223e7441f2febdac27dadfb9803a76221edddb8e
alignas(16) const unsigned char kBytes_24dd40[238] = {
    0x57, 0x56, 0x53, 0x48, 0x81, 0xec, 0xd0, 0x00, 0x00, 0x00, 0x48, 0x8d,
    0x7c, 0x24, 0x70, 0x48, 0x89, 0xd6, 0x48, 0x8b, 0x51, 0x68, 0x48, 0x89,
    0xcb, 0x49, 0x89, 0xf0, 0x48, 0x89, 0xf9, 0xe8, 0xac, 0xe8, 0xff, 0xff,
    0x48, 0x8d, 0x4c, 0x24, 0x20, 0x49, 0x89, 0xf8, 0x48, 0x8d, 0x53, 0x38,
    0xe8, 0x3b, 0x19, 0x38, 0x00, 0x48, 0x8b, 0x53, 0x70, 0x48, 0x8d, 0x8c,
    0x24, 0xa0, 0x00, 0x00, 0x00, 0x49, 0x89, 0xf0, 0xe8, 0x87, 0xe8, 0xff,
    0xff, 0x48, 0x8b, 0x44, 0x24, 0x20, 0x48, 0x8d, 0x4c, 0x24, 0x40, 0xf2,
    0x0f, 0x10, 0x53, 0x60, 0x48, 0x8d, 0x51, 0x20, 0xf2, 0x0f, 0x10, 0x43,
    0x58, 0xf2, 0x0f, 0x10, 0x8c, 0x24, 0xb0, 0x00, 0x00, 0x00, 0xf2, 0x0f,
    0x10, 0x9c, 0x24, 0xb8, 0x00, 0x00, 0x00, 0x48, 0x89, 0x44, 0x24, 0x40,
    0x48, 0x8b, 0x44, 0x24, 0x28, 0xf2, 0x0f, 0x59, 0xc8, 0xf2, 0x0f, 0x59,
    0xda, 0xf2, 0x0f, 0x59, 0x84, 0x24, 0xa0, 0x00, 0x00, 0x00, 0xf2, 0x0f,
    0x59, 0x94, 0x24, 0xa8, 0x00, 0x00, 0x00, 0x48, 0x89, 0x44, 0x24, 0x48,
    0x48, 0x8b, 0x44, 0x24, 0x30, 0xf2, 0x0f, 0x58, 0xcb, 0xf2, 0x0f, 0x58,
    0x8c, 0x24, 0xc8, 0x00, 0x00, 0x00, 0x48, 0x89, 0x44, 0x24, 0x50, 0x48,
    0x8b, 0x44, 0x24, 0x38, 0xf2, 0x0f, 0x58, 0xc2, 0xf2, 0x0f, 0x58, 0x84,
    0x24, 0xc0, 0x00, 0x00, 0x00, 0xf2, 0x0f, 0x11, 0x4c, 0x24, 0x68, 0x48,
    0x89, 0x44, 0x24, 0x58, 0xf2, 0x0f, 0x11, 0x44, 0x24, 0x60, 0xe8, 0x25,
    0xd6, 0xff, 0xff, 0x66, 0x0f, 0x57, 0x05, 0x0d, 0x4d, 0x77, 0x00, 0x48,
    0x81, 0xc4, 0xd0, 0x00, 0x00, 0x00, 0x5b, 0x5e, 0x5f, 0xc3,
};

// 0x4b81d0  78 bytes  builds the object whose first member is the 0.01 tolerance
// status: comment_only  -- call to 0x998500 outside the block
// sha256: 31b092b0bf261d80450ce3783f7583863fd71e1a6f8eba5f6379769db10628e3
alignas(16) const unsigned char kBytes_4b81d0[78] = {
    0x53, 0x48, 0x83, 0xec, 0x30, 0x48, 0x89, 0xcb, 0xb9, 0x38, 0x00, 0x00,
    0x00, 0xf2, 0x0f, 0x11, 0x4c, 0x24, 0x28, 0xe8, 0x18, 0x03, 0x4e, 0x00,
    0xf2, 0x0f, 0x10, 0x4c, 0x24, 0x28, 0x48, 0x8d, 0x50, 0x10, 0xc7, 0x40,
    0x10, 0x00, 0x00, 0x00, 0x00, 0xf2, 0x0f, 0x11, 0x08, 0x48, 0xc7, 0x40,
    0x18, 0x00, 0x00, 0x00, 0x00, 0x48, 0xc7, 0x40, 0x30, 0x00, 0x00, 0x00,
    0x00, 0x48, 0x89, 0x50, 0x20, 0x48, 0x89, 0x50, 0x28, 0x48, 0x89, 0x03,
    0x48, 0x83, 0xc4, 0x30, 0x5b, 0xc3,
};

// 0x24c610  138 bytes  four-stage geometry chain over the packed +0x70 point
// status: comment_only  -- call to 0x24C4A0 outside the block
// sha256: 50ff0b09ce15d0d184cb2ff5516473f554d6cc006b7b8f781432940e20a46bcc
alignas(16) const unsigned char kBytes_24c610[138] = {
    0x41, 0x54, 0x55, 0x57, 0x56, 0x53, 0x48, 0x81, 0xec, 0xe0, 0x00, 0x00,
    0x00, 0x48, 0x8d, 0x6c, 0x24, 0x20, 0x48, 0x89, 0xd3, 0x48, 0x89, 0xcf,
    0x48, 0x8d, 0xb4, 0x24, 0xb0, 0x00, 0x00, 0x00, 0x48, 0x89, 0xe9, 0xe8,
    0x68, 0xfe, 0xff, 0xff, 0xf2, 0x0f, 0x10, 0x43, 0x70, 0x48, 0x89, 0xf2,
    0x4c, 0x8d, 0xa4, 0x24, 0x80, 0x00, 0x00, 0x00, 0x66, 0x0f, 0x16, 0x43,
    0x78, 0x48, 0x8d, 0x5c, 0x24, 0x50, 0x0f, 0x29, 0x84, 0x24, 0xb0, 0x00,
    0x00, 0x00, 0x48, 0x89, 0xd9, 0xe8, 0x4e, 0x21, 0x38, 0x00, 0x48, 0x89,
    0xda, 0x4c, 0x89, 0xe1, 0xe8, 0xe3, 0x26, 0x38, 0x00, 0x4d, 0x89, 0xe0,
    0x48, 0x89, 0xea, 0x48, 0x89, 0xf1, 0xe8, 0xf5, 0x22, 0x38, 0x00, 0x49,
    0x89, 0xf0, 0x48, 0x89, 0xda, 0x48, 0x89, 0xf9, 0xe8, 0xe7, 0x22, 0x38,
    0x00, 0x48, 0x89, 0xf8, 0x48, 0x81, 0xc4, 0xe0, 0x00, 0x00, 0x00, 0x5b,
    0x5e, 0x5f, 0x5d, 0x41, 0x5c, 0xc3,
};

// 0x111ad0  64 bytes  constructor of the twins' object (two vtables)
// status: comment_only  -- call to 0xC33F0 outside the block
// sha256: e3f1487d0f779a0a9152c745741974bce0afbab0ed9852cc0d6f3be90aca9c55
alignas(16) const unsigned char kBytes_111ad0[64] = {
    0x57, 0x56, 0x53, 0x48, 0x83, 0xec, 0x20, 0x48, 0x89, 0xd7, 0x31, 0xd2,
    0x48, 0x89, 0xcb, 0x44, 0x89, 0xc6, 0xe8, 0x09, 0x19, 0xfb, 0xff, 0x48,
    0x8d, 0x05, 0x22, 0x42, 0x93, 0x00, 0x48, 0x89, 0x7b, 0x48, 0x48, 0x89,
    0x03, 0x48, 0x8d, 0x05, 0x9c, 0x43, 0x93, 0x00, 0x48, 0x89, 0x43, 0x08,
    0xc6, 0x43, 0x50, 0x00, 0x40, 0x88, 0x73, 0x51, 0x48, 0x83, 0xc4, 0x20,
    0x5b, 0x5e, 0x5f, 0xc3,
};

// 0x243820  15524 bytes  head of the largest routine here (15,524 bytes): geometry entry
// status: comment_only  -- call to 0x24A1C0 outside the block; call to 0x2530D0 outside the block; call to 0x253140 outside the block; call to 0x254090 outside the block (+74 more)
// sha256: ae8129e19a4d2aab35f2683b787ed1a2c8663beeef102664979b09519afb68ae
alignas(16) const unsigned char kBytes_243820[15524] = {
    0x41, 0x57, 0x41, 0x56, 0x41, 0x55, 0x41, 0x54, 0x55, 0x57, 0x56, 0x53,
    0x48, 0x81, 0xec, 0x18, 0x0e, 0x00, 0x00, 0x0f, 0x29, 0xb4, 0x24, 0xc0,
    0x0d, 0x00, 0x00, 0x0f, 0x29, 0xbc, 0x24, 0xd0, 0x0d, 0x00, 0x00, 0x44,
    0x0f, 0x29, 0x84, 0x24, 0xe0, 0x0d, 0x00, 0x00, 0x44, 0x0f, 0x29, 0x8c,
    0x24, 0xf0, 0x0d, 0x00, 0x00, 0x44, 0x0f, 0x29, 0x94, 0x24, 0x00, 0x0e,
    0x00, 0x00, 0x45, 0x31, 0xc0, 0x48, 0x8d, 0x84, 0x24, 0x70, 0x01, 0x00,
    0x00, 0x48, 0x89, 0x8c, 0x24, 0x60, 0x0e, 0x00, 0x00, 0x48, 0x89, 0xd6,
    0x66, 0x44, 0x0f, 0x28, 0xca, 0x48, 0x89, 0xc1, 0x66, 0x44, 0x0f, 0x28,
    0xc3, 0x48, 0x89, 0x84, 0x24, 0xb8, 0x00, 0x00, 0x00, 0x48, 0x8d, 0x15,
    0x00, 0xec, 0x8d, 0x00, 0xe8, 0x7b, 0x0a, 0x3b, 0x00, 0x48, 0x89, 0xf1,
    0xe8, 0x23, 0x98, 0x2d, 0x00, 0x48, 0x8b, 0x50, 0x08, 0x48, 0x2b, 0x10,
    0x48, 0x89, 0xd0, 0x48, 0xba, 0xef, 0xee, 0xee, 0xee, 0xee, 0xee, 0xee,
    0xee, 0x48, 0xc1, 0xf8, 0x03, 0x48, 0x0f, 0xaf, 0xc2, 0x48, 0x3d, 0xc8,
    0x00, 0x00, 0x00, 0x76, 0x64, 0x48, 0x8b, 0x8c, 0x24, 0x60, 0x0e, 0x00,
    0x00, 0x48, 0x89, 0xf2, 0xe8, 0x5f, 0xdb, 0x57, 0x00, 0x48, 0x8b, 0x8c,
    0x24, 0xb8, 0x00, 0x00, 0x00, 0xe8, 0x62, 0x0a, 0x3b, 0x00, 0x48, 0x8b,
    0x84, 0x24, 0x60, 0x0e, 0x00, 0x00, 0x0f, 0x28, 0xb4, 0x24, 0xc0, 0x0d,
    0x00, 0x00, 0x0f, 0x28, 0xbc, 0x24, 0xd0, 0x0d, 0x00, 0x00, 0x44, 0x0f,
    0x28, 0x84, 0x24, 0xe0, 0x0d, 0x00, 0x00, 0x44, 0x0f, 0x28, 0x8c, 0x24,
    0xf0, 0x0d, 0x00, 0x00, 0x44, 0x0f, 0x28, 0x94, 0x24, 0x00, 0x0e, 0x00,
    0x00, 0x48, 0x81, 0xc4, 0x18, 0x0e, 0x00, 0x00, 0x5b, 0x5e, 0x5f, 0x5d,
    0x41, 0x5c, 0x41, 0x5d, 0x41, 0x5e, 0x41, 0x5f, 0xc3, 0xf2, 0x44, 0x0f,
    0x10, 0x15, 0x92, 0xee, 0x77, 0x00, 0x48, 0x8d, 0x84, 0x24, 0xe0, 0x00,
    0x00, 0x00, 0x48, 0x89, 0xc1, 0x48, 0x89, 0x84, 0x24, 0xb0, 0x00, 0x00,
    0x00, 0x66, 0x41, 0x0f, 0x28, 0xca, 0xe8, 0x85, 0x48, 0x27, 0x00, 0x48,
    0x8b, 0x3e, 0x48, 0x8d, 0x84, 0x24, 0xa0, 0x03, 0x00, 0x00, 0x48, 0x8b,
    0x5e, 0x08, 0x48, 0x89, 0x84, 0x24, 0x80, 0x00, 0x00, 0x00, 0x48, 0x8d,
    0x84, 0x24, 0xb0, 0x03, 0x00, 0x00, 0x48, 0x89, 0x84, 0x24, 0xa0, 0x03,
    0x00, 0x00, 0x48, 0x89, 0xf8, 0x48, 0x01, 0xd8, 0x74, 0x11, 0x48, 0x85,
    0xff, 0x75, 0x0c, 0x48, 0x8d, 0x0d, 0xba, 0xed, 0x77, 0x00, 0xe8, 0xa5,
    0x6e, 0x73, 0x00, 0x48, 0x83, 0xfb, 0x0f, 0x48, 0x89, 0x9c, 0x24, 0x30,
    0x01, 0x00, 0x00, 0x0f, 0x87, 0x2b, 0x01, 0x00, 0x00, 0x48, 0x83, 0xfb,
    0x01, 0x0f, 0x84, 0x45, 0x37, 0x00, 0x00, 0x48, 0x8b, 0x84, 0x24, 0x80,
    0x00, 0x00, 0x00, 0x48, 0x83, 0xc0, 0x10, 0x48, 0x85, 0xdb, 0x0f, 0x85,
    0x3c, 0x01, 0x00, 0x00, 0x48, 0x89, 0x9c, 0x24, 0xa8, 0x03, 0x00, 0x00,
    0x45, 0x31, 0xff, 0x48, 0xba, 0xef, 0xee, 0xee, 0xee, 0xee, 0xee, 0xee,
    0xee, 0xc6, 0x04, 0x18, 0x00, 0x4c, 0x8b, 0x76, 0x30, 0x48, 0xc7, 0x84,
    0x24, 0xc8, 0x03, 0x00, 0x00, 0x00, 0x00, 0x00, 0x00, 0x48, 0x8b, 0x7e,
    0x28, 0x48, 0xc7, 0x84, 0x24, 0xd0, 0x03, 0x00, 0x00, 0x00, 0x00, 0x00,
    0x00, 0x8b, 0x46, 0x20, 0x48, 0xc7, 0x84, 0x24, 0xd8, 0x03, 0x00, 0x00,
    0x00, 0x00, 0x00, 0x00, 0x4c, 0x89, 0xf3, 0x48, 0x29, 0xfb, 0x89, 0x84,
    0x24, 0xc0, 0x03, 0x00, 0x00, 0x48, 0x89, 0xd8, 0x48, 0xc1, 0xf8, 0x03,
    0x48, 0x0f, 0xaf, 0xc2, 0x48, 0x85, 0xc0, 0x74, 0x26, 0x48, 0xba, 0x22,
    0x22, 0x22, 0x22, 0x22, 0x22, 0x22, 0x02, 0x48, 0x39, 0xd0, 0x0f, 0x87,
    0x0f, 0x3a, 0x00, 0x00, 0x48, 0x89, 0xd9, 0xe8, 0xc4, 0x4a, 0x75, 0x00,
    0x4c, 0x8b, 0x76, 0x30, 0x49, 0x89, 0xc7, 0x48, 0x8b, 0x7e, 0x28, 0x4c,
    0x01, 0xfb, 0x49, 0x39, 0xfe, 0x4c, 0x89, 0xbc, 0x24, 0xc8, 0x03, 0x00,
    0x00, 0x48, 0x89, 0x9c, 0x24, 0xd8, 0x03, 0x00, 0x00, 0x4c, 0x89, 0xfb,
    0x4c, 0x89, 0xbc, 0x24, 0xd0, 0x03, 0x00, 0x00, 0x0f, 0x84, 0xf3, 0x00,
    0x00, 0x00, 0x48, 0x8d, 0x84, 0x24, 0x40, 0x01, 0x00, 0x00, 0x48, 0x89,
    0x44, 0x24, 0x60, 0x48, 0x8d, 0x84, 0x24, 0x38, 0x01, 0x00, 0x00, 0x48,
    0x89, 0x44, 0x24, 0x68, 0x0f, 0x1f, 0x84, 0x00, 0x00, 0x00, 0x00, 0x00,
    0x48, 0x85, 0xdb, 0x0f, 0x84, 0xb7, 0x00, 0x00, 0x00, 0x4c, 0x8d, 0x63,
    0x10, 0x48, 0x8b, 0x6f, 0x08, 0x4c, 0x89, 0x23, 0x4c, 0x8b, 0x2f, 0x4c,
    0x89, 0xe8, 0x48, 0x01, 0xe8, 0x0f, 0x84, 0xd8, 0x14, 0x00, 0x00, 0x4d,
    0x85, 0xed, 0x0f, 0x85, 0xcf, 0x14, 0x00, 0x00, 0x48, 0x8d, 0x0d, 0x7d,
    0xec, 0x77, 0x00, 0xe8, 0x68, 0x6d, 0x73, 0x00, 0x48, 0x8b, 0x8c, 0x24,
    0x80, 0x00, 0x00, 0x00, 0x48, 0x8d, 0x94, 0x24, 0x30, 0x01, 0x00, 0x00,
    0x45, 0x31, 0xc0, 0xe8, 0xc0, 0xd0, 0x6c, 0x00, 0x48, 0x8b, 0x94, 0x24,
    0x30, 0x01, 0x00, 0x00, 0x48, 0x89, 0x84, 0x24, 0xa0, 0x03, 0x00, 0x00,
    0x48, 0x89, 0x94, 0x24, 0xb0, 0x03, 0x00, 0x00, 0x49, 0x89, 0xd8, 0x48,
    0x89, 0xfa, 0x48, 0x89, 0xc1, 0xe8, 0xf2, 0xb7, 0x3f, 0x00, 0x48, 0x8b,
    0x9c, 0x24, 0x30, 0x01, 0x00, 0x00, 0x48, 0x8b, 0x84, 0x24, 0xa0, 0x03,
    0x00, 0x00, 0xe9, 0xa1, 0xfe, 0xff, 0xff, 0x0f, 0x1f, 0x44, 0x00, 0x00,
    0x48, 0x83, 0xfd, 0x0f, 0x48, 0x89, 0xac, 0x24, 0x40, 0x01, 0x00, 0x00,
    0x0f, 0x87, 0x32, 0x15, 0x00, 0x00, 0x48, 0x83, 0xfd, 0x01, 0x0f, 0x84,
    0x68, 0x15, 0x00, 0x00, 0x48, 0x85, 0xed, 0x48, 0x89, 0xc2, 0x0f, 0x85,
    0xa8, 0x33, 0x00, 0x00, 0x48, 0x89, 0x6b, 0x60, 0xc6, 0x04, 0x2a, 0x00,
    0x48, 0x83, 0xc7, 0x78, 0x48, 0x83, 0xc3, 0x78, 0x49, 0x39, 0xfe, 0x0f,
    0x85, 0x2f, 0xff, 0xff, 0xff, 0x4c, 0x8b, 0x46, 0x48, 0x48, 0x89, 0x9c,
    0x24, 0xd0, 0x03, 0x00, 0x00, 0x48, 0xc7, 0x84, 0x24, 0xe0, 0x03, 0x00,
    0x00, 0x00, 0x00, 0x00, 0x00, 0x4c, 0x8b, 0x4e, 0x40, 0x48, 0xc7, 0x84,
    0x24, 0xe8, 0x03, 0x00, 0x00, 0x00, 0x00, 0x00, 0x00, 0x48, 0xc7, 0x84,
    0x24, 0xf0, 0x03, 0x00, 0x00, 0x00, 0x00, 0x00, 0x00, 0x4c, 0x89, 0xc3,
    0x4c, 0x29, 0xcb, 0x48, 0x89, 0xd8, 0x48, 0xc1, 0xf8, 0x04, 0x48, 0x85,
    0xc0, 0x74, 0x23, 0x48, 0xba, 0xff, 0xff, 0xff, 0xff, 0xff, 0xff, 0xff,
    0x0f, 0x48, 0x39, 0xd0, 0x0f, 0x87, 0x7c, 0x38, 0x00, 0x00, 0x48, 0x89,
    0xd9, 0xe8, 0x3e, 0x49, 0x75, 0x00, 0x4c, 0x8b, 0x46, 0x48, 0x4c, 0x8b,
    0x4e, 0x40, 0x48, 0x01, 0xc3, 0x4d, 0x39, 0xc1, 0x48, 0x89, 0x84, 0x24,
    0xe0, 0x03, 0x00, 0x00, 0x48, 0x89, 0x84, 0x24, 0xe8, 0x03, 0x00, 0x00,
    0x48, 0x89, 0x9c, 0x24, 0xf0, 0x03, 0x00, 0x00, 0x74, 0x36, 0x48, 0x89,
    0xc1, 0x4c, 0x89, 0xca, 0x48, 0x85, 0xc9, 0x74, 0x0e, 0x4c, 0x8b, 0x1a,
    0x4c, 0x8b, 0x62, 0x08, 0x4c, 0x89, 0x19, 0x4c, 0x89, 0x61, 0x08, 0x48,
    0x83, 0xc2, 0x10, 0x48, 0x83, 0xc1, 0x10, 0x4c, 0x39, 0xc2, 0x75, 0xe0,
    0x49, 0x83, 0xc1, 0x10, 0x4c, 0x29, 0xca, 0x48, 0x83, 0xe2, 0xf0, 0x48,
    0x8d, 0x44, 0x10, 0x10, 0x48, 0x89, 0x84, 0x24, 0xe8, 0x03, 0x00, 0x00,
    0x48, 0x8b, 0x56, 0x78, 0xc7, 0x84, 0x24, 0x10, 0x04, 0x00, 0x00, 0x00,
    0x00, 0x00, 0x00, 0x48, 0x8b, 0x84, 0x24, 0x80, 0x00, 0x00, 0x00, 0xf3,
    0x0f, 0x6f, 0x46, 0x58, 0x48, 0xc7, 0x84, 0x24, 0x18, 0x04, 0x00, 0x00,
    0x00, 0x00, 0x00, 0x00, 0x48, 0xc7, 0x84, 0x24, 0x30, 0x04, 0x00, 0x00,
    0x00, 0x00, 0x00, 0x00, 0x0f, 0x11, 0x84, 0x24, 0xf8, 0x03, 0x00, 0x00,
    0x48, 0x85, 0xd2, 0x4c, 0x8d, 0x40, 0x70, 0x4c, 0x89, 0x84, 0x24, 0x20,
    0x04, 0x00, 0x00, 0x4c, 0x89, 0x84, 0x24, 0x28, 0x04, 0x00, 0x00, 0x74,
    0x66, 0x48, 0x8d, 0x48, 0x68, 0x4c, 0x8d, 0x8c, 0x24, 0x10, 0x01, 0x00,
    0x00, 0x48, 0x89, 0x8c, 0x24, 0x10, 0x01, 0x00, 0x00, 0xe8, 0x4a, 0xa2,
    0x6e, 0x00, 0x48, 0x89, 0x84, 0x24, 0x18, 0x04, 0x00, 0x00, 0x48, 0x89,
    0xc1, 0xeb, 0x03, 0x48, 0x89, 0xd1, 0x48, 0x8b, 0x51, 0x10, 0x48, 0x85,
    0xd2, 0x75, 0xf4, 0x48, 0x89, 0x8c, 0x24, 0x20, 0x04, 0x00, 0x00, 0xeb,
    0x0a, 0x0f, 0x1f, 0x80, 0x00, 0x00, 0x00, 0x00, 0x48, 0x89, 0xd0, 0x48,
    0x8b, 0x50, 0x18, 0x48, 0x85, 0xd2, 0x75, 0xf4, 0x48, 0x89, 0x84, 0x24,
    0x28, 0x04, 0x00, 0x00, 0x48, 0x8b, 0x86, 0x90, 0x00, 0x00, 0x00, 0x48,
    0x89, 0x84, 0x24, 0x30, 0x04, 0x00, 0x00, 0x48, 0xba, 0xc5, 0x4e, 0xec,
    0xc4, 0x4e, 0xec, 0xc4, 0x4e, 0x8b, 0x86, 0x98, 0x00, 0x00, 0x00, 0x48,
    0xc7, 0x84, 0x24, 0x58, 0x04, 0x00, 0x00, 0x00, 0x00, 0x00, 0x00, 0x4c,
    0x8b, 0x8e, 0xc0, 0x00, 0x00, 0x00, 0x48, 0xc7, 0x84, 0x24, 0x60, 0x04,
    0x00, 0x00, 0x00, 0x00, 0x00, 0x00, 0x4c, 0x8b, 0x96, 0xb8, 0x00, 0x00,
    0x00, 0x48, 0xc7, 0x84, 0x24, 0x68, 0x04, 0x00, 0x00, 0x00, 0x00, 0x00,
    0x00, 0xf2, 0x0f, 0x10, 0x86, 0xa8, 0x00, 0x00, 0x00, 0x89, 0x84, 0x24,
    0x38, 0x04, 0x00, 0x00, 0x0f, 0xb6, 0x86, 0x9c, 0x00, 0x00, 0x00, 0x4c,
    0x89, 0xcb, 0x66, 0x0f, 0x16, 0x86, 0xb0, 0x00, 0x00, 0x00, 0x66, 0x0f,
    0x13, 0x84, 0x24, 0x48, 0x04, 0x00, 0x00, 0x4c, 0x29, 0xd3, 0x66, 0x0f,
    0x17, 0x84, 0x24, 0x50, 0x04, 0x00, 0x00, 0x88, 0x84, 0x24, 0x3c, 0x04,
    0x00, 0x00, 0x0f, 0xb6, 0x86, 0xa0, 0x00, 0x00, 0x00, 0x88, 0x84, 0x24,
    0x40, 0x04, 0x00, 0x00, 0x0f, 0xb6, 0x86, 0xa1, 0x00, 0x00, 0x00, 0x88,
    0x84, 0x24, 0x41, 0x04, 0x00, 0x00, 0x8b, 0x86, 0xa4, 0x00, 0x00, 0x00,
    0x89, 0x84, 0x24, 0x44, 0x04, 0x00, 0x00, 0x48, 0x89, 0xd8, 0x48, 0xc1,
    0xf8, 0x03, 0x48, 0x0f, 0xaf, 0xc2, 0x48, 0x85, 0xc0, 0x74, 0x29, 0x48,
    0xba, 0x76, 0x62, 0x27, 0x76, 0x62, 0x27, 0x76, 0x02, 0x48, 0x39, 0xd0,
    0x0f, 0x87, 0x73, 0x36, 0x00, 0x00, 0x48, 0x89, 0xd9, 0xe8, 0x4a, 0x47,
    0x75, 0x00, 0x4c, 0x8b, 0x8e, 0xc0, 0x00, 0x00, 0x00, 0x4c, 0x8b, 0x96,
    0xb8, 0x00, 0x00, 0x00, 0x48, 0x01, 0xc3, 0x4d, 0x39, 0xca, 0x48, 0x89,
    0x84, 0x24, 0x58, 0x04, 0x00, 0x00, 0x48, 0x89, 0x84, 0x24, 0x60, 0x04,
    0x00, 0x00, 0x48, 0x89, 0x9c, 0x24, 0x68, 0x04, 0x00, 0x00, 0x0f, 0x84,
    0xb4, 0x00, 0x00, 0x00, 0x48, 0x89, 0xc1, 0x4c, 0x89, 0xd2, 0x48, 0x85,
    0xc9, 0x74, 0x66, 0x4c, 0x8b, 0x02, 0x4c, 0x89, 0x01, 0x4c, 0x8b, 0x42,
    0x08, 0x4c, 0x89, 0x41, 0x08, 0x4c, 0x8b, 0x42, 0x10, 0x4c, 0x89, 0x41,
    0x10, 0x4c, 0x8b, 0x42, 0x18, 0x4c, 0x89, 0x41, 0x18, 0x4c, 0x8b, 0x42,
    0x20, 0x4c, 0x89, 0x41, 0x20, 0x4c, 0x8b, 0x42, 0x28, 0x4c, 0x89, 0x41,
    0x28, 0x4c, 0x8b, 0x42, 0x30, 0x4c, 0x89, 0x41, 0x30, 0x4c, 0x8b, 0x42,
    0x38, 0x4c, 0x89, 0x41, 0x38, 0x4c, 0x8b, 0x42, 0x40, 0x4c, 0x89, 0x41,
    0x40, 0x4c, 0x8b, 0x42, 0x48, 0x4c, 0x89, 0x41, 0x48, 0x4c, 0x8b, 0x42,
    0x50, 0x4c, 0x89, 0x41, 0x50, 0x4c, 0x8b, 0x42, 0x58, 0x4c, 0x89, 0x41,
    0x58, 0x4c, 0x8b, 0x42, 0x60, 0x4c, 0x89, 0x41, 0x60, 0x48, 0x83, 0xc2,
    0x68, 0x48, 0x83, 0xc1, 0x68, 0x4c, 0x39, 0xca, 0x75, 0x88, 0x48, 0xb9,
    0xc5, 0x4e, 0xec, 0xc4, 0x4e, 0xec, 0xc4, 0x0e, 0x49, 0x83, 0xc2, 0x68,
    0x4c, 0x29, 0xd2, 0x48, 0xc1, 0xea, 0x03, 0x48, 0x0f, 0xaf, 0xd1, 0x48,
    0xb9, 0xff, 0xff, 0xff, 0xff, 0xff, 0xff, 0xff, 0x1f, 0x48, 0x21, 0xca,
    0x48, 0x83, 0xc2, 0x01, 0x48, 0x8d, 0x0c, 0x52, 0x48, 0x8d, 0x14, 0x8a,
    0x48, 0x8d, 0x04, 0xd0, 0x48, 0x89, 0x84, 0x24, 0x60, 0x04, 0x00, 0x00,
    0x8b, 0x86, 0xd0, 0x00, 0x00, 0x00, 0x48, 0xba, 0xab, 0xaa, 0xaa, 0xaa,
    0xaa, 0xaa, 0xaa, 0xaa, 0x4c, 0x8b, 0x8e, 0x08, 0x01, 0x00, 0x00, 0x48,
    0xc7, 0x84, 0x24, 0xa0, 0x04, 0x00, 0x00, 0x00, 0x00, 0x00, 0x00, 0x4c,
    0x8b, 0x96, 0x00, 0x01, 0x00, 0x00, 0x48, 0xc7, 0x84, 0x24, 0xa8, 0x04,
    0x00, 0x00, 0x00, 0x00, 0x00, 0x00, 0xf2, 0x0f, 0x10, 0x86, 0xd8, 0x00,
    0x00, 0x00, 0x48, 0xc7, 0x84, 0x24, 0xb0, 0x04, 0x00, 0x00, 0x00, 0x00,
    0x00, 0x00, 0x89, 0x84, 0x24, 0x70, 0x04, 0x00, 0x00, 0x8b, 0x86, 0xe0,
    0x00, 0x00, 0x00, 0xf2, 0x0f, 0x11, 0x84, 0x24, 0x78, 0x04, 0x00, 0x00,
    0x4c, 0x89, 0xcb, 0xf2, 0x0f, 0x10, 0x86, 0xe8, 0x00, 0x00, 0x00, 0x4c,
    0x29, 0xd3, 0x66, 0x0f, 0x16, 0x86, 0xf0, 0x00, 0x00, 0x00, 0x89, 0x84,
    0x24, 0x80, 0x04, 0x00, 0x00, 0x8b, 0x86, 0xf8, 0x00, 0x00, 0x00, 0x66,
    0x0f, 0x13, 0x84, 0x24, 0x88, 0x04, 0x00, 0x00, 0x66, 0x0f, 0x17, 0x84,
    0x24, 0x90, 0x04, 0x00, 0x00, 0x89, 0x84, 0x24, 0x98, 0x04, 0x00, 0x00,
    0x48, 0x89, 0xd8, 0x48, 0xc1, 0xf8, 0x03, 0x48, 0x0f, 0xaf, 0xc2, 0x48,
    0x85, 0xc0, 0x74, 0x29, 0x48, 0xba, 0xaa, 0xaa, 0xaa, 0xaa, 0xaa, 0xaa,
    0xaa, 0x0a, 0x48, 0x39, 0xd0, 0x0f, 0x87, 0xb1, 0x34, 0x00, 0x00, 0x48,
    0x89, 0xd9, 0xe8, 0x95, 0x45, 0x75, 0x00, 0x4c, 0x8b, 0x8e, 0x08, 0x01,
    0x00, 0x00, 0x4c, 0x8b, 0x96, 0x00, 0x01, 0x00, 0x00, 0x48, 0x01, 0xc3,
    0x4d, 0x39, 0xd1, 0x48, 0x89, 0x84, 0x24, 0xa0, 0x04, 0x00, 0x00, 0x48,
    0x89, 0x84, 0x24, 0xa8, 0x04, 0x00, 0x00, 0x48, 0x89, 0x9c, 0x24, 0xb0,
    0x04, 0x00, 0x00, 0x74, 0x3e, 0x48, 0x89, 0xc1, 0x4c, 0x89, 0xd2, 0x48,
    0x85, 0xc9, 0x74, 0x16, 0x4c, 0x8b, 0x02, 0x4c, 0x89, 0x01, 0x4c, 0x8b,
    0x42, 0x08, 0x4c, 0x89, 0x41, 0x08, 0x4c, 0x8b, 0x42, 0x10, 0x4c, 0x89,
    0x41, 0x10, 0x48, 0x83, 0xc2, 0x18, 0x48, 0x83, 0xc1, 0x18, 0x4c, 0x39,
    0xca, 0x75, 0xd8, 0x49, 0x83, 0xc2, 0x18, 0x4c, 0x29, 0xd2, 0x48, 0xc1,
    0xea, 0x03, 0x48, 0x8d, 0x44, 0xd0, 0x18, 0x48, 0x8b, 0x96, 0x20, 0x01,
    0x00, 0x00, 0x48, 0x89, 0x84, 0x24, 0xa8, 0x04, 0x00, 0x00, 0x45, 0x31,
    0xc9, 0x48, 0x8b, 0x9e, 0x28, 0x01, 0x00, 0x00, 0x48, 0xc7, 0x84, 0x24,
    0xc0, 0x04, 0x00, 0x00, 0x00, 0x00, 0x00, 0x00, 0x0f, 0xb6, 0x86, 0x18,
    0x01, 0x00, 0x00, 0x48, 0xc7, 0x84, 0x24, 0xc8, 0x04, 0x00, 0x00, 0x00,
    0x00, 0x00, 0x00, 0x48, 0xc7, 0x84, 0x24, 0xd0, 0x04, 0x00, 0x00, 0x00,
    0x00, 0x00, 0x00, 0x48, 0x29, 0xd3, 0x48, 0x89, 0xd9, 0x88, 0x84, 0x24,
    0xb8, 0x04, 0x00, 0x00, 0x48, 0x89, 0xdf, 0x48, 0xc1, 0xf9, 0x04, 0x48,
    0x85, 0xc9, 0x48, 0x89, 0xc8, 0x74, 0x36, 0x48, 0xb8, 0xff, 0xff, 0xff,
    0xff, 0xff, 0xff, 0xff, 0x0f, 0x48, 0x39, 0xc1, 0x0f, 0x87, 0xbd, 0x33,
    0x00, 0x00, 0x48, 0x89, 0xd9, 0xe8, 0xae, 0x44, 0x75, 0x00, 0x48, 0x8b,
    0x96, 0x20, 0x01, 0x00, 0x00, 0x49, 0x89, 0xc1, 0x48, 0x8b, 0xbe, 0x28,
    0x01, 0x00, 0x00, 0x48, 0x29, 0xd7, 0x48, 0x89, 0xf8, 0x48, 0xc1, 0xf8,
    0x04, 0x4c, 0x01, 0xcb, 0x48, 0x85, 0xc0, 0x4c, 0x89, 0x8c, 0x24, 0xc0,
    0x04, 0x00, 0x00, 0x4c, 0x89, 0x8c, 0x24, 0xc8, 0x04, 0x00, 0x00, 0x48,
    0x89, 0x9c, 0x24, 0xd0, 0x04, 0x00, 0x00, 0x74, 0x0e, 0x4c, 0x89, 0xc9,
    0x49, 0x89, 0xf8, 0xe8, 0x58, 0xb2, 0x3f, 0x00, 0x49, 0x89, 0xc1, 0x49,
    0x01, 0xf9, 0x48, 0x89, 0xf1, 0x4c, 0x89, 0x8c, 0x24, 0xc8, 0x04, 0x00,
    0x00, 0xe8, 0x32, 0x98, 0x2d, 0x00, 0x84, 0xc0, 0x0f, 0x85, 0xdb, 0x01,
    0x00, 0x00, 0x48, 0x8d, 0x9c, 0x24, 0x10, 0x02, 0x00, 0x00, 0x45, 0x31,
    0xc0, 0x48, 0xc7, 0x84, 0x24, 0x48, 0x01, 0x00, 0x00, 0x11, 0x00, 0x00,
    0x00, 0x48, 0x8d, 0x43, 0x10, 0x48, 0x89, 0xd9, 0x48, 0x8d, 0x94, 0x24,
    0x48, 0x01, 0x00, 0x00, 0x48, 0x89, 0x84, 0x24, 0x10, 0x02, 0x00, 0x00,
    0xe8, 0xb7, 0xca, 0x6c, 0x00, 0x48, 0x8b, 0x94, 0x24, 0x48, 0x01, 0x00,
    0x00, 0x48, 0x89, 0x84, 0x24, 0x10, 0x02, 0x00, 0x00, 0x45, 0x31, 0xc0,
    0x48, 0xbf, 0x6e, 0x65, 0x73, 0x74, 0x69, 0x6e, 0x67, 0x2e, 0x48, 0x89,
    0x94, 0x24, 0x20, 0x02, 0x00, 0x00, 0x48, 0x89, 0x38, 0x48, 0x8b, 0x94,
    0x24, 0x10, 0x02, 0x00, 0x00, 0x48, 0xbf, 0x49, 0x73, 0x42, 0x6f, 0x75,
    0x6e, 0x64, 0x28, 0x48, 0x89, 0x78, 0x08, 0x48, 0xbf, 0x52, 0x6f, 0x74,
    0x61, 0x74, 0x65, 0x43, 0x6f, 0xc6, 0x40, 0x10, 0x29, 0x48, 0x8b, 0x84,
    0x24, 0x48, 0x01, 0x00, 0x00, 0x48, 0x89, 0x84, 0x24, 0x18, 0x02, 0x00,
    0x00, 0xc6, 0x04, 0x02, 0x00, 0x48, 0x8d, 0x84, 0x24, 0xd0, 0x0b, 0x00,
    0x00, 0x48, 0x89, 0x44, 0x24, 0x60, 0x49, 0x89, 0xc6, 0x48, 0x89, 0xbc,
    0x24, 0xe0, 0x0b, 0x00, 0x00, 0x48, 0x8d, 0x84, 0x24, 0xe0, 0x0b, 0x00,
    0x00, 0x48, 0x8d, 0xbc, 0x24, 0xf0, 0x01, 0x00, 0x00, 0x48, 0x89, 0x84,
    0x24, 0xd0, 0x0b, 0x00, 0x00, 0x48, 0x8d, 0x47, 0x10, 0x48, 0x89, 0xf9,
    0xc7, 0x84, 0x24, 0xe8, 0x0b, 0x00, 0x00, 0x6d, 0x70, 0x61, 0x63, 0x48,
    0x8d, 0x94, 0x24, 0x50, 0x01, 0x00, 0x00, 0xc6, 0x84, 0x24, 0xec, 0x0b,
    0x00, 0x00, 0x74, 0x48, 0xc7, 0x84, 0x24, 0xd8, 0x0b, 0x00, 0x00, 0x0d,
    0x00, 0x00, 0x00, 0xc6, 0x84, 0x24, 0xed, 0x0b, 0x00, 0x00, 0x00, 0x48,
    0x89, 0x84, 0x24, 0xf0, 0x01, 0x00, 0x00, 0x48, 0xc7, 0x84, 0x24, 0x50,
    0x01, 0x00, 0x00, 0x21, 0x00, 0x00, 0x00, 0xe8, 0xd8, 0xc9, 0x6c, 0x00,
    0xc6, 0x40, 0x20, 0x70, 0x49, 0x89, 0xd9, 0x4d, 0x89, 0xf0, 0x48, 0x89,
    0xf9, 0x48, 0x8b, 0x94, 0x24, 0x50, 0x01, 0x00, 0x00, 0x48, 0x89, 0x84,
    0x24, 0xf0, 0x01, 0x00, 0x00, 0x48, 0x89, 0x94, 0x24, 0x00, 0x02, 0x00,
    0x00, 0x48, 0xba, 0x2e, 0x2e, 0x5c, 0x72, 0x63, 0x6f, 0x6d, 0x70, 0x48,
    0x89, 0x10, 0x48, 0xba, 0x61, 0x63, 0x74, 0x5c, 0x73, 0x74, 0x72, 0x75,
    0x48, 0x89, 0x50, 0x08, 0x48, 0xba, 0x63, 0x74, 0x75, 0x72, 0x65, 0x5f,
    0x63, 0x6f, 0x48, 0x89, 0x50, 0x10, 0x48, 0xba, 0x6d, 0x70, 0x61, 0x63,
    0x74, 0x2e, 0x63, 0x70, 0x48, 0x89, 0x50, 0x18, 0x48, 0x8b, 0x84, 0x24,
    0x50, 0x01, 0x00, 0x00, 0x48, 0x8b, 0x94, 0x24, 0xf0, 0x01, 0x00, 0x00,
    0x48, 0x89, 0x84, 0x24, 0xf8, 0x01, 0x00, 0x00, 0xc6, 0x04, 0x02, 0x00,
    0xba, 0x9c, 0x00, 0x00, 0x00, 0xe8, 0xd6, 0x63, 0x3c, 0x00, 0x48, 0x8b,
    0x8c, 0x24, 0xf0, 0x01, 0x00, 0x00, 0x48, 0x83, 0xc7, 0x10, 0x48, 0x39,
    0xf9, 0x74, 0x05, 0xe8, 0x50, 0x42, 0x75, 0x00, 0x48, 0x8b, 0x44, 0x24,
    0x60, 0x48, 0x8b, 0x8c, 0x24, 0xd0, 0x0b, 0x00, 0x00, 0x48, 0x83, 0xc0,
    0x10, 0x48, 0x39, 0xc1, 0x74, 0x05, 0xe8, 0x35, 0x42, 0x75, 0x00, 0x48,
    0x8b, 0x8c, 0x24, 0x10, 0x02, 0x00, 0x00, 0x48, 0x83, 0xc3, 0x10, 0x48,
    0x39, 0xd9, 0x74, 0x05, 0xe8, 0x1f, 0x42, 0x75, 0x00, 0x48, 0x89, 0xf1,
    0xe8, 0x57, 0x8e, 0x2d, 0x00, 0x48, 0x89, 0xc1, 0x48, 0x89, 0x84, 0x24,
    0x30, 0x02, 0x00, 0x00, 0x48, 0xc7, 0x84, 0x24, 0x38, 0x02, 0x00, 0x00,
    0x00, 0x00, 0x00, 0x00, 0x48, 0xc7, 0x84, 0x24, 0x40, 0x02, 0x00, 0x00,
    0x00, 0x00, 0x00, 0x00, 0x48, 0xc7, 0x84, 0x24, 0x48, 0x02, 0x00, 0x00,
    0x00, 0x00, 0x00, 0x00, 0xe8, 0x13, 0x8e, 0x2b, 0x00, 0x48, 0x89, 0xc1,
    0x49, 0x89, 0xc4, 0xe8, 0xc8, 0x82, 0x2b, 0x00, 0x85, 0xc0, 0x89, 0xc5,
    0x0f, 0x84, 0x24, 0x01, 0x00, 0x00, 0x4c, 0x8d, 0xac, 0x24, 0xd0, 0x00,
    0x00, 0x00, 0x31, 0xdb, 0x66, 0x0f, 0x28, 0x35, 0xdc, 0xe4, 0x77, 0x00,
    0x48, 0x8d, 0xbc, 0x24, 0xd0, 0x0b, 0x00, 0x00, 0x4c, 0x8d, 0xb4, 0x24,
    0xe0, 0x09, 0x00, 0x00, 0x4c, 0x8d, 0xbc, 0x24, 0x38, 0x02, 0x00, 0x00,
    0xeb, 0x65, 0x66, 0x90, 0x48, 0x85, 0xc0, 0x74, 0x47, 0x48, 0x8b, 0x94,
    0x24, 0xd0, 0x0b, 0x00, 0x00, 0x48, 0x89, 0x10, 0x48, 0x8b, 0x94, 0x24,
    0xd8, 0x0b, 0x00, 0x00, 0x48, 0x89, 0x50, 0x08, 0x48, 0x8b, 0x94, 0x24,
    0xe0, 0x0b, 0x00, 0x00, 0x48, 0x89, 0x50, 0x10, 0x48, 0x8b, 0x94, 0x24,
    0xe8, 0x0b, 0x00, 0x00, 0x48, 0x89, 0x50, 0x18, 0x48, 0x8b, 0x94, 0x24,
    0xf0, 0x0b, 0x00, 0x00, 0x48, 0x89, 0x50, 0x20, 0x48, 0x8b, 0x94, 0x24,
    0xf8, 0x0b, 0x00, 0x00, 0x48, 0x89, 0x50, 0x28, 0x83, 0xc3, 0x01, 0x48,
    0x83, 0xc0, 0x30, 0x39, 0xeb, 0x48, 0x89, 0x84, 0x24, 0x40, 0x02, 0x00,
    0x00, 0x0f, 0x84, 0x93, 0x00, 0x00, 0x00, 0x89, 0xda, 0x4c, 0x89, 0xe1,
    0xe8, 0x33, 0x82, 0x2b, 0x00, 0x48, 0x89, 0xc1, 0xe8, 0x7b, 0x32, 0x2b,
    0x00, 0x48, 0xba, 0xab, 0xaa, 0xaa, 0xaa, 0xaa, 0xaa, 0xaa, 0xaa, 0x48,
    0x8b, 0x08, 0x48, 0x8b, 0x40, 0x08, 0x48, 0x29, 0xc8, 0x48, 0xc1, 0xf8,
    0x04, 0x48, 0x0f, 0xaf, 0xc2, 0x48, 0x85, 0xc0, 0x0f, 0x84, 0x47, 0x2f,
    0x00, 0x00, 0xe8, 0x81, 0x1b, 0x38, 0x00, 0x48, 0x89, 0xc2, 0x4c, 0x89,
    0xe9, 0xe8, 0xb6, 0xc4, 0x43, 0x00, 0xf3, 0x0f, 0x6f, 0x84, 0x24, 0xd0,
    0x00, 0x00, 0x00, 0x4c, 0x89, 0xf2, 0x48, 0x89, 0xf9, 0x66, 0x0f, 0x57,
    0xc6, 0x0f, 0x29, 0x84, 0x24, 0xe0, 0x09, 0x00, 0x00, 0xe8, 0xd6, 0xa3,
    0x38, 0x00, 0x48, 0x8b, 0x84, 0x24, 0x40, 0x02, 0x00, 0x00, 0x48, 0x3b,
    0x84, 0x24, 0x48, 0x02, 0x00, 0x00, 0x0f, 0x85, 0x20, 0xff, 0xff, 0xff,
    0x48, 0x89, 0xfa, 0x4c, 0x89, 0xf9, 0xe8, 0xe5, 0xbf, 0x67, 0x00, 0x83,
    0xc3, 0x01, 0x39, 0xeb, 0x0f, 0x85, 0x6d, 0xff, 0xff, 0xff, 0x48, 0x8b,
    0x94, 0x24, 0x30, 0x02, 0x00, 0x00, 0x48, 0x8d, 0x84, 0x24, 0x30, 0x02,
    0x00, 0x00, 0x48, 0x8d, 0x8c, 0x24, 0x50, 0x02, 0x00, 0x00, 0x48, 0x89,
    0x84, 0x24, 0xa0, 0x00, 0x00, 0x00, 0x4c, 0x8d, 0x40, 0x08, 0xe8, 0xc1,
    0xbf, 0x28, 0x00, 0x4c, 0x8d, 0xac, 0x24, 0x60, 0x02, 0x00, 0x00, 0x4c,
    0x89, 0xe9, 0xe8, 0x81, 0x7b, 0x2d, 0x00, 0x48, 0x8b, 0x8c, 0x24, 0x68,
    0x02, 0x00, 0x00, 0x48, 0x3b, 0x8c, 0x24, 0x70, 0x02, 0x00, 0x00, 0x0f,
    0x84, 0x12, 0x2f, 0x00, 0x00, 0x48, 0x85, 0xc9, 0x74, 0x15, 0x48, 0x8b,
    0x94, 0x24, 0x80, 0x00, 0x00, 0x00, 0xe8, 0xc9, 0xcf, 0x57, 0x00, 0x48,
    0x8b, 0x8c, 0x24, 0x68, 0x02, 0x00, 0x00, 0x48, 0x81, 0xc1, 0x38, 0x01,
    0x00, 0x00, 0x48, 0x89, 0x8c, 0x24, 0x68, 0x02, 0x00, 0x00, 0x48, 0x8b,
    0x84, 0x24, 0xa0, 0x00, 0x00, 0x00, 0x48, 0x8d, 0x9c, 0x24, 0xb0, 0x02,
    0x00, 0x00, 0x4d, 0x89, 0xe8, 0x48, 0x89, 0xd9, 0x48, 0x8d, 0x50, 0x20,
    0x4c, 0x8d, 0x48, 0x08, 0xe8, 0x0f, 0xe5, 0x28, 0x00, 0x48, 0x8b, 0x94,
    0x24, 0xb0, 0x02, 0x00, 0x00, 0x48, 0x8d, 0x84, 0x24, 0xe0, 0x04, 0x00,
    0x00, 0x48, 0x89, 0xc1, 0x48, 0x89, 0x84, 0x24, 0x88, 0x00, 0x00, 0x00,
    0xe8, 0x6f, 0xcf, 0x57, 0x00, 0x48, 0x8b, 0x94, 0x24, 0xe0, 0x02, 0x00,
    0x00, 0x48, 0x8d, 0x4b, 0x20, 0xe8, 0xde, 0xa7, 0x6e, 0x00, 0x4c, 0x8b,
    0xa4, 0x24, 0xb8, 0x02, 0x00, 0x00, 0x48, 0x8b, 0xbc, 0x24, 0xb0, 0x02,
    0x00, 0x00, 0x49, 0x39, 0xfc, 0x0f, 0x84, 0x0b, 0x01, 0x00, 0x00, 0x48,
    0x8b, 0x8f, 0x20, 0x01, 0x00, 0x00, 0x48, 0x85, 0xc9, 0x74, 0x05, 0xe8,
    0xb4, 0x3f, 0x75, 0x00, 0x48, 0x8b, 0x8f, 0x00, 0x01, 0x00, 0x00, 0x48,
    0x85, 0xc9, 0x74, 0x05, 0xe8, 0xa3, 0x3f, 0x75, 0x00, 0x48, 0x8b, 0x8f,
    0xb8, 0x00, 0x00, 0x00, 0x48, 0x85, 0xc9, 0x74, 0x05, 0xe8, 0x92, 0x3f,
    0x75, 0x00, 0x48, 0x8b, 0x5f, 0x78, 0x4c, 0x8d, 0x77, 0x68, 0x48, 0x85,
    0xdb, 0x74, 0x49, 0x0f, 0x1f, 0x44, 0x00, 0x00, 0x48, 0x8b, 0x53, 0x18,
    0x4c, 0x89, 0xf1, 0xe8, 0x74, 0xa7, 0x6e, 0x00, 0x48, 0x8b, 0x4b, 0x40,
    0x48, 0x8d, 0x43, 0x50, 0x48, 0x8b, 0x6b, 0x10, 0x48, 0x39, 0xc1, 0x74,
    0x05, 0xe8, 0x5e, 0x3f, 0x75, 0x00, 0x48, 0x8b, 0x4b, 0x20, 0x48, 0x8d,
    0x43, 0x30, 0x48, 0x39, 0xc1, 0x74, 0x05, 0xe8, 0x4c, 0x3f, 0x75, 0x00,
    0x48, 0x89, 0xd9, 0x48, 0x89, 0xeb, 0xe8, 0x41, 0x3f, 0x75, 0x00, 0x48,
    0x85, 0xed, 0x75, 0xbc, 0x48, 0x8b, 0x4f, 0x40, 0x48, 0x85, 0xc9, 0x74,
    0x05, 0xe8, 0x2e, 0x3f, 0x75, 0x00, 0x48, 0x8b, 0x6f, 0x30, 0x48, 0x8b,
    0x5f, 0x28, 0x48, 0x39, 0xdd, 0x74, 0x31, 0x90, 0x48, 0x8b, 0x4b, 0x58,
    0x48, 0x8d, 0x43, 0x68, 0x48, 0x39, 0xc1, 0x74, 0x05, 0xe8, 0x0e, 0x3f,
    0x75, 0x00, 0x48, 0x8b, 0x0b, 0x48, 0x8d, 0x43, 0x10, 0x48, 0x39, 0xc1,
    0x74, 0x05, 0xe8, 0xfd, 0x3e, 0x75, 0x00, 0x48, 0x83, 0xc3, 0x78, 0x48,
    0x39, 0xdd, 0x75, 0xd4, 0x48, 0x8b, 0x5f, 0x28, 0x48, 0x85, 0xdb, 0x74,
    0x08, 0x48, 0x89, 0xd9, 0xe8, 0xe3, 0x3e, 0x75, 0x00, 0x48, 0x8b, 0x0f,
    0x48, 0x8d, 0x47, 0x10, 0x48, 0x39, 0xc1, 0x74, 0x05, 0xe8, 0xd2, 0x3e,
    0x75, 0x00, 0x48, 0x81, 0xc7, 0x38, 0x01, 0x00, 0x00, 0x49, 0x39, 0xfc,
    0x0f, 0x85, 0xfd, 0xfe, 0xff, 0xff, 0x48, 0x8b, 0xbc, 0x24, 0xb0, 0x02,
    0x00, 0x00, 0x48, 0x85, 0xff, 0x74, 0x08, 0x48, 0x89, 0xf9, 0xe8, 0xad,
    0x3e, 0x75, 0x00, 0x48, 0x8b, 0x94, 0x24, 0x90, 0x02, 0x00, 0x00, 0x49,
    0x8d, 0x4d, 0x20, 0xe8, 0x9c, 0xa6, 0x6e, 0x00, 0x4c, 0x8b, 0xa4, 0x24,
    0x68, 0x02, 0x00, 0x00, 0x48, 0x8b, 0xbc, 0x24, 0x60, 0x02, 0x00, 0x00,
    0x49, 0x39, 0xfc, 0x0f, 0x84, 0x09, 0x01, 0x00, 0x00, 0x48, 0x8b, 0x8f,
    0x20, 0x01, 0x00, 0x00, 0x48, 0x85, 0xc9, 0x74, 0x05, 0xe8, 0x72, 0x3e,
    0x75, 0x00, 0x48, 0x8b, 0x8f, 0x00, 0x01, 0x00, 0x00, 0x48, 0x85, 0xc9,
    0x74, 0x05, 0xe8, 0x61, 0x3e, 0x75, 0x00, 0x48, 0x8b, 0x8f, 0xb8, 0x00,
    0x00, 0x00, 0x48, 0x85, 0xc9, 0x74, 0x05, 0xe8, 0x50, 0x3e, 0x75, 0x00,
    0x48, 0x8b, 0x5f, 0x78, 0x4c, 0x8d, 0x6f, 0x68, 0x48, 0x85, 0xdb, 0x74,
    0x47, 0x0f, 0x1f, 0x00, 0x48, 0x8b, 0x53, 0x18, 0x4c, 0x89, 0xe9, 0xe8,
    0x34, 0xa6, 0x6e, 0x00, 0x48, 0x8b, 0x4b, 0x40, 0x48, 0x8d, 0x43, 0x50,
    0x48, 0x8b, 0x6b, 0x10, 0x48, 0x39, 0xc1, 0x74, 0x05, 0xe8, 0x1e, 0x3e,
    0x75, 0x00, 0x48, 0x8b, 0x4b, 0x20, 0x48, 0x8d, 0x43, 0x30, 0x48, 0x39,
    0xc1, 0x74, 0x05, 0xe8, 0x0c, 0x3e, 0x75, 0x00, 0x48, 0x89, 0xd9, 0x48,
    0x89, 0xeb, 0xe8, 0x01, 0x3e, 0x75, 0x00, 0x48, 0x85, 0xed, 0x75, 0xbc,
    0x48, 0x8b, 0x4f, 0x40, 0x48, 0x85, 0xc9, 0x74, 0x05, 0xe8, 0xee, 0x3d,
    0x75, 0x00, 0x48, 0x8b, 0x6f, 0x30, 0x48, 0x8b, 0x5f, 0x28, 0x48, 0x39,
    0xdd, 0x74, 0x31, 0x90, 0x48, 0x8b, 0x4b, 0x58, 0x48, 0x8d, 0x43, 0x68,
    0x48, 0x39, 0xc1, 0x74, 0x05, 0xe8, 0xce, 0x3d, 0x75, 0x00, 0x48, 0x8b,
    0x0b, 0x48, 0x8d, 0x43, 0x10, 0x48, 0x39, 0xc1, 0x74, 0x05, 0xe8, 0xbd,
    0x3d, 0x75, 0x00, 0x48, 0x83, 0xc3, 0x78, 0x48, 0x39, 0xdd, 0x75, 0xd4,
    0x48, 0x8b, 0x5f, 0x28, 0x48, 0x85, 0xdb, 0x74, 0x08, 0x48, 0x89, 0xd9,
    0xe8, 0xa3, 0x3d, 0x75, 0x00, 0x48, 0x8b, 0x0f, 0x48, 0x8d, 0x47, 0x10,
    0x48, 0x39, 0xc1, 0x74, 0x05, 0xe8, 0x92, 0x3d, 0x75, 0x00, 0x48, 0x81,
    0xc7, 0x38, 0x01, 0x00, 0x00, 0x49, 0x39, 0xfc, 0x0f, 0x85, 0xff, 0xfe,
    0xff, 0xff, 0x48, 0x8b, 0xbc, 0x24, 0x60, 0x02, 0x00, 0x00, 0x48, 0x85,
    0xff, 0x74, 0x08, 0x48, 0x89, 0xf9, 0xe8, 0x6d, 0x3d, 0x75, 0x00, 0x48,
    0x8b, 0xbc, 0x24, 0x88, 0x00, 0x00, 0x00, 0x48, 0x8b, 0x94, 0x24, 0xe0,
    0x04, 0x00, 0x00, 0x48, 0x8b, 0x84, 0x24, 0xa0, 0x03, 0x00, 0x00, 0x48,
    0x8d, 0x4f, 0x10, 0x48, 0x39, 0xca, 0x0f, 0x84, 0x6c, 0x2b, 0x00, 0x00,
    0x48, 0x8b, 0xbc, 0x24, 0x80, 0x00, 0x00, 0x00, 0x48, 0x8d, 0x4f, 0x10,
    0x48, 0x39, 0xc8, 0x0f, 0x84, 0x3d, 0x29, 0x00, 0x00, 0xf3, 0x0f, 0x6f,
    0x84, 0x24, 0xe8, 0x04, 0x00, 0x00, 0x48, 0x85, 0xc0, 0x48, 0x89, 0x94,
    0x24, 0xa0, 0x03, 0x00, 0x00, 0x48, 0x8b, 0x8c, 0x24, 0xb0, 0x03, 0x00,
    0x00, 0x0f, 0x11, 0x84, 0x24, 0xa8, 0x03, 0x00, 0x00, 0x0f, 0x84, 0x2c,
    0x29, 0x00, 0x00, 0x48, 0x89, 0x84, 0x24, 0xe0, 0x04, 0x00, 0x00, 0x48,
    0x89, 0x8c, 0x24, 0xf0, 0x04, 0x00, 0x00, 0x48, 0xc7, 0x84, 0x24, 0xe8,
    0x04, 0x00, 0x00, 0x00, 0x00, 0x00, 0x00, 0xc6, 0x00, 0x00, 0x8b, 0x84,
    0x24, 0x00, 0x05, 0x00, 0x00, 0x48, 0x8b, 0xbc, 0x24, 0xc8, 0x03, 0x00,
    0x00, 0x48, 0x8b, 0x9c, 0x24, 0xd0, 0x03, 0x00, 0x00, 0x89, 0x84, 0x24,
    0xc0, 0x03, 0x00, 0x00, 0x48, 0x8b, 0x84, 0x24, 0x08, 0x05, 0x00, 0x00,
    0x48, 0xc7, 0x84, 0x24, 0x08, 0x05, 0x00, 0x00, 0x00, 0x00, 0x00, 0x00,
    0x48, 0x89, 0xfd, 0x48, 0x39, 0xdf, 0x48, 0x89, 0x84, 0x24, 0xc8, 0x03,
    0x00, 0x00, 0x48, 0x8b, 0x84, 0x24, 0x10, 0x05, 0x00, 0x00, 0x48, 0xc7,
    0x84, 0x24, 0x10, 0x05, 0x00, 0x00, 0x00, 0x00, 0x00, 0x00, 0x48, 0x89,
    0x84, 0x24, 0xd0, 0x03, 0x00, 0x00, 0x48, 0x8b, 0x84, 0x24, 0x18, 0x05,
    0x00, 0x00, 0x48, 0xc7, 0x84, 0x24, 0x18, 0x05, 0x00, 0x00, 0x00, 0x00,
    0x00, 0x00, 0x48, 0x89, 0x84, 0x24, 0xd8, 0x03, 0x00, 0x00, 0x74, 0x2d,
    0x48, 0x8b, 0x4d, 0x58, 0x48, 0x8d, 0x45, 0x68, 0x48, 0x39, 0xc1, 0x74,
    0x05, 0xe8, 0x5e, 0x3c, 0x75, 0x00, 0x48, 0x8b, 0x4d, 0x00, 0x48, 0x8d,
    0x45, 0x10, 0x48, 0x39, 0xc1, 0x74, 0x05, 0xe8, 0x4c, 0x3c, 0x75, 0x00,
    0x48, 0x83, 0xc5, 0x78, 0x48, 0x39, 0xeb, 0x75, 0xd3, 0x48, 0x85, 0xff,
    0x74, 0x08, 0x48, 0x89, 0xf9, 0xe8, 0x36, 0x3c, 0x75, 0x00, 0x48, 0x8b,
    0x84, 0x24, 0x20, 0x05, 0x00, 0x00, 0x48, 0xc7, 0x84, 0x24, 0x20, 0x05,
    0x00, 0x00, 0x00, 0x00, 0x00, 0x00, 0x48, 0x8b, 0x8c, 0x24, 0xe0, 0x03,
    0x00, 0x00, 0x48, 0x89, 0x84, 0x24, 0xe0, 0x03, 0x00, 0x00, 0x48, 0x8b,
    0x84, 0x24, 0x28, 0x05, 0x00, 0x00, 0x48, 0xc7, 0x84, 0x24, 0x28, 0x05,
    0x00, 0x00, 0x00, 0x00, 0x00, 0x00, 0x48, 0x85, 0xc9, 0x48, 0x89, 0x84,
    0x24, 0xe8, 0x03, 0x00, 0x00, 0x48, 0x8b, 0x84, 0x24, 0x30, 0x05, 0x00,
    0x00, 0x48, 0xc7, 0x84, 0x24, 0x30, 0x05, 0x00, 0x00, 0x00, 0x00, 0x00,
    0x00, 0x48, 0x89, 0x84, 0x24, 0xf0, 0x03, 0x00, 0x00, 0x74, 0x05, 0xe8,
    0xd0, 0x3b, 0x75, 0x00, 0x48, 0x8b, 0xbc, 0x24, 0x80, 0x00, 0x00, 0x00,
    0x48, 0x8b, 0x94, 0x24, 0x18, 0x04, 0x00, 0x00, 0xf3, 0x0f, 0x6f, 0x84,
    0x24, 0x38, 0x05, 0x00, 0x00, 0x0f, 0x11, 0x84, 0x24, 0xf8, 0x03, 0x00,
    0x00, 0x48, 0x8d, 0x4f, 0x68, 0xe8, 0xa6, 0xa3, 0x6e, 0x00, 0x48, 0x8b,
    0x84, 0x24, 0x58, 0x05, 0x00, 0x00, 0x48, 0x8d, 0x57, 0x70, 0x48, 0xc7,
    0x84, 0x24, 0x18, 0x04, 0x00, 0x00, 0x00, 0x00, 0x00, 0x00, 0x48, 0x89,
    0x94, 0x24, 0x20, 0x04, 0x00, 0x00, 0x48, 0x89, 0x94, 0x24, 0x28, 0x04,
    0x00, 0x00, 0x48, 0xc7, 0x84, 0x24, 0x30, 0x04, 0x00, 0x00, 0x00, 0x00,
    0x00, 0x00, 0x48, 0x85, 0xc0, 0x74, 0x70, 0x48, 0x8b, 0x8c, 0x24, 0x60,
    0x05, 0x00, 0x00, 0x48, 0x89, 0x84, 0x24, 0x18, 0x04, 0x00, 0x00, 0x48,
    0x89, 0x8c, 0x24, 0x20, 0x04, 0x00, 0x00, 0x48, 0x8b, 0x8c, 0x24, 0x68,
    0x05, 0x00, 0x00, 0x48, 0x89, 0x8c, 0x24, 0x28, 0x04, 0x00, 0x00, 0x48,
    0x89, 0x50, 0x08, 0x48, 0x8b, 0x84, 0x24, 0x88, 0x00, 0x00, 0x00, 0x48,
    0xc7, 0x84, 0x24, 0x58, 0x05, 0x00, 0x00, 0x00, 0x00, 0x00, 0x00, 0x48,
    0x83, 0xc0, 0x70, 0x48, 0x89, 0x84, 0x24, 0x60, 0x05, 0x00, 0x00, 0x48,
    0x89, 0x84, 0x24, 0x68, 0x05, 0x00, 0x00, 0x48, 0x8b, 0x84, 0x24, 0x70,
    0x05, 0x00, 0x00, 0x48, 0xc7, 0x84, 0x24, 0x70, 0x05, 0x00, 0x00, 0x00,
    0x00, 0x00, 0x00, 0x48, 0x89, 0x84, 0x24, 0x30, 0x04, 0x00, 0x00, 0x8b,
    0x84, 0x24, 0x78, 0x05, 0x00, 0x00, 0x48, 0x8b, 0x8c, 0x24, 0x58, 0x04,
    0x00, 0x00, 0xf2, 0x0f, 0x10, 0x84, 0x24, 0x88, 0x05, 0x00, 0x00, 0x66,
    0x0f, 0x16, 0x84, 0x24, 0x90, 0x05, 0x00, 0x00, 0x89, 0x84, 0x24, 0x38,
    0x04, 0x00, 0x00, 0x0f, 0xb6, 0x84, 0x24, 0x7c, 0x05, 0x00, 0x00, 0x66,
    0x0f, 0x13, 0x84, 0x24, 0x48, 0x04, 0x00, 0x00, 0x48, 0x85, 0xc9, 0x66,
    0x0f, 0x17, 0x84, 0x24, 0x50, 0x04, 0x00, 0x00, 0x88, 0x84, 0x24, 0x3c,
    0x04, 0x00, 0x00, 0x0f, 0xb6, 0x84, 0x24, 0x80, 0x05, 0x00, 0x00, 0x88,
    0x84, 0x24, 0x40, 0x04, 0x00, 0x00, 0x0f, 0xb6, 0x84, 0x24, 0x81, 0x05,
    0x00, 0x00, 0x88, 0x84, 0x24, 0x41, 0x04, 0x00, 0x00, 0x8b, 0x84, 0x24,
    0x84, 0x05, 0x00, 0x00, 0x89, 0x84, 0x24, 0x44, 0x04, 0x00, 0x00, 0x48,
    0x8b, 0x84, 0x24, 0x98, 0x05, 0x00, 0x00, 0x48, 0xc7, 0x84, 0x24, 0x98,
    0x05, 0x00, 0x00, 0x00, 0x00, 0x00, 0x00, 0x48, 0x89, 0x84, 0x24, 0x58,
    0x04, 0x00, 0x00, 0x48, 0x8b, 0x84, 0x24, 0xa0, 0x05, 0x00, 0x00, 0x48,
    0xc7, 0x84, 0x24, 0xa0, 0x05, 0x00, 0x00, 0x00, 0x00, 0x00, 0x00, 0x48,
    0x89, 0x84, 0x24, 0x60, 0x04, 0x00, 0x00, 0x48, 0x8b, 0x84, 0x24, 0xa8,
    0x05, 0x00, 0x00, 0x48, 0xc7, 0x84, 0x24, 0xa8, 0x05, 0x00, 0x00, 0x00,
    0x00, 0x00, 0x00, 0x48, 0x89, 0x84, 0x24, 0x68, 0x04, 0x00, 0x00, 0x74,
    0x05, 0xe8, 0x2a, 0x3a, 0x75, 0x00, 0x8b, 0x84, 0x24, 0xb0, 0x05, 0x00,
    0x00, 0x48, 0x8b, 0x8c, 0x24, 0xa0, 0x04, 0x00, 0x00, 0xf2, 0x0f, 0x10,
    0x84, 0x24, 0xb8, 0x05, 0x00, 0x00, 0x89, 0x84, 0x24, 0x70, 0x04, 0x00,
    0x00, 0x8b, 0x84, 0x24, 0xc0, 0x05, 0x00, 0x00, 0xf2, 0x0f, 0x11, 0x84,
    0x24, 0x78, 0x04, 0x00, 0x00, 0x48, 0x85, 0xc9, 0xf2, 0x0f, 0x10, 0x84,
    0x24, 0xc8, 0x05, 0x00, 0x00, 0x66, 0x0f, 0x16, 0x84, 0x24, 0xd0, 0x05,
    0x00, 0x00, 0x89, 0x84, 0x24, 0x80, 0x04, 0x00, 0x00, 0x8b, 0x84, 0x24,
    0xd8, 0x05, 0x00, 0x00, 0x66, 0x0f, 0x13, 0x84, 0x24, 0x88, 0x04, 0x00,
    0x00, 0x66, 0x0f, 0x17, 0x84, 0x24, 0x90, 0x04, 0x00, 0x00, 0x89, 0x84,
    0x24, 0x98, 0x04, 0x00, 0x00, 0x48, 0x8b, 0x84, 0x24, 0xe0, 0x05, 0x00,
    0x00, 0x48, 0xc7, 0x84, 0x24, 0xe0, 0x05, 0x00, 0x00, 0x00, 0x00, 0x00,
    0x00, 0x48, 0x89, 0x84, 0x24, 0xa0, 0x04, 0x00, 0x00, 0x48, 0x8b, 0x84,
    0x24, 0xe8, 0x05, 0x00, 0x00, 0x48, 0xc7, 0x84, 0x24, 0xe8, 0x05, 0x00,
    0x00, 0x00, 0x00, 0x00, 0x00, 0x48, 0x89, 0x84, 0x24, 0xa8, 0x04, 0x00,
    0x00, 0x48, 0x8b, 0x84, 0x24, 0xf0, 0x05, 0x00, 0x00, 0x48, 0xc7, 0x84,
    0x24, 0xf0, 0x05, 0x00, 0x00, 0x00, 0x00, 0x00, 0x00, 0x48, 0x89, 0x84,
    0x24, 0xb0, 0x04, 0x00, 0x00, 0x74, 0x05, 0xe8, 0x64, 0x39, 0x75, 0x00,
    0x0f, 0xb6, 0x84, 0x24, 0xf8, 0x05, 0x00, 0x00, 0x48, 0x8b, 0x8c, 0x24,
    0xc0, 0x04, 0x00, 0x00, 0x88, 0x84, 0x24, 0xb8, 0x04, 0x00, 0x00, 0x48,
    0x8b, 0x84, 0x24, 0x00, 0x06, 0x00, 0x00, 0x48, 0xc7, 0x84, 0x24, 0x00,
    0x06, 0x00, 0x00, 0x00, 0x00, 0x00, 0x00, 0x48, 0x85, 0xc9, 0x48, 0x89,
    0x84, 0x24, 0xc0, 0x04, 0x00, 0x00, 0x48, 0x8b, 0x84, 0x24, 0x08, 0x06,
    0x00, 0x00, 0x48, 0xc7, 0x84, 0x24, 0x08, 0x06, 0x00, 0x00, 0x00, 0x00,
    0x00, 0x00, 0x48, 0x89, 0x84, 0x24, 0xc8, 0x04, 0x00, 0x00, 0x48, 0x8b,
    0x84, 0x24, 0x10, 0x06, 0x00, 0x00, 0x48, 0xc7, 0x84, 0x24, 0x10, 0x06,
    0x00, 0x00, 0x00, 0x00, 0x00, 0x00, 0x48, 0x89, 0x84, 0x24, 0xd0, 0x04,
    0x00, 0x00, 0x74, 0x17, 0xe8, 0xef, 0x38, 0x75, 0x00, 0x48, 0x8b, 0x8c,
    0x24, 0x00, 0x06, 0x00, 0x00, 0x48, 0x85, 0xc9, 0x74, 0x05, 0xe8, 0xdd,
    0x38, 0x75, 0x00, 0x48, 0x8b, 0x8c, 0x24, 0xe0, 0x05, 0x00, 0x00, 0x48,
    0x85, 0xc9, 0x74, 0x05, 0xe8, 0xcb, 0x38, 0x75, 0x00, 0x48, 0x8b, 0x8c,
    0x24, 0x98, 0x05, 0x00, 0x00, 0x48, 0x85, 0xc9, 0x74, 0x05, 0xe8, 0xb9,
    0x38, 0x75, 0x00, 0x48, 0x8b, 0x84, 0x24, 0x88, 0x00, 0x00, 0x00, 0x48,
    0x8b, 0x94, 0x24, 0x58, 0x05, 0x00, 0x00, 0x48, 0x8d, 0x48, 0x68, 0xe8,
    0xa0, 0xa0, 0x6e, 0x00, 0x48, 0x8b, 0x8c, 0x24, 0x20, 0x05, 0x00, 0x00,
    0x48, 0x85, 0xc9, 0x74, 0x05, 0xe8, 0x8e, 0x38, 0x75, 0x00, 0x48, 0x8b,
    0x9c, 0x24, 0x10, 0x05, 0x00, 0x00, 0x48, 0x8b, 0xbc, 0x24, 0x08, 0x05,
    0x00, 0x00, 0x48, 0x39, 0xfb, 0x74, 0x34, 0x48, 0x8b, 0x4f, 0x58, 0x48,
    0x8d, 0x47, 0x68, 0x48, 0x39, 0xc1, 0x74, 0x05, 0xe8, 0x67, 0x38, 0x75,
    0x00, 0x48, 0x8b, 0x0f, 0x48, 0x8d, 0x47, 0x10, 0x48, 0x39, 0xc1, 0x74,
    0x05, 0xe8, 0x56, 0x38, 0x75, 0x00, 0x48, 0x83, 0xc7, 0x78, 0x48, 0x39,
    0xfb, 0x75, 0xd4, 0x48, 0x8b, 0xbc, 0x24, 0x08, 0x05, 0x00, 0x00, 0x48,
    0x85, 0xff, 0x74, 0x08, 0x48, 0x89, 0xf9, 0xe8, 0x38, 0x38, 0x75, 0x00,
    0x48, 0x8b, 0x84, 0x24, 0x88, 0x00, 0x00, 0x00, 0x48, 0x8b, 0x8c, 0x24,
    0xe0, 0x04, 0x00, 0x00, 0x48, 0x83, 0xc0, 0x10, 0x48, 0x39, 0xc1, 0x74,
    0x05, 0xe8, 0x1a, 0x38, 0x75, 0x00, 0x48, 0x89, 0xf1, 0xe8, 0x52, 0x86,
    0x2d, 0x00, 0x48, 0x89, 0xc1, 0xe8, 0xda, 0x36, 0x2b, 0x00, 0x66, 0x0f,
    0x28, 0xf0, 0x48, 0x89, 0xf1, 0xf2, 0x0f, 0x58, 0xf0, 0xe8, 0x3a, 0x86,
    0x2d, 0x00, 0x48, 0x89, 0xc1, 0xe8, 0xb2, 0x36, 0x2b, 0x00, 0x48, 0x8d,
    0x84, 0x24, 0xe0, 0x09, 0x00, 0x00, 0x66, 0x0f, 0x28, 0xc8, 0x66, 0x0f,
    0x28, 0xd6, 0xf2, 0x0f, 0x58, 0xc8, 0x48, 0x89, 0xc1, 0x48, 0x89, 0x44,
    0x24, 0x68, 0xe8, 0xf1, 0xe3, 0x00, 0x00, 0x48, 0x8b, 0x8c, 0x24, 0x80,
    0x00, 0x00, 0x00, 0x48, 0xc7, 0x84, 0x24, 0x90, 0x01, 0x00, 0x00, 0x00,
    0x00, 0x00, 0x00, 0x48, 0xc7, 0x84, 0x24, 0x98, 0x01, 0x00, 0x00, 0x00,
    0x00, 0x00, 0x00, 0x48, 0xc7, 0x84, 0x24, 0xa0, 0x01, 0x00, 0x00, 0x00,
    0x00, 0x00, 0x00, 0xe8, 0xb0, 0x83, 0x2d, 0x00, 0x4c, 0x8b, 0x20, 0x48,
    0x8b, 0x40, 0x08, 0x49, 0x39, 0xc4, 0x48, 0x89, 0x44, 0x24, 0x78, 0x0f,
    0x84, 0xe6, 0x03, 0x00, 0x00, 0x48, 0x8d, 0x84, 0x24, 0xd0, 0x0b, 0x00,
    0x00, 0x66, 0x0f, 0xef, 0xff, 0x66, 0x0f, 0x28, 0xf7, 0x48, 0x89, 0x44,
    0x24, 0x60, 0x48, 0x8d, 0x84, 0x24, 0xa0, 0x08, 0x00, 0x00, 0x48, 0x89,
    0x44, 0x24, 0x70, 0x48, 0x8d, 0x84, 0x24, 0x60, 0x07, 0x00, 0x00, 0x48,
    0x89, 0x84, 0x24, 0x90, 0x00, 0x00, 0x00, 0x48, 0x8d, 0x84, 0x24, 0x20,
    0x06, 0x00, 0x00, 0x48, 0x89, 0x84, 0x24, 0x98, 0x00, 0x00, 0x00, 0x48,
    0x8d, 0x84, 0x24, 0x90, 0x01, 0x00, 0x00, 0x48, 0x89, 0x84, 0x24, 0xa8,
    0x00, 0x00, 0x00, 0xe9, 0xcd, 0x00, 0x00, 0x00, 0x0f, 0x1f, 0x40, 0x00,
    0xc6, 0x45, 0x20, 0x01, 0xf2, 0x0f, 0x11, 0x75, 0x28, 0xf2, 0x0f, 0x11,
    0x75, 0x30, 0xf2, 0x0f, 0x11, 0x75, 0x38, 0xf2, 0x0f, 0x11, 0x75, 0x40,
    0x48, 0x8d, 0x4d, 0x48, 0x4c, 0x89, 0xf2, 0xe8, 0x4c, 0xd2, 0x01, 0x00,
    0x48, 0x8b, 0x84, 0x24, 0xd0, 0x0b, 0x00, 0x00, 0x48, 0x8b, 0x94, 0x24,
    0xd8, 0x0b, 0x00, 0x00, 0xc6, 0x85, 0x80, 0x00, 0x00, 0x00, 0x00, 0xc6,
    0x85, 0x81, 0x00, 0x00, 0x00, 0x00, 0xf2, 0x0f, 0x11, 0xbd, 0x88, 0x00,
    0x00, 0x00, 0x48, 0x89, 0x45, 0x70, 0x48, 0x89, 0x55, 0x78, 0xc7, 0x85,
    0x90, 0x00, 0x00, 0x00, 0xff, 0xff, 0xff, 0xff, 0xc7, 0x85, 0x94, 0x00,
    0x00, 0x00, 0xff, 0xff, 0xff, 0xff, 0x48, 0xc7, 0x85, 0x98, 0x00, 0x00,
    0x00, 0x00, 0x00, 0x00, 0x00, 0x48, 0xc7, 0x85, 0xa0, 0x00, 0x00, 0x00,
    0x00, 0x00, 0x00, 0x00, 0x48, 0xc7, 0x85, 0xa8, 0x00, 0x00, 0x00, 0x00,
    0x00, 0x00, 0x00, 0xc6, 0x85, 0xb0, 0x00, 0x00, 0x00, 0x00, 0xc6, 0x85,
    0xb1, 0x00, 0x00, 0x00, 0x00, 0xc7, 0x85, 0xb4, 0x00, 0x00, 0x00, 0xff,
    0xff, 0xff, 0xff, 0x48, 0x8b, 0xac, 0x24, 0x98, 0x01, 0x00, 0x00, 0x48,
    0x81, 0xc5, 0xb8, 0x00, 0x00, 0x00, 0x49, 0x83, 0xc4, 0x78, 0x4c, 0x39,
    0x64, 0x24, 0x78, 0x48, 0x89, 0xac, 0x24, 0x98, 0x01, 0x00, 0x00, 0xc6,
    0x45, 0xf8, 0x01, 0x0f, 0x84, 0xc2, 0x02, 0x00, 0x00, 0x48, 0x8b, 0x4c,
    0x24, 0x60, 0x4c, 0x89, 0xe2, 0xe8, 0x7a, 0xb5, 0x2d, 0x00, 0x48, 0x8b,
    0x7c, 0x24, 0x70, 0x4c, 0x89, 0xe2, 0x48, 0x89, 0xf9, 0xe8, 0x8a, 0xb5,
    0x2d, 0x00, 0x4c, 0x89, 0xe1, 0xe8, 0x52, 0xb5, 0x2d, 0x00, 0x4c, 0x89,
    0xe1, 0x89, 0xc3, 0xe8, 0xc8, 0xb5, 0x2d, 0x00, 0x48, 0x8b, 0x4c, 0x24,
    0x68, 0x41, 0x89, 0xd8, 0x48, 0x89, 0xc2, 0xe8, 0x08, 0xf2, 0x00, 0x00,
    0x48, 0x8b, 0xac, 0x24, 0x98, 0x01, 0x00, 0x00, 0x48, 0x89, 0x84, 0x24,
    0x60, 0x07, 0x00, 0x00, 0x48, 0x3b, 0xac, 0x24, 0xa0, 0x01, 0x00, 0x00,
    0xc7, 0x84, 0x24, 0x20, 0x06, 0x00, 0x00, 0x04, 0x00, 0x00, 0x00, 0x0f,
    0x84, 0x13, 0x02, 0x00, 0x00, 0x48, 0x85, 0xed, 0x0f, 0x84, 0x6d, 0xff,
    0xff, 0xff, 0x4c, 0x8d, 0x75, 0x08, 0xc7, 0x45, 0x00, 0x04, 0x00, 0x00,
    0x00, 0x49, 0x89, 0xf8, 0x48, 0x89, 0xc2, 0x4c, 0x89, 0xf1, 0xe8, 0x4d,
    0xd0, 0x01, 0x00, 0x31, 0xd2, 0x4c, 0x89, 0xf1, 0xe8, 0x63, 0xd0, 0x01,
    0x00, 0x84, 0xc0, 0x0f, 0x84, 0x9b, 0xfe, 0xff, 0xff, 0x48, 0x8d, 0x9c,
    0x24, 0xb0, 0x01, 0x00, 0x00, 0x45, 0x31, 0xc0, 0x4c, 0x89, 0xf2, 0x48,
    0x89, 0xd9, 0xe8, 0x65, 0xd0, 0x01, 0x00, 0x48, 0x8d, 0x4d, 0x20, 0x48,
    0x89, 0xda, 0xe8, 0xf9, 0x88, 0x38, 0x00, 0x4c, 0x8b, 0xac, 0x24, 0xb8,
    0x01, 0x00, 0x00, 0x48, 0x8b, 0xbc, 0x24, 0xb0, 0x01, 0x00, 0x00, 0x49,
    0x39, 0xfd, 0x74, 0x59, 0x0f, 0x1f, 0x40, 0x00, 0x4c, 0x8b, 0x7f, 0x20,
    0x48, 0x8b, 0x5f, 0x18, 0x49, 0x39, 0xdf, 0x74, 0x1d, 0x0f, 0x1f, 0x00,
    0x48, 0x8b, 0x0b, 0x48, 0x85, 0xc9, 0x74, 0x05, 0xe8, 0x73, 0x35, 0x75,
    0x00, 0x48, 0x83, 0xc3, 0x18, 0x49, 0x39, 0xdf, 0x75, 0xea, 0x48, 0x8b,
    0x5f, 0x18, 0x48, 0x85, 0xdb, 0x74, 0x08, 0x48, 0x89, 0xd9, 0xe8, 0x59,
    0x35, 0x75, 0x00, 0x48, 0x8b, 0x0f, 0x48, 0x85, 0xc9, 0x74, 0x05, 0xe8,
    0x4c, 0x35, 0x75, 0x00, 0x48, 0x83, 0xc7, 0x30, 0x49, 0x39, 0xfd, 0x75,
    0xb3, 0x48, 0x8b, 0xbc, 0x24, 0xb0, 0x01, 0x00, 0x00, 0x48, 0x85, 0xff,
    0x0f, 0x84, 0x1a, 0xfe, 0xff, 0xff, 0x48, 0x89, 0xf9, 0xe8, 0x2a, 0x35,
    0x75, 0x00, 0xe9, 0x0d, 0xfe, 0xff, 0xff, 0x48, 0x83, 0xfd, 0x0f, 0x48,
    0x89, 0xac, 0x24, 0x38, 0x01, 0x00, 0x00, 0x0f, 0x87, 0x8a, 0x00, 0x00,
    0x00, 0x48, 0x83, 0xfd, 0x01, 0x0f, 0x84, 0x0d, 0x01, 0x00, 0x00, 0x48,
    0x85, 0xed, 0x4c, 0x89, 0xe0, 0x0f, 0x85, 0x35, 0x1f, 0x00, 0x00, 0x48,
    0x89, 0x6b, 0x08, 0xc6, 0x04, 0x28, 0x00, 0x8b, 0x47, 0x20, 0x48, 0x8b,
    0x57, 0x30, 0x89, 0x43, 0x20, 0x48, 0x8b, 0x47, 0x28, 0x48, 0x89, 0x53,
    0x30, 0x48, 0x8b, 0x57, 0x40, 0x48, 0x89, 0x43, 0x28, 0x48, 0x8b, 0x47,
    0x38, 0x48, 0x8b, 0x6f, 0x60, 0x48, 0x89, 0x53, 0x40, 0x48, 0x89, 0x43,
    0x38, 0x48, 0x8b, 0x47, 0x48, 0x48, 0x89, 0x43, 0x48, 0x0f, 0xb6, 0x47,
    0x50, 0x88, 0x43, 0x50, 0x8b, 0x47, 0x54, 0x89, 0x43, 0x54, 0x48, 0x8d,
    0x43, 0x68, 0x48, 0x89, 0x43, 0x58, 0x4c, 0x8b, 0x6f, 0x58, 0x4c, 0x89,
    0xea, 0x48, 0x01, 0xea, 0x0f, 0x84, 0x0e, 0xeb, 0xff, 0xff, 0x4d, 0x85,
    0xed, 0x0f, 0x85, 0x05, 0xeb, 0xff, 0xff, 0x48, 0x8d, 0x0d, 0x1e, 0xd7,
    0x77, 0x00, 0xe8, 0x09, 0x58, 0x73, 0x00, 0x48, 0x8b, 0x54, 0x24, 0x68,
    0x45, 0x31, 0xc0, 0x48, 0x89, 0xd9, 0xe8, 0x69, 0xbb, 0x6c, 0x00, 0x48,
    0x89, 0xc1, 0x48, 0x89, 0x03, 0x48, 0x8b, 0x84, 0x24, 0x38, 0x01, 0x00,
    0x00, 0x48, 0x89, 0x43, 0x10, 0x49, 0x89, 0xe8, 0x4c, 0x89, 0xea, 0xe8,
    0xa4, 0xa2, 0x3f, 0x00, 0x48, 0x8b, 0xac, 0x24, 0x38, 0x01, 0x00, 0x00,
    0x48, 0x8b, 0x03, 0xe9, 0x4f, 0xff, 0xff, 0xff, 0x48, 0x8b, 0x54, 0x24,
    0x60, 0x48, 0x8d, 0x4b, 0x58, 0x45, 0x31, 0xc0, 0xe8, 0x2b, 0xbb, 0x6c,
    0x00, 0x48, 0x89, 0xc1, 0x48, 0x89, 0x43, 0x58, 0x48, 0x8b, 0x84, 0x24,
    0x40, 0x01, 0x00, 0x00, 0x48, 0x89, 0x43, 0x68, 0x49, 0x89, 0xe8, 0x4c,
    0x89, 0xea, 0xe8, 0x65, 0xa2, 0x3f, 0x00, 0x48, 0x8b, 0xac, 0x24, 0x40,
    0x01, 0x00, 0x00, 0x48, 0x8b, 0x53, 0x58, 0xe9, 0xa4, 0xea, 0xff, 0xff,
    0x41, 0x0f, 0xb6, 0x55, 0x00, 0x88, 0x53, 0x68, 0x48, 0x89, 0xc2, 0xe9,
    0x94, 0xea, 0xff, 0xff, 0x41, 0x0f, 0xb6, 0x45, 0x00, 0x88, 0x43, 0x10,
    0x4c, 0x89, 0xe0, 0xe9, 0xef, 0xfe, 0xff, 0xff, 0x48, 0x8b, 0x44, 0x24,
    0x60, 0x4c, 0x8b, 0x4c, 0x24, 0x70, 0x4c, 0x8b, 0x84, 0x24, 0x90, 0x00,
    0x00, 0x00, 0x48, 0x8b, 0x94, 0x24, 0x98, 0x00, 0x00, 0x00, 0x48, 0x8b,
    0x8c, 0x24, 0xa8, 0x00, 0x00, 0x00, 0x48, 0x89, 0x44, 0x24, 0x20, 0xe8,
    0x40, 0x47, 0x69, 0x00, 0x48, 0x8b, 0xac, 0x24, 0x98, 0x01, 0x00, 0x00,
    0x49, 0x83, 0xc4, 0x78, 0x4c, 0x39, 0x64, 0x24, 0x78, 0xc6, 0x45, 0xf8,
    0x01, 0x0f, 0x85, 0x3e, 0xfd, 0xff, 0xff, 0x48, 0x89, 0xf1, 0xe8, 0xdd,
    0x81, 0x2d, 0x00, 0x48, 0x89, 0xc1, 0xe8, 0x65, 0x32, 0x2b, 0x00, 0x48,
    0x8d, 0x84, 0x24, 0xf0, 0x00, 0x00, 0x00, 0x66, 0x0f, 0x28, 0xf0, 0x48,
    0x89, 0xc1, 0x48, 0x89, 0xc7, 0x48, 0x89, 0x44, 0x24, 0x78, 0xe8, 0xc9,
    0xe7, 0x3a, 0x00, 0x48, 0x89, 0xf9, 0xe8, 0x41, 0xe8, 0x3a, 0x00, 0x66,
    0x41, 0x0f, 0x28, 0xe0, 0x66, 0x0f, 0xef, 0xff, 0xf2, 0x44, 0x0f, 0x59,
    0x0d, 0x8f, 0xd6, 0x77, 0x00, 0xf2, 0x0f, 0x5c, 0xe0, 0x66, 0x0f, 0x2e,
    0xe7, 0x76, 0x7f, 0x48, 0x8b, 0x4c, 0x24, 0x78, 0xe8, 0x1b, 0xe8, 0x3a,
    0x00, 0x66, 0x41, 0x0f, 0x28, 0xd8, 0x66, 0x41, 0x0f, 0x28, 0xe2, 0x48,
    0x8b, 0x84, 0x24, 0x80, 0x0e, 0x00, 0x00, 0xc7, 0x44, 0x24, 0x48, 0x00,
    0x00, 0x00, 0x00, 0xf2, 0x0f, 0x5c, 0xd8, 0x48, 0x8b, 0x4c, 0x24, 0x68,
    0x48, 0x8d, 0x94, 0x24, 0x90, 0x01, 0x00, 0x00, 0xf2, 0x44, 0x0f, 0x11,
    0x4c, 0x24, 0x38, 0x48, 0xc7, 0x44, 0x24, 0x30, 0x00, 0x00, 0x00, 0x00,
    0x41, 0xb9, 0x14, 0x00, 0x00, 0x00, 0x66, 0x0f, 0x28, 0xd6, 0xf2, 0x0f,
    0x5f, 0xe3, 0x48, 0x89, 0x44, 0x24, 0x50, 0xf2, 0x0f, 0x10, 0x1d, 0x2d,
    0xd6, 0x77, 0x00, 0xf2, 0x0f, 0x11, 0x5c, 0x24, 0x28, 0xf2, 0x0f, 0x10,
    0x1d, 0x27, 0xd6, 0x77, 0x00, 0xf2, 0x0f, 0x11, 0x64, 0x24, 0x40, 0xf2,
    0x0f, 0x11, 0x5c, 0x24, 0x20, 0xe8, 0xe6, 0x4f, 0x00, 0x00, 0x48, 0x8b,
    0x4c, 0x24, 0x78, 0xe8, 0x9c, 0xe7, 0x3a, 0x00, 0x66, 0x41, 0x0f, 0x28,
    0xe8, 0xf2, 0x0f, 0x5c, 0xe8, 0x66, 0x0f, 0x2e, 0xef, 0x76, 0x7f, 0x48,
    0x8b, 0x4c, 0x24, 0x78, 0xe8, 0x83, 0xe7, 0x3a, 0x00, 0x66, 0x41, 0x0f,
    0x28, 0xd8, 0x66, 0x41, 0x0f, 0x28, 0xe2, 0x48, 0x8b, 0x84, 0x24, 0x80,
    0x0e, 0x00, 0x00, 0xc7, 0x44, 0x24, 0x48, 0x01, 0x00, 0x00, 0x00, 0xf2,
    0x0f, 0x5c, 0xd8, 0x48, 0x8b, 0x4c, 0x24, 0x68, 0x48, 0x8d, 0x94, 0x24,
    0x90, 0x01, 0x00, 0x00, 0xf2, 0x44, 0x0f, 0x11, 0x4c, 0x24, 0x38, 0xf2,
    0x0f, 0x10, 0x2d, 0xb9, 0xd5, 0x77, 0x00, 0x41, 0xb9, 0x14, 0x00, 0x00,
    0x00, 0x66, 0x0f, 0x28, 0xd6, 0x48, 0xc7, 0x44, 0x24, 0x30, 0x00, 0x00,
    0x00, 0x00, 0xf2, 0x0f, 0x5f, 0xe3, 0x48, 0x89, 0x44, 0x24, 0x50, 0xf2,
    0x0f, 0x11, 0x6c, 0x24, 0x20, 0xf2, 0x0f, 0x11, 0x64, 0x24, 0x40, 0xf2,
    0x0f, 0x10, 0x25, 0x81, 0xd5, 0x77, 0x00, 0xf2, 0x0f, 0x11, 0x64, 0x24,
    0x28, 0xe8, 0x4e, 0x4f, 0x00, 0x00, 0x48, 0x8b, 0x4c, 0x24, 0x78, 0xe8,
    0x04, 0xe7, 0x3a, 0x00, 0x66, 0x41, 0x0f, 0x28, 0xe8, 0xf2, 0x0f, 0x5c,
    0xe8, 0x66, 0x0f, 0x2e, 0xef, 0x76, 0x7f, 0x48, 0x8b, 0x4c, 0x24, 0x78,
    0xe8, 0xeb, 0xe6, 0x3a, 0x00, 0x66, 0x41, 0x0f, 0x28, 0xc8, 0x66, 0x41,
    0x0f, 0x28, 0xd2, 0x48, 0x8b, 0x84, 0x24, 0x80, 0x0e, 0x00, 0x00, 0xc7,
    0x44, 0x24, 0x48, 0x00, 0x00, 0x00, 0x00, 0xf2, 0x0f, 0x5c, 0xc8, 0x48,
    0x8b, 0x4c, 0x24, 0x68, 0x48, 0x8d, 0x94, 0x24, 0x90, 0x01, 0x00, 0x00,
    0xf2, 0x44, 0x0f, 0x11, 0x4c, 0x24, 0x38, 0x48, 0xc7, 0x44, 0x24, 0x30,
    0x00, 0x00, 0x00, 0x00, 0x41, 0xb9, 0x14, 0x00, 0x00, 0x00, 0xf2, 0x0f,
    0x5f, 0xd1, 0x48, 0x89, 0x44, 0x24, 0x50, 0xf2, 0x0f, 0x10, 0x0d, 0x11,
    0xd5, 0x77, 0x00, 0xf2, 0x0f, 0x11, 0x4c, 0x24, 0x28, 0xf2, 0x0f, 0x11,
    0x54, 0x24, 0x40, 0xf2, 0x0f, 0x10, 0x15, 0x05, 0xd5, 0x77, 0x00, 0xf2,
    0x0f, 0x11, 0x54, 0x24, 0x20, 0x66, 0x0f, 0x28, 0xd6, 0xe8, 0xb6, 0x4e,
    0x00, 0x00, 0x48, 0x8b, 0x4c, 0x24, 0x78, 0xe8, 0x6c, 0xe6, 0x3a, 0x00,
    0x66, 0x41, 0x0f, 0x28, 0xe8, 0xf2, 0x0f, 0x5c, 0xe8, 0x66, 0x0f, 0x2e,
    0xef, 0x76, 0x78, 0x48, 0x8b, 0x4c, 0x24, 0x78, 0xe8, 0x53, 0xe6, 0x3a,
    0x00, 0xf2, 0x44, 0x0f, 0x5c, 0xc0, 0x48, 0x8b, 0x4c, 0x24, 0x68, 0x48,
    0x8d, 0x94, 0x24, 0x90, 0x01, 0x00, 0x00, 0xc7, 0x44, 0x24, 0x48, 0x00,
    0x00, 0x00, 0x00, 0x48, 0x8b, 0x84, 0x24, 0x80, 0x0e, 0x00, 0x00, 0xf2,
    0x44, 0x0f, 0x11, 0x4c, 0x24, 0x38, 0x66, 0x0f, 0x28, 0xd6, 0x41, 0xb9,
    0x64, 0x00, 0x00, 0x00, 0xf2, 0x0f, 0x10, 0x1d, 0xa0, 0xd4, 0x77, 0x00,
    0x48, 0xc7, 0x44, 0x24, 0x30, 0x00, 0x00, 0x00, 0x00, 0xf2, 0x0f, 0x10,
    0x25, 0x97, 0xd4, 0x77, 0x00, 0xf2, 0x45, 0x0f, 0x5f, 0xd0, 0xf2, 0x0f,
    0x11, 0x5c, 0x24, 0x28, 0x48, 0x89, 0x44, 0x24, 0x50, 0xf2, 0x44, 0x0f,
    0x11, 0x54, 0x24, 0x40, 0xf2, 0x0f, 0x11, 0x64, 0x24, 0x20, 0xe8, 0x25,
    0x4e, 0x00, 0x00, 0x48, 0x8b, 0x8c, 0x24, 0x80, 0x00, 0x00, 0x00, 0xe8,
    0x48, 0x7f, 0x2d, 0x00, 0x48, 0x8d, 0xbc, 0x24, 0x20, 0x06, 0x00, 0x00,
    0x41, 0xb8, 0x01, 0x00, 0x00, 0x00, 0x48, 0x89, 0xc2, 0x48, 0x89, 0xf9,
    0x48, 0x89, 0x7c, 0x24, 0x70, 0xe8, 0x0a, 0x7a, 0x2d, 0x00, 0x48, 0x8b,
    0x9c, 0x24, 0x90, 0x01, 0x00, 0x00, 0x4c, 0x8d, 0xbc, 0x24, 0xd0, 0x0b,
    0x00, 0x00, 0x4c, 0x8b, 0xb4, 0x24, 0x98, 0x01, 0x00, 0x00, 0x49, 0x39,
    0xde, 0x74, 0x67, 0x48, 0x8b, 0x4b, 0x08, 0x48, 0x8d, 0x6b, 0x10, 0xf2,
    0x0f, 0x10, 0x43, 0x70, 0x44, 0x8b, 0xab, 0xb4, 0x00, 0x00, 0x00, 0x66,
    0x0f, 0x16, 0x43, 0x78, 0x44, 0x0f, 0xb6, 0xa3, 0xb0, 0x00, 0x00, 0x00,
    0x0f, 0x29, 0x84, 0x24, 0xd0, 0x0b, 0x00, 0x00, 0xe8, 0xcf, 0x10, 0x02,
    0x00, 0x48, 0x8b, 0x4b, 0x08, 0x89, 0xc7, 0xe8, 0xa4, 0x10, 0x02, 0x00,
    0x48, 0x8b, 0x4c, 0x24, 0x70, 0x44, 0x89, 0x6c, 0x24, 0x30, 0x49, 0x89,
    0xe9, 0x41, 0x89, 0xf8, 0x44, 0x89, 0x64, 0x24, 0x28, 0x48, 0x89, 0xc2,
    0x4c, 0x89, 0x7c, 0x24, 0x20, 0xe8, 0x32, 0xa5, 0x2d, 0x00, 0x48, 0x81,
    0xc3, 0xb8, 0x00, 0x00, 0x00, 0x49, 0x39, 0xde, 0x75, 0x99, 0x48, 0x8d,
    0x84, 0x24, 0x00, 0x03, 0x00, 0x00, 0x48, 0x89, 0xc1, 0x48, 0x89, 0x84,
    0x24, 0x98, 0x00, 0x00, 0x00, 0xe8, 0x5e, 0x6b, 0x2d, 0x00, 0x48, 0x8b,
    0x8c, 0x24, 0x08, 0x03, 0x00, 0x00, 0x48, 0x3b, 0x8c, 0x24, 0x10, 0x03,
    0x00, 0x00, 0x0f, 0x84, 0xb4, 0x1d, 0x00, 0x00, 0x48, 0x85, 0xc9, 0x74,
    0x12, 0x48, 0x8b, 0x54, 0x24, 0x70, 0xe8, 0xa9, 0xbf, 0x57, 0x00, 0x48,
    0x8b, 0x8c, 0x24, 0x08, 0x03, 0x00, 0x00, 0x48, 0x81, 0xc1, 0x38, 0x01,
    0x00, 0x00, 0x48, 0x89, 0x8c, 0x24, 0x08, 0x03, 0x00, 0x00, 0x48, 0x8b,
    0xbc, 0x24, 0xa0, 0x00, 0x00, 0x00, 0x48, 0x8d, 0x84, 0x24, 0x50, 0x03,
    0x00, 0x00, 0x4c, 0x8b, 0x84, 0x24, 0x98, 0x00, 0x00, 0x00, 0x48, 0x89,
    0xc1, 0x48, 0x89, 0x84, 0x24, 0xa8, 0x00, 0x00, 0x00, 0x48, 0x8b, 0x94,
    0x24, 0x30, 0x02, 0x00, 0x00, 0x4c, 0x8d, 0x4f, 0x08, 0xe8, 0x6e, 0xe5,
    0x28, 0x00, 0x4c, 0x8b, 0xac, 0x24, 0x50, 0x03, 0x00, 0x00, 0x4c, 0x8d,
    0xa4, 0x24, 0x60, 0x07, 0x00, 0x00, 0x49, 0x8d, 0x44, 0x24, 0x10, 0x48,
    0x89, 0x84, 0x24, 0x60, 0x07, 0x00, 0x00, 0x49, 0x8b, 0x7d, 0x00, 0x49,
    0x8b, 0x5d, 0x08, 0x48, 0x89, 0xf8, 0x48, 0x01, 0xd8, 0x74, 0x11, 0x48,
    0x85, 0xff, 0x75, 0x0c, 0x48, 0x8d, 0x0d, 0x35, 0xd2, 0x77, 0x00, 0xe8,
    0x20, 0x53, 0x73, 0x00, 0x48, 0x83, 0xfb, 0x0f, 0x48, 0x89, 0x9c, 0x24,
    0x58, 0x01, 0x00, 0x00, 0x0f, 0x87, 0x78, 0x19, 0x00, 0x00, 0x48, 0x83,
    0xfb, 0x01, 0x0f, 0x84, 0x5d, 0x1b, 0x00, 0x00, 0x49, 0x8d, 0x44, 0x24,
    0x10, 0x48, 0x85, 0xdb, 0x0f, 0x85, 0x8b, 0x19, 0x00, 0x00, 0x48, 0x89,
    0x9c, 0x24, 0x68, 0x07, 0x00, 0x00, 0x48, 0xba, 0xef, 0xee, 0xee, 0xee,
    0xee, 0xee, 0xee, 0xee, 0xc6, 0x04, 0x18, 0x00, 0x41, 0x8b, 0x45, 0x20,
    0x49, 0x8b, 0x5d, 0x30, 0x49, 0x2b, 0x5d, 0x28, 0x48, 0xc7, 0x84, 0x24,
    0x88, 0x07, 0x00, 0x00, 0x00, 0x00, 0x00, 0x00, 0x48, 0xc7, 0x84, 0x24,
    0x90, 0x07, 0x00, 0x00, 0x00, 0x00, 0x00, 0x00, 0x89, 0x84, 0x24, 0x80,
    0x07, 0x00, 0x00, 0x48, 0xc7, 0x84, 0x24, 0x98, 0x07, 0x00, 0x00, 0x00,
    0x00, 0x00, 0x00, 0x48, 0x89, 0xd8, 0x48, 0xc1, 0xf8, 0x03, 0x48, 0x0f,
    0xaf, 0xc2, 0x48, 0x85, 0xc0, 0x0f, 0x84, 0xd5, 0x1a, 0x00, 0x00, 0x48,
    0xba, 0x22, 0x22, 0x22, 0x22, 0x22, 0x22, 0x22, 0x02, 0x48, 0x39, 0xd0,
    0x0f, 0x87, 0x1c, 0x1d, 0x00, 0x00, 0x48, 0x89, 0xd9, 0xe8, 0x4a, 0x2f,
    0x75, 0x00, 0x48, 0x89, 0x84, 0x24, 0x90, 0x00, 0x00, 0x00, 0x48, 0x01,
    0xc3, 0x48, 0x89, 0x84, 0x24, 0x88, 0x07, 0x00, 0x00, 0x48, 0x89, 0x9c,
    0x24, 0x98, 0x07, 0x00, 0x00, 0x48, 0x89, 0xc3, 0x48, 0x89, 0x84, 0x24,
    0x90, 0x07, 0x00, 0x00, 0x49, 0x8b, 0x7d, 0x30, 0x48, 0x89, 0xfa, 0x48,
    0x89, 0x7c, 0x24, 0x60, 0x49, 0x8b, 0x7d, 0x28, 0x48, 0x39, 0xfa, 0x0f,
    0x84, 0x93, 0x00, 0x00, 0x00, 0x48, 0x8d, 0x84, 0x24, 0x68, 0x01, 0x00,
    0x00, 0x48, 0x89, 0x84, 0x24, 0xc0, 0x00, 0x00, 0x00, 0x48, 0x8d, 0x84,
    0x24, 0x60, 0x01, 0x00, 0x00, 0x48, 0x89, 0x84, 0x24, 0xc8, 0x00, 0x00,
    0x00, 0x48, 0x85, 0xdb, 0x74, 0x5f, 0x4c, 0x8d, 0x7b, 0x10, 0x48, 0x8b,
    0x6f, 0x08, 0x4c, 0x89, 0x3b, 0x4c, 0x8b, 0x37, 0x4c, 0x89, 0xf0, 0x48,
    0x01, 0xe8, 0x0f, 0x84, 0xcf, 0x14, 0x00, 0x00, 0x4d, 0x85, 0xf6, 0x0f,
    0x85, 0xc6, 0x14, 0x00, 0x00, 0x48, 0x8d, 0x0d, 0xfc, 0xd0, 0x77, 0x00,
    0xe8, 0xe7, 0x51, 0x73, 0x00, 0x48, 0x83, 0xfd, 0x0f, 0x48, 0x89, 0xac,
    0x24, 0x68, 0x01, 0x00, 0x00, 0x0f, 0x87, 0x84, 0x15, 0x00, 0x00, 0x48,
    0x83, 0xfd, 0x01, 0x0f, 0x84, 0xbd, 0x15, 0x00, 0x00, 0x48, 0x85, 0xed,
    0x48, 0x89, 0xc2, 0x0f, 0x85, 0x92, 0x15, 0x00, 0x00, 0x48, 0x89, 0x6b,
    0x60, 0xc6, 0x04, 0x2a, 0x00, 0x48, 0x83, 0xc3, 0x78, 0x48, 0x83, 0xc7,
    0x78, 0x48, 0x39, 0x7c, 0x24, 0x60, 0x75, 0x8d, 0x48, 0x89, 0x9c, 0x24,
    0x90, 0x07, 0x00, 0x00, 0x49, 0x8b, 0x5d, 0x48, 0x49, 0x2b, 0x5d, 0x40,
    0x48, 0xc7, 0x84, 0x24, 0xa0, 0x07, 0x00, 0x00, 0x00, 0x00, 0x00, 0x00,
    0x48, 0xc7, 0x84, 0x24, 0xa8, 0x07, 0x00, 0x00, 0x00, 0x00, 0x00, 0x00,
    0x48, 0xc7, 0x84, 0x24, 0xb0, 0x07, 0x00, 0x00, 0x00, 0x00, 0x00, 0x00,
    0x48, 0x89, 0xd8, 0x48, 0xc1, 0xf8, 0x04, 0x48, 0x85, 0xc0, 0x74, 0x1b,
    0x48, 0xba, 0xff, 0xff, 0xff, 0xff, 0xff, 0xff, 0xff, 0x0f, 0x48, 0x39,
    0xd0, 0x0f, 0x87, 0xf4, 0x1b, 0x00, 0x00, 0x48, 0x89, 0xd9, 0xe8, 0x1d,
    0x2e, 0x75, 0x00, 0x48, 0x01, 0xc3, 0x48, 0x89, 0x84, 0x24, 0xa0, 0x07,
    0x00, 0x00, 0x48, 0x89, 0x84, 0x24, 0xa8, 0x07, 0x00, 0x00, 0x48, 0x89,
    0x9c, 0x24, 0xb0, 0x07, 0x00, 0x00, 0x4d, 0x8b, 0x45, 0x48, 0x4d, 0x8b,
    0x5d, 0x40, 0x4d, 0x39, 0xd8, 0x74, 0x39, 0x48, 0x89, 0xc1, 0x4c, 0x89,
    0xda, 0x48, 0x85, 0xc9, 0x74, 0x0e, 0x4c, 0x8b, 0x0a, 0x4c, 0x8b, 0x52,
    0x08, 0x4c, 0x89, 0x09, 0x4c, 0x89, 0x51, 0x08, 0x48, 0x83, 0xc2, 0x10,
    0x48, 0x83, 0xc1, 0x10, 0x49, 0x39, 0xd0, 0x75, 0xe0, 0x49, 0x83, 0xc3,
    0x10, 0x4c, 0x89, 0xc2, 0x4c, 0x29, 0xda, 0x48, 0x83, 0xe2, 0xf0, 0x48,
    0x8d, 0x44, 0x10, 0x10, 0x48, 0x89, 0x84, 0x24, 0xa8, 0x07, 0x00, 0x00,
    0xf3, 0x41, 0x0f, 0x6f, 0x45, 0x58, 0x4d, 0x8d, 0x44, 0x24, 0x70, 0x48,
    0xc7, 0x84, 0x24, 0xd8, 0x07, 0x00, 0x00, 0x00, 0x00, 0x00, 0x00, 0x0f,
    0x11, 0x84, 0x24, 0xb8, 0x07, 0x00, 0x00, 0x4c, 0x89, 0x84, 0x24, 0xe0,
    0x07, 0x00, 0x00, 0x4c, 0x89, 0x84, 0x24, 0xe8, 0x07, 0x00, 0x00, 0x49,
    0x8b, 0x55, 0x78, 0xc7, 0x84, 0x24, 0xd0, 0x07, 0x00, 0x00, 0x00, 0x00,
    0x00, 0x00, 0x48, 0xc7, 0x84, 0x24, 0xf0, 0x07, 0x00, 0x00, 0x00, 0x00,
    0x00, 0x00, 0x48, 0x85, 0xd2, 0x74, 0x60, 0x49, 0x8d, 0x4c, 0x24, 0x68,
    0x4c, 0x8d, 0x8c, 0x24, 0x20, 0x01, 0x00, 0x00, 0x48, 0x89, 0x8c, 0x24,
    0x20, 0x01, 0x00, 0x00, 0xe8, 0x2b, 0x87, 0x6e, 0x00, 0x48, 0x89, 0x84,
    0x24, 0xd8, 0x07, 0x00, 0x00, 0x48, 0x89, 0xc1, 0xeb, 0x03, 0x48, 0x89,
    0xd1, 0x48, 0x8b, 0x51, 0x10, 0x48, 0x85, 0xd2, 0x75, 0xf4, 0x48, 0x89,
    0x8c, 0x24, 0xe0, 0x07, 0x00, 0x00, 0xeb, 0x03, 0x48, 0x89, 0xd0, 0x48,
    0x8b, 0x50, 0x18, 0x48, 0x85, 0xd2, 0x75, 0xf4, 0x48, 0x89, 0x84, 0x24,
    0xe8, 0x07, 0x00, 0x00, 0x49, 0x8b, 0x85, 0x90, 0x00, 0x00, 0x00, 0x48,
    0x89, 0x84, 0x24, 0xf0, 0x07, 0x00, 0x00, 0x41, 0x8b, 0x85, 0x98, 0x00,
    0x00, 0x00, 0x48, 0xba, 0xc5, 0x4e, 0xec, 0xc4, 0x4e, 0xec, 0xc4, 0x4e,
    0x49, 0x8b, 0x9d, 0xc0, 0x00, 0x00, 0x00, 0x49, 0x2b, 0x9d, 0xb8, 0x00,
    0x00, 0x00, 0xf2, 0x41, 0x0f, 0x10, 0x85, 0xa8, 0x00, 0x00, 0x00, 0x89,
    0x84, 0x24, 0xf8, 0x07, 0x00, 0x00, 0x41, 0x0f, 0xb6, 0x85, 0x9c, 0x00,
    0x00, 0x00, 0x66, 0x41, 0x0f, 0x16, 0x85, 0xb0, 0x00, 0x00, 0x00, 0x88,
    0x84, 0x24, 0xfc, 0x07, 0x00, 0x00, 0x41, 0x0f, 0xb6, 0x85, 0xa0, 0x00,
    0x00, 0x00, 0x88, 0x84, 0x24, 0x00, 0x08, 0x00, 0x00, 0x41, 0x0f, 0xb6,
    0x85, 0xa1, 0x00, 0x00, 0x00, 0x88, 0x84, 0x24, 0x01, 0x08, 0x00, 0x00,
    0x41, 0x8b, 0x85, 0xa4, 0x00, 0x00, 0x00, 0x66, 0x0f, 0x13, 0x84, 0x24,
    0x08, 0x08, 0x00, 0x00, 0x66, 0x0f, 0x17, 0x84, 0x24, 0x10, 0x08, 0x00,
    0x00, 0x48, 0xc7, 0x84, 0x24, 0x18, 0x08, 0x00, 0x00, 0x00, 0x00, 0x00,
    0x00, 0x89, 0x84, 0x24, 0x04, 0x08, 0x00, 0x00, 0x48, 0x89, 0xd8, 0x48,
    0xc7, 0x84, 0x24, 0x20, 0x08, 0x00, 0x00, 0x00, 0x00, 0x00, 0x00, 0x48,
    0xc1, 0xf8, 0x03, 0x48, 0xc7, 0x84, 0x24, 0x28, 0x08, 0x00, 0x00, 0x00,
    0x00, 0x00, 0x00, 0x48, 0x0f, 0xaf, 0xc2, 0x48, 0x85, 0xc0, 0x74, 0x1b,
    0x48, 0xba, 0x76, 0x62, 0x27, 0x76, 0x62, 0x27, 0x76, 0x02, 0x48, 0x39,
    0xd0, 0x0f, 0x87, 0xef, 0x19, 0x00, 0x00, 0x48, 0x89, 0xd9, 0xe8, 0x31,
    0x2c, 0x75, 0x00, 0x48, 0x01, 0xc3, 0x48, 0x89, 0x84, 0x24, 0x18, 0x08,
    0x00, 0x00, 0x48, 0x89, 0x84, 0x24, 0x20, 0x08, 0x00, 0x00, 0x48, 0x89,
    0x9c, 0x24, 0x28, 0x08, 0x00, 0x00, 0x4d, 0x8b, 0x85, 0xc0, 0x00, 0x00,
    0x00, 0x4d, 0x8b, 0x95, 0xb8, 0x00, 0x00, 0x00, 0x4d, 0x39, 0xd0, 0x0f,
    0x84, 0xb7, 0x00, 0x00, 0x00, 0x48, 0x89, 0xc1, 0x4c, 0x89, 0xd2, 0x48,
    0x85, 0xc9, 0x74, 0x66, 0x4c, 0x8b, 0x0a, 0x4c, 0x89, 0x09, 0x4c, 0x8b,
    0x4a, 0x08, 0x4c, 0x89, 0x49, 0x08, 0x4c, 0x8b, 0x4a, 0x10, 0x4c, 0x89,
    0x49, 0x10, 0x4c, 0x8b, 0x4a, 0x18, 0x4c, 0x89, 0x49, 0x18, 0x4c, 0x8b,
    0x4a, 0x20, 0x4c, 0x89, 0x49, 0x20, 0x4c, 0x8b, 0x4a, 0x28, 0x4c, 0x89,
    0x49, 0x28, 0x4c, 0x8b, 0x4a, 0x30, 0x4c, 0x89, 0x49, 0x30, 0x4c, 0x8b,
    0x4a, 0x38, 0x4c, 0x89, 0x49, 0x38, 0x4c, 0x8b, 0x4a, 0x40, 0x4c, 0x89,
    0x49, 0x40, 0x4c, 0x8b, 0x4a, 0x48, 0x4c, 0x89, 0x49, 0x48, 0x4c, 0x8b,
    0x4a, 0x50, 0x4c, 0x89, 0x49, 0x50, 0x4c, 0x8b, 0x4a, 0x58, 0x4c, 0x89,
    0x49, 0x58, 0x4c, 0x8b, 0x4a, 0x60, 0x4c, 0x89, 0x49, 0x60, 0x48, 0x83,
    0xc2, 0x68, 0x48, 0x83, 0xc1, 0x68, 0x49, 0x39, 0xd0, 0x75, 0x88, 0x49,
    0x83, 0xc2, 0x68, 0x4c, 0x89, 0xc2, 0x48, 0xb9, 0xc5, 0x4e, 0xec, 0xc4,
    0x4e, 0xec, 0xc4, 0x0e, 0x4c, 0x29, 0xd2, 0x48, 0xc1, 0xea, 0x03, 0x48,
    0x0f, 0xaf, 0xd1, 0x48, 0xb9, 0xff, 0xff, 0xff, 0xff, 0xff, 0xff, 0xff,
    0x1f, 0x48, 0x21, 0xca, 0x48, 0x83, 0xc2, 0x01, 0x48, 0x8d, 0x0c, 0x52,
    0x48, 0x8d, 0x14, 0x8a, 0x48, 0x8d, 0x04, 0xd0, 0x48, 0x89, 0x84, 0x24,
    0x20, 0x08, 0x00, 0x00, 0x41, 0x8b, 0x85, 0xd0, 0x00, 0x00, 0x00, 0x48,
    0xba, 0xab, 0xaa, 0xaa, 0xaa, 0xaa, 0xaa, 0xaa, 0xaa, 0xf2, 0x41, 0x0f,
    0x10, 0x85, 0xd8, 0x00, 0x00, 0x00, 0x49, 0x8b, 0x9d, 0x08, 0x01, 0x00,
    0x00, 0xf2, 0x0f, 0x11, 0x84, 0x24, 0x38, 0x08, 0x00, 0x00, 0x49, 0x2b,
    0x9d, 0x00, 0x01, 0x00, 0x00, 0xf2, 0x41, 0x0f, 0x10, 0x85, 0xe8, 0x00,
    0x00, 0x00, 0x89, 0x84, 0x24, 0x30, 0x08, 0x00, 0x00, 0x41, 0x8b, 0x85,
    0xe0, 0x00, 0x00, 0x00, 0x66, 0x41, 0x0f, 0x16, 0x85, 0xf0, 0x00, 0x00,
    0x00, 0x66, 0x0f, 0x13, 0x84, 0x24, 0x48, 0x08, 0x00, 0x00, 0x66, 0x0f,
    0x17, 0x84, 0x24, 0x50, 0x08, 0x00, 0x00, 0x89, 0x84, 0x24, 0x40, 0x08,
    0x00, 0x00, 0x41, 0x8b, 0x85, 0xf8, 0x00, 0x00, 0x00, 0x48, 0xc7, 0x84,
    0x24, 0x60, 0x08, 0x00, 0x00, 0x00, 0x00, 0x00, 0x00, 0x48, 0xc7, 0x84,
    0x24, 0x68, 0x08, 0x00, 0x00, 0x00, 0x00, 0x00, 0x00, 0x48, 0xc7, 0x84,
    0x24, 0x70, 0x08, 0x00, 0x00, 0x00, 0x00, 0x00, 0x00, 0x89, 0x84, 0x24,
    0x58, 0x08, 0x00, 0x00, 0x48, 0x89, 0xd8, 0x48, 0xc1, 0xf8, 0x03, 0x48,
    0x0f, 0xaf, 0xc2, 0x48, 0x85, 0xc0, 0x74, 0x1b, 0x48, 0xba, 0xaa, 0xaa,
    0xaa, 0xaa, 0xaa, 0xaa, 0xaa, 0x0a, 0x48, 0x39, 0xd0, 0x0f, 0x87, 0x83,
    0x19, 0x00, 0x00, 0x48, 0x89, 0xd9, 0xe8, 0x79, 0x2a, 0x75, 0x00, 0x48,
    0x01, 0xc3, 0x48, 0x89, 0x84, 0x24, 0x60, 0x08, 0x00, 0x00, 0x48, 0x89,
    0x84, 0x24, 0x68, 0x08, 0x00, 0x00, 0x48, 0x89, 0x9c, 0x24, 0x70, 0x08,
    0x00, 0x00, 0x4d, 0x8b, 0x85, 0x08, 0x01, 0x00, 0x00, 0x4d, 0x8b, 0x95,
    0x00, 0x01, 0x00, 0x00, 0x4d, 0x39, 0xd0, 0x74, 0x41, 0x48, 0x89, 0xc1,
    0x4c, 0x89, 0xd2, 0x48, 0x85, 0xc9, 0x74, 0x16, 0x4c, 0x8b, 0x0a, 0x4c,
    0x89, 0x09, 0x4c, 0x8b, 0x4a, 0x08, 0x4c, 0x89, 0x49, 0x08, 0x4c, 0x8b,
    0x4a, 0x10, 0x4c, 0x89, 0x49, 0x10, 0x48, 0x83, 0xc2, 0x18, 0x48, 0x83,
    0xc1, 0x18, 0x49, 0x39, 0xd0, 0x75, 0xd8, 0x49, 0x83, 0xc2, 0x18, 0x4c,
    0x89, 0xc2, 0x4c, 0x29, 0xd2, 0x48, 0xc1, 0xea, 0x03, 0x48, 0x8d, 0x44,
    0xd0, 0x18, 0x49, 0x8b, 0x9d, 0x28, 0x01, 0x00, 0x00, 0x48, 0x89, 0x84,
    0x24, 0x68, 0x08, 0x00, 0x00, 0x45, 0x31, 0xc9, 0x41, 0x0f, 0xb6, 0x85,
    0x18, 0x01, 0x00, 0x00, 0x49, 0x2b, 0x9d, 0x20, 0x01, 0x00, 0x00, 0x48,
    0xc7, 0x84, 0x24, 0x80, 0x08, 0x00, 0x00, 0x00, 0x00, 0x00, 0x00, 0x48,
    0xc7, 0x84, 0x24, 0x88, 0x08, 0x00, 0x00, 0x00, 0x00, 0x00, 0x00, 0x48,
    0xc7, 0x84, 0x24, 0x90, 0x08, 0x00, 0x00, 0x00, 0x00, 0x00, 0x00, 0x88,
    0x84, 0x24, 0x78, 0x08, 0x00, 0x00, 0x48, 0x89, 0xd8, 0x48, 0xc1, 0xf8,
    0x04, 0x48, 0x85, 0xc0, 0x74, 0x1e, 0x48, 0xba, 0xff, 0xff, 0xff, 0xff,
    0xff, 0xff, 0xff, 0x0f, 0x48, 0x39, 0xd0, 0x0f, 0x87, 0x97, 0x18, 0x00,
    0x00, 0x48, 0x89, 0xd9, 0xe8, 0x97, 0x29, 0x75, 0x00, 0x49, 0x89, 0xc1,
    0x4c, 0x01, 0xcb, 0x4c, 0x89, 0x8c, 0x24, 0x80, 0x08, 0x00, 0x00, 0x4c,
    0x89, 0x8c, 0x24, 0x88, 0x08, 0x00, 0x00, 0x48, 0x89, 0x9c, 0x24, 0x90,
    0x08, 0x00, 0x00, 0x49, 0x8b, 0x95, 0x20, 0x01, 0x00, 0x00, 0x49, 0x8b,
    0x9d, 0x28, 0x01, 0x00, 0x00, 0x48, 0x29, 0xd3, 0x48, 0x89, 0xd8, 0x48,
    0xc1, 0xf8, 0x04, 0x48, 0x85, 0xc0, 0x74, 0x0e, 0x4c, 0x89, 0xc9, 0x49,
    0x89, 0xd8, 0xe8, 0x41, 0x97, 0x3f, 0x00, 0x49, 0x89, 0xc1, 0x48, 0x8b,
    0x84, 0x24, 0xa8, 0x00, 0x00, 0x00, 0x49, 0x01, 0xd9, 0x48, 0x8b, 0x94,
    0x24, 0x80, 0x03, 0x00, 0x00, 0x4c, 0x89, 0x8c, 0x24, 0x88, 0x08, 0x00,
    0x00, 0x48, 0x8d, 0x48, 0x20, 0xe8, 0xda, 0x90, 0x6e, 0x00, 0x4c, 0x8b,
    0xac, 0x24, 0x58, 0x03, 0x00, 0x00, 0x48, 0x8b, 0xbc, 0x24, 0x50, 0x03,
    0x00, 0x00, 0x49, 0x39, 0xfd, 0x0f, 0x84, 0x07, 0x01, 0x00, 0x00, 0x48,
    0x8b, 0x8f, 0x20, 0x01, 0x00, 0x00, 0x48, 0x85, 0xc9, 0x74, 0x05, 0xe8,
    0xb0, 0x28, 0x75, 0x00, 0x48, 0x8b, 0x8f, 0x00, 0x01, 0x00, 0x00, 0x48,
    0x85, 0xc9, 0x74, 0x05, 0xe8, 0x9f, 0x28, 0x75, 0x00, 0x48, 0x8b, 0x8f,
    0xb8, 0x00, 0x00, 0x00, 0x48, 0x85, 0xc9, 0x74, 0x05, 0xe8, 0x8e, 0x28,
    0x75, 0x00, 0x48, 0x8b, 0x5f, 0x78, 0x4c, 0x8d, 0x77, 0x68, 0x48, 0x85,
    0xdb, 0x74, 0x45, 0x90, 0x48, 0x8b, 0x53, 0x18, 0x4c, 0x89, 0xf1, 0xe8,
    0x74, 0x90, 0x6e, 0x00, 0x48, 0x8b, 0x4b, 0x40, 0x48, 0x8d, 0x43, 0x50,
    0x48, 0x8b, 0x6b, 0x10, 0x48, 0x39, 0xc1, 0x74, 0x05, 0xe8, 0x5e, 0x28,
    0x75, 0x00, 0x48, 0x8b, 0x4b, 0x20, 0x48, 0x8d, 0x43, 0x30, 0x48, 0x39,
    0xc1, 0x74, 0x05, 0xe8, 0x4c, 0x28, 0x75, 0x00, 0x48, 0x89, 0xd9, 0x48,
    0x89, 0xeb, 0xe8, 0x41, 0x28, 0x75, 0x00, 0x48, 0x85, 0xed, 0x75, 0xbc,
    0x48, 0x8b, 0x4f, 0x40, 0x48, 0x85, 0xc9, 0x74, 0x05, 0xe8, 0x2e, 0x28,
    0x75, 0x00, 0x48, 0x8b, 0x6f, 0x30, 0x48, 0x8b, 0x5f, 0x28, 0x48, 0x39,
    0xdd, 0x74, 0x31, 0x90, 0x48, 0x8b, 0x4b, 0x58, 0x48, 0x8d, 0x43, 0x68,
    0x48, 0x39, 0xc1, 0x74, 0x05, 0xe8, 0x0e, 0x28, 0x75, 0x00, 0x48, 0x8b,
    0x0b, 0x48, 0x8d, 0x43, 0x10, 0x48, 0x39, 0xc1, 0x74, 0x05, 0xe8, 0xfd,
    0x27, 0x75, 0x00, 0x48, 0x83, 0xc3, 0x78, 0x48, 0x39, 0xdd, 0x75, 0xd4,
    0x48, 0x8b, 0x5f, 0x28, 0x48, 0x85, 0xdb, 0x74, 0x08, 0x48, 0x89, 0xd9,
    0xe8, 0xe3, 0x27, 0x75, 0x00, 0x48, 0x8b, 0x0f, 0x48, 0x8d, 0x47, 0x10,
    0x48, 0x39, 0xc1, 0x74, 0x05, 0xe8, 0xd2, 0x27, 0x75, 0x00, 0x48, 0x81,
    0xc7, 0x38, 0x01, 0x00, 0x00, 0x49, 0x39, 0xfd, 0x0f, 0x85, 0x01, 0xff,
    0xff, 0xff, 0x48, 0x8b, 0xbc, 0x24, 0x50, 0x03, 0x00, 0x00, 0x48, 0x85,
    0xff, 0x74, 0x08, 0x48, 0x89, 0xf9, 0xe8, 0xad, 0x27, 0x75, 0x00, 0x48,
    0x8b, 0x8c, 0x24, 0x98, 0x00, 0x00, 0x00, 0x48, 0x8b, 0x94, 0x24, 0x30,
    0x03, 0x00, 0x00, 0x48, 0x83, 0xc1, 0x20, 0xe8, 0x94, 0x8f, 0x6e, 0x00,
    0x4c, 0x8b, 0xac, 0x24, 0x08, 0x03, 0x00, 0x00, 0x48, 0x8b, 0xbc, 0x24,
    0x00, 0x03, 0x00, 0x00, 0x49, 0x39, 0xfd, 0x0f, 0x84, 0x05, 0x01, 0x00,
    0x00, 0x48, 0x8b, 0x8f, 0x20, 0x01, 0x00, 0x00, 0x48, 0x85, 0xc9, 0x74,
    0x05, 0xe8, 0x6a, 0x27, 0x75, 0x00, 0x48, 0x8b, 0x8f, 0x00, 0x01, 0x00,
    0x00, 0x48, 0x85, 0xc9, 0x74, 0x05, 0xe8, 0x59, 0x27, 0x75, 0x00, 0x48,
    0x8b, 0x8f, 0xb8, 0x00, 0x00, 0x00, 0x48, 0x85, 0xc9, 0x74, 0x05, 0xe8,
    0x48, 0x27, 0x75, 0x00, 0x48, 0x8b, 0x5f, 0x78, 0x4c, 0x8d, 0x77, 0x68,
    0x48, 0x85, 0xdb, 0x74, 0x44, 0x48, 0x8b, 0x53, 0x18, 0x4c, 0x89, 0xf1,
    0xe8, 0x2f, 0x8f, 0x6e, 0x00, 0x48, 0x8b, 0x4b, 0x40, 0x48, 0x8d, 0x43,
    0x50, 0x48, 0x8b, 0x6b, 0x10, 0x48, 0x39, 0xc1, 0x74, 0x05, 0xe8, 0x19,
    0x27, 0x75, 0x00, 0x48, 0x8b, 0x4b, 0x20, 0x48, 0x8d, 0x43, 0x30, 0x48,
    0x39, 0xc1, 0x74, 0x05, 0xe8, 0x07, 0x27, 0x75, 0x00, 0x48, 0x89, 0xd9,
    0x48, 0x89, 0xeb, 0xe8, 0xfc, 0x26, 0x75, 0x00, 0x48, 0x85, 0xed, 0x75,
    0xbc, 0x48, 0x8b, 0x4f, 0x40, 0x48, 0x85, 0xc9, 0x74, 0x05, 0xe8, 0xe9,
    0x26, 0x75, 0x00, 0x48, 0x8b, 0x6f, 0x30, 0x48, 0x8b, 0x5f, 0x28, 0x48,
    0x39, 0xdd, 0x74, 0x30, 0x48, 0x8b, 0x4b, 0x58, 0x48, 0x8d, 0x43, 0x68,
    0x48, 0x39, 0xc1, 0x74, 0x05, 0xe8, 0xca, 0x26, 0x75, 0x00, 0x48, 0x8b,
    0x0b, 0x48, 0x8d, 0x43, 0x10, 0x48, 0x39, 0xc1, 0x74, 0x05, 0xe8, 0xb9,
    0x26, 0x75, 0x00, 0x48, 0x83, 0xc3, 0x78, 0x48, 0x39, 0xdd, 0x75, 0xd4,
    0x48, 0x8b, 0x5f, 0x28, 0x48, 0x85, 0xdb, 0x74, 0x08, 0x48, 0x89, 0xd9,
    0xe8, 0x9f, 0x26, 0x75, 0x00, 0x48, 0x8b, 0x0f, 0x48, 0x8d, 0x47, 0x10,
    0x48, 0x39, 0xc1, 0x74, 0x05, 0xe8, 0x8e, 0x26, 0x75, 0x00, 0x48, 0x81,
    0xc7, 0x38, 0x01, 0x00, 0x00, 0x49, 0x39, 0xfd, 0x0f, 0x85, 0x03, 0xff,
    0xff, 0xff, 0x48, 0x8b, 0xbc, 0x24, 0x00, 0x03, 0x00, 0x00, 0x48, 0x85,
    0xff, 0x74, 0x08, 0x48, 0x89, 0xf9, 0xe8, 0x69, 0x26, 0x75, 0x00, 0x48,
    0x89, 0xf1, 0xe8, 0x41, 0x72, 0x2d, 0x00, 0x89, 0xc2, 0x4c, 0x89, 0xe1,
    0xe8, 0xa7, 0x74, 0x2d, 0x00, 0x48, 0x89, 0xf1, 0xe8, 0x7f, 0x7a, 0x2d,
    0x00, 0x84, 0xc0, 0x74, 0x21, 0x48, 0x89, 0xf1, 0xe8, 0x83, 0x72, 0x2d,
    0x00, 0x48, 0x89, 0xf1, 0x48, 0x89, 0xc3, 0xe8, 0x78, 0x74, 0x2d, 0x00,
    0x49, 0x89, 0xd8, 0x48, 0x89, 0xc2, 0x4c, 0x89, 0xe1, 0xe8, 0x6a, 0x7a,
    0x2d, 0x00, 0x48, 0x89, 0xf1, 0xe8, 0x62, 0x74, 0x2d, 0x00, 0x48, 0x89,
    0xc1, 0xe8, 0xea, 0x24, 0x2b, 0x00, 0x66, 0x0f, 0x28, 0xf0, 0x48, 0x89,
    0xf1, 0xf2, 0x0f, 0x58, 0xf0, 0xe8, 0x4a, 0x74, 0x2d, 0x00, 0x48, 0x89,
    0xc1, 0xe8, 0xc2, 0x24, 0x2b, 0x00, 0x48, 0x8d, 0x84, 0x24, 0xd0, 0x0b,
    0x00, 0x00, 0x66, 0x0f, 0x28, 0xc8, 0x66, 0x0f, 0x28, 0xd6, 0xf2, 0x0f,
    0x58, 0xc8, 0x48, 0x89, 0xc1, 0x48, 0x89, 0xc3, 0x48, 0x89, 0x44, 0x24,
    0x60, 0xe8, 0xfe, 0xd1, 0x00, 0x00, 0x48, 0x8d, 0xbc, 0x24, 0x00, 0x01,
    0x00, 0x00, 0x4d, 0x89, 0xe0, 0x48, 0x89, 0xda, 0x48, 0x89, 0xf9, 0xe8,
    0xf8, 0x6a, 0x01, 0x00, 0x4c, 0x8b, 0x84, 0x24, 0x88, 0x00, 0x00, 0x00,
    0x48, 0x8d, 0x9c, 0x24, 0xa0, 0x08, 0x00, 0x00, 0x45, 0x31, 0xc9, 0xc7,
    0x84, 0x24, 0xe0, 0x04, 0x00, 0x00, 0x00, 0x00, 0x00, 0x00, 0x48, 0x8b,
    0x94, 0x24, 0xa8, 0x00, 0x00, 0x00, 0x48, 0x89, 0xd9, 0xc7, 0x84, 0x24,
    0x50, 0x03, 0x00, 0x00, 0x00, 0x00, 0x00, 0x00, 0xe8, 0x2f, 0x0e, 0x02,
    0x00, 0x4c, 0x8b, 0x84, 0x24, 0x80, 0x0e, 0x00, 0x00, 0x48, 0x89, 0xda,
    0x48, 0x89, 0xf9, 0xe8, 0x2c, 0xbf, 0x01, 0x00, 0x84, 0xc0, 0x0f, 0x84,
    0x04, 0x0d, 0x00, 0x00, 0x48, 0x89, 0xfa, 0x48, 0x89, 0xd9, 0xe8, 0x79,
    0xb1, 0x01, 0x00, 0x48, 0x8b, 0x94, 0x24, 0xa0, 0x08, 0x00, 0x00, 0x48,
    0x8d, 0x4b, 0x10, 0x48, 0x8b, 0x84, 0x24, 0x60, 0x07, 0x00, 0x00, 0x48,
    0x39, 0xca, 0x0f, 0x84, 0x20, 0x14, 0x00, 0x00, 0x49, 0x8d, 0x4c, 0x24,
    0x10, 0x48, 0x39, 0xc8, 0x0f, 0x84, 0x90, 0x12, 0x00, 0x00, 0xf3, 0x0f,
    0x6f, 0x84, 0x24, 0xa8, 0x08, 0x00, 0x00, 0x48, 0x85, 0xc0, 0x48, 0x89,
    0x94, 0x24, 0x60, 0x07, 0x00, 0x00, 0x48, 0x8b, 0x8c, 0x24, 0x70, 0x07,
    0x00, 0x00, 0x0f, 0x11, 0x84, 0x24, 0x68, 0x07, 0x00, 0x00, 0x0f, 0x84,
    0x7f, 0x12, 0x00, 0x00, 0x48, 0x89, 0x84, 0x24, 0xa0, 0x08, 0x00, 0x00,
    0x48, 0x89, 0x8c, 0x24, 0xb0, 0x08, 0x00, 0x00, 0x48, 0xc7, 0x84, 0x24,
    0xa8, 0x08, 0x00, 0x00, 0x00, 0x00, 0x00, 0x00, 0xc6, 0x00, 0x00, 0x8b,
    0x84, 0x24, 0xc0, 0x08, 0x00, 0x00, 0x48, 0x8b, 0xac, 0x24, 0x88, 0x07,
    0x00, 0x00, 0x4c, 0x8b, 0xac, 0x24, 0x90, 0x07, 0x00, 0x00, 0x89, 0x84,
    0x24, 0x80, 0x07, 0x00, 0x00, 0x48, 0x8b, 0x84, 0x24, 0xc8, 0x08, 0x00,
    0x00, 0x48, 0xc7, 0x84, 0x24, 0xc8, 0x08, 0x00, 0x00, 0x00, 0x00, 0x00,
    0x00, 0x49, 0x89, 0xee, 0x4c, 0x39, 0xed, 0x48, 0x89, 0x84, 0x24, 0x88,
    0x07, 0x00, 0x00, 0x48, 0x8b, 0x84, 0x24, 0xd0, 0x08, 0x00, 0x00, 0x48,
    0xc7, 0x84, 0x24, 0xd0, 0x08, 0x00, 0x00, 0x00, 0x00, 0x00, 0x00, 0x48,
    0x89, 0x84, 0x24, 0x90, 0x07, 0x00, 0x00, 0x48, 0x8b, 0x84, 0x24, 0xd8,
    0x08, 0x00, 0x00, 0x48, 0xc7, 0x84, 0x24, 0xd8, 0x08, 0x00, 0x00, 0x00,
    0x00, 0x00, 0x00, 0x48, 0x89, 0x84, 0x24, 0x98, 0x07, 0x00, 0x00, 0x74,
    0x2c, 0x49, 0x8b, 0x4e, 0x58, 0x49, 0x8d, 0x46, 0x68, 0x48, 0x39, 0xc1,
    0x74, 0x05, 0xe8, 0x69, 0x24, 0x75, 0x00, 0x49, 0x8b, 0x0e, 0x49, 0x8d,
    0x46, 0x10, 0x48, 0x39, 0xc1, 0x74, 0x05, 0xe8, 0x58, 0x24, 0x75, 0x00,
    0x49, 0x83, 0xc6, 0x78, 0x4d, 0x39, 0xf5, 0x75, 0xd4, 0x48, 0x85, 0xed,
    0x74, 0x08, 0x48, 0x89, 0xe9, 0xe8, 0x42, 0x24, 0x75, 0x00, 0x48, 0x8b,
    0x84, 0x24, 0xe0, 0x08, 0x00, 0x00, 0x48, 0xc7, 0x84, 0x24, 0xe0, 0x08,
    0x00, 0x00, 0x00, 0x00, 0x00, 0x00, 0x48, 0x8b, 0x8c, 0x24, 0xa0, 0x07,
    0x00, 0x00, 0x48, 0x89, 0x84, 0x24, 0xa0, 0x07, 0x00, 0x00, 0x48, 0x8b,
    0x84, 0x24, 0xe8, 0x08, 0x00, 0x00, 0x48, 0xc7, 0x84, 0x24, 0xe8, 0x08,
    0x00, 0x00, 0x00, 0x00, 0x00, 0x00, 0x48, 0x85, 0xc9, 0x48, 0x89, 0x84,
    0x24, 0xa8, 0x07, 0x00, 0x00, 0x48, 0x8b, 0x84, 0x24, 0xf0, 0x08, 0x00,
    0x00, 0x48, 0xc7, 0x84, 0x24, 0xf0, 0x08, 0x00, 0x00, 0x00, 0x00, 0x00,
    0x00, 0x48, 0x89, 0x84, 0x24, 0xb0, 0x07, 0x00, 0x00, 0x74, 0x05, 0xe8,
    0xdc, 0x23, 0x75, 0x00, 0x48, 0x8b, 0x94, 0x24, 0xd8, 0x07, 0x00, 0x00,
    0x49, 0x8d, 0x4c, 0x24, 0x68, 0xf3, 0x0f, 0x6f, 0x84, 0x24, 0xf8, 0x08,
    0x00, 0x00, 0x0f, 0x11, 0x84, 0x24, 0xb8, 0x07, 0x00, 0x00, 0xe8, 0xb9,
    0x8b, 0x6e, 0x00, 0x48, 0x8b, 0x84, 0x24, 0x18, 0x09, 0x00, 0x00, 0x49,
    0x8d, 0x54, 0x24, 0x70, 0x48, 0xc7, 0x84, 0x24, 0xd8, 0x07, 0x00, 0x00,
    0x00, 0x00, 0x00, 0x00, 0x48, 0x89, 0x94, 0x24, 0xe0, 0x07, 0x00, 0x00,
    0x48, 0x89, 0x94, 0x24, 0xe8, 0x07, 0x00, 0x00, 0x48, 0xc7, 0x84, 0x24,
    0xf0, 0x07, 0x00, 0x00, 0x00, 0x00, 0x00, 0x00, 0x48, 0x85, 0xc0, 0x74,
    0x68, 0x48, 0x8b, 0x8c, 0x24, 0x20, 0x09, 0x00, 0x00, 0x48, 0x89, 0x84,
    0x24, 0xd8, 0x07, 0x00, 0x00, 0x48, 0x89, 0x8c, 0x24, 0xe0, 0x07, 0x00,
    0x00, 0x48, 0x8b, 0x8c, 0x24, 0x28, 0x09, 0x00, 0x00, 0x48, 0x89, 0x8c,
    0x24, 0xe8, 0x07, 0x00, 0x00, 0x48, 0x89, 0x50, 0x08, 0x48, 0x8d, 0x43,
    0x70, 0x48, 0x89, 0x84, 0x24, 0x20, 0x09, 0x00, 0x00, 0x48, 0x89, 0x84,
    0x24, 0x28, 0x09, 0x00, 0x00, 0x48, 0x8b, 0x84, 0x24, 0x30, 0x09, 0x00,
    0x00, 0x48, 0xc7, 0x84, 0x24, 0x18, 0x09, 0x00, 0x00, 0x00, 0x00, 0x00,
    0x00, 0x48, 0xc7, 0x84, 0x24, 0x30, 0x09, 0x00, 0x00, 0x00, 0x00, 0x00,
    0x00, 0x48, 0x89, 0x84, 0x24, 0xf0, 0x07, 0x00, 0x00, 0x8b, 0x84, 0x24,
    0x38, 0x09, 0x00, 0x00, 0x48, 0x8b, 0x8c, 0x24, 0x18, 0x08, 0x00, 0x00,
    0xf2, 0x0f, 0x10, 0x84, 0x24, 0x48, 0x09, 0x00, 0x00, 0x66, 0x0f, 0x16,
    0x84, 0x24, 0x50, 0x09, 0x00, 0x00, 0x89, 0x84, 0x24, 0xf8, 0x07, 0x00,
    0x00, 0x0f, 0xb6, 0x84, 0x24, 0x3c, 0x09, 0x00, 0x00, 0x66, 0x0f, 0x13,
    0x84, 0x24, 0x08, 0x08, 0x00, 0x00, 0x48, 0x85, 0xc9, 0x66, 0x0f, 0x17,
    0x84, 0x24, 0x10, 0x08, 0x00, 0x00, 0x88, 0x84, 0x24, 0xfc, 0x07, 0x00,
    0x00, 0x0f, 0xb6, 0x84, 0x24, 0x40, 0x09, 0x00, 0x00, 0x88, 0x84, 0x24,
    0x00, 0x08, 0x00, 0x00, 0x0f, 0xb6, 0x84, 0x24, 0x41, 0x09, 0x00, 0x00,
    0x88, 0x84, 0x24, 0x01, 0x08, 0x00, 0x00, 0x8b, 0x84, 0x24, 0x44, 0x09,
    0x00, 0x00, 0x89, 0x84, 0x24, 0x04, 0x08, 0x00, 0x00, 0x48, 0x8b, 0x84,
    0x24, 0x58, 0x09, 0x00, 0x00, 0x48, 0xc7, 0x84, 0x24, 0x58, 0x09, 0x00,
    0x00, 0x00, 0x00, 0x00, 0x00, 0x48, 0x89, 0x84, 0x24, 0x18, 0x08, 0x00,
    0x00, 0x48, 0x8b, 0x84, 0x24, 0x60, 0x09, 0x00, 0x00, 0x48, 0xc7, 0x84,
    0x24, 0x60, 0x09, 0x00, 0x00, 0x00, 0x00, 0x00, 0x00, 0x48, 0x89, 0x84,
    0x24, 0x20, 0x08, 0x00, 0x00, 0x48, 0x8b, 0x84, 0x24, 0x68, 0x09, 0x00,
    0x00, 0x48, 0xc7, 0x84, 0x24, 0x68, 0x09, 0x00, 0x00, 0x00, 0x00, 0x00,
    0x00, 0x48, 0x89, 0x84, 0x24, 0x28, 0x08, 0x00, 0x00, 0x74, 0x05, 0xe8,
    0x44, 0x22, 0x75, 0x00, 0x8b, 0x84, 0x24, 0x70, 0x09, 0x00, 0x00, 0x48,
    0x8b, 0x8c, 0x24, 0x60, 0x08, 0x00, 0x00, 0xf2, 0x0f, 0x10, 0x84, 0x24,
    0x78, 0x09, 0x00, 0x00, 0x89, 0x84, 0x24, 0x30, 0x08, 0x00, 0x00, 0x8b,
    0x84, 0x24, 0x80, 0x09, 0x00, 0x00, 0xf2, 0x0f, 0x11, 0x84, 0x24, 0x38,
    0x08, 0x00, 0x00, 0x48, 0x85, 0xc9, 0xf2, 0x0f, 0x10, 0x84, 0x24, 0x88,
    0x09, 0x00, 0x00, 0x66, 0x0f, 0x16, 0x84, 0x24, 0x90, 0x09, 0x00, 0x00,
    0x89, 0x84, 0x24, 0x40, 0x08, 0x00, 0x00, 0x8b, 0x84, 0x24, 0x98, 0x09,
    0x00, 0x00, 0x66, 0x0f, 0x13, 0x84, 0x24, 0x48, 0x08, 0x00, 0x00, 0x66,
    0x0f, 0x17, 0x84, 0x24, 0x50, 0x08, 0x00, 0x00, 0x89, 0x84, 0x24, 0x58,
    0x08, 0x00, 0x00, 0x48, 0x8b, 0x84, 0x24, 0xa0, 0x09, 0x00, 0x00, 0x48,
    0xc7, 0x84, 0x24, 0xa0, 0x09, 0x00, 0x00, 0x00, 0x00, 0x00, 0x00, 0x48,
    0x89, 0x84, 0x24, 0x60, 0x08, 0x00, 0x00, 0x48, 0x8b, 0x84, 0x24, 0xa8,
    0x09, 0x00, 0x00, 0x48, 0xc7, 0x84, 0x24, 0xa8, 0x09, 0x00, 0x00, 0x00,
    0x00, 0x00, 0x00, 0x48, 0x89, 0x84, 0x24, 0x68, 0x08, 0x00, 0x00, 0x48,
    0x8b, 0x84, 0x24, 0xb0, 0x09, 0x00, 0x00, 0x48, 0xc7, 0x84, 0x24, 0xb0,
    0x09, 0x00, 0x00, 0x00, 0x00, 0x00, 0x00, 0x48, 0x89, 0x84, 0x24, 0x70,
    0x08, 0x00, 0x00, 0x74, 0x05, 0xe8, 0x7e, 0x21, 0x75, 0x00, 0x0f, 0xb6,
    0x84, 0x24, 0xb8, 0x09, 0x00, 0x00, 0x48, 0x8b, 0x8c, 0x24, 0x80, 0x08,
    0x00, 0x00, 0x88, 0x84, 0x24, 0x78, 0x08, 0x00, 0x00, 0x48, 0x8b, 0x84,
    0x24, 0xc0, 0x09, 0x00, 0x00, 0x48, 0xc7, 0x84, 0x24, 0xc0, 0x09, 0x00,
    0x00, 0x00, 0x00, 0x00, 0x00, 0x48, 0x85, 0xc9, 0x48, 0x89, 0x84, 0x24,
    0x80, 0x08, 0x00, 0x00, 0x48, 0x8b, 0x84, 0x24, 0xc8, 0x09, 0x00, 0x00,
    0x48, 0xc7, 0x84, 0x24, 0xc8, 0x09, 0x00, 0x00, 0x00, 0x00, 0x00, 0x00,
    0x48, 0x89, 0x84, 0x24, 0x88, 0x08, 0x00, 0x00, 0x48, 0x8b, 0x84, 0x24,
    0xd0, 0x09, 0x00, 0x00, 0x48, 0xc7, 0x84, 0x24, 0xd0, 0x09, 0x00, 0x00,
    0x00, 0x00, 0x00, 0x00, 0x48, 0x89, 0x84, 0x24, 0x90, 0x08, 0x00, 0x00,
    0x74, 0x17, 0xe8, 0x09, 0x21, 0x75, 0x00, 0x48, 0x8b, 0x8c, 0x24, 0xc0,
    0x09, 0x00, 0x00, 0x48, 0x85, 0xc9, 0x74, 0x05, 0xe8, 0xf7, 0x20, 0x75,
    0x00, 0x48, 0x8b, 0x8c, 0x24, 0xa0, 0x09, 0x00, 0x00, 0x48, 0x85, 0xc9,
    0x74, 0x05, 0xe8, 0xe5, 0x20, 0x75, 0x00, 0x48, 0x8b, 0x8c, 0x24, 0x58,
    0x09, 0x00, 0x00, 0x48, 0x85, 0xc9, 0x74, 0x05, 0xe8, 0xd3, 0x20, 0x75,
    0x00, 0x48, 0x8b, 0x94, 0x24, 0x18, 0x09, 0x00, 0x00, 0x48, 0x8d, 0x4b,
    0x68, 0xe8, 0xc2, 0x88, 0x6e, 0x00, 0x48, 0x8b, 0x8c, 0x24, 0xe0, 0x08,
    0x00, 0x00, 0x48, 0x85, 0xc9, 0x74, 0x05, 0xe8, 0xb0, 0x20, 0x75, 0x00,
    0x48, 0x8b, 0xac, 0x24, 0xd0, 0x08, 0x00, 0x00, 0x4c, 0x8b, 0xac, 0x24,
    0xc8, 0x08, 0x00, 0x00, 0x4c, 0x39, 0xed, 0x74, 0x35, 0x49, 0x8b, 0x4d,
    0x58, 0x49, 0x8d, 0x45, 0x68, 0x48, 0x39, 0xc1, 0x74, 0x05, 0xe8, 0x89,
    0x20, 0x75, 0x00, 0x49, 0x8b, 0x4d, 0x00, 0x49, 0x8d, 0x45, 0x10, 0x48,
    0x39, 0xc1, 0x74, 0x05, 0xe8, 0x77, 0x20, 0x75, 0x00, 0x49, 0x83, 0xc5,
    0x78, 0x4c, 0x39, 0xed, 0x75, 0xd3, 0x4c, 0x8b, 0xac, 0x24, 0xc8, 0x08,
    0x00, 0x00, 0x4d, 0x85, 0xed, 0x74, 0x08, 0x4c, 0x89, 0xe9, 0xe8, 0x59,
    0x20, 0x75, 0x00, 0x48, 0x8b, 0x8c, 0x24, 0xa0, 0x08, 0x00, 0x00, 0x48,
    0x83, 0xc3, 0x10, 0x48, 0x39, 0xd9, 0x74, 0x05, 0xe8, 0x43, 0x20, 0x75,
    0x00, 0x48, 0x89, 0xf1, 0xe8, 0x9b, 0x6e, 0x2d, 0x00, 0x48, 0x89, 0xc2,
    0x4c, 0x89, 0xe1, 0xe8, 0x60, 0x99, 0x2d, 0x00, 0x48, 0x8b, 0x84, 0x24,
    0x60, 0x0e, 0x00, 0x00, 0x49, 0x8d, 0x54, 0x24, 0x10, 0x48, 0x8b, 0xb4,
    0x24, 0x60, 0x0e, 0x00, 0x00, 0x48, 0x83, 0xc0, 0x10, 0x48, 0x89, 0x06,
    0x48, 0x8b, 0x84, 0x24, 0x60, 0x07, 0x00, 0x00, 0x48, 0x39, 0xd0, 0x0f,
    0x84, 0xf0, 0x0b, 0x00, 0x00, 0x48, 0x89, 0x06, 0x48, 0x8b, 0x84, 0x24,
    0x70, 0x07, 0x00, 0x00, 0x48, 0x89, 0x46, 0x10, 0x48, 0x8b, 0x84, 0x24,
    0x68, 0x07, 0x00, 0x00, 0x48, 0x8d, 0x56, 0x70, 0x48, 0xc7, 0x84, 0x24,
    0x68, 0x07, 0x00, 0x00, 0x00, 0x00, 0x00, 0x00, 0xc6, 0x84, 0x24, 0x70,
    0x07, 0x00, 0x00, 0x00, 0xc7, 0x46, 0x70, 0x00, 0x00, 0x00, 0x00, 0x48,
    0xc7, 0x46, 0x78, 0x00, 0x00, 0x00, 0x00, 0x48, 0x89, 0x46, 0x08, 0x49,
    0x8d, 0x44, 0x24, 0x10, 0x48, 0x89, 0x84, 0x24, 0x60, 0x07, 0x00, 0x00,
    0x8b, 0x84, 0x24, 0x80, 0x07, 0x00, 0x00, 0x48, 0xc7, 0x86, 0x90, 0x00,
    0x00, 0x00, 0x00, 0x00, 0x00, 0x00, 0x89, 0x46, 0x20, 0x48, 0x8b, 0x84,
    0x24, 0x88, 0x07, 0x00, 0x00, 0x48, 0xc7, 0x84, 0x24, 0x88, 0x07, 0x00,
    0x00, 0x00, 0x00, 0x00, 0x00, 0x48, 0x89, 0x46, 0x28, 0x48, 0x8b, 0x84,
    0x24, 0x90, 0x07, 0x00, 0x00, 0x48, 0xc7, 0x84, 0x24, 0x90, 0x07, 0x00,
    0x00, 0x00, 0x00, 0x00, 0x00, 0x48, 0x89, 0x46, 0x30, 0x48, 0x8b, 0x84,
    0x24, 0x98, 0x07, 0x00, 0x00, 0x48, 0xc7, 0x84, 0x24, 0x98, 0x07, 0x00,
    0x00, 0x00, 0x00, 0x00, 0x00, 0x48, 0x89, 0x46, 0x38, 0x48, 0x8b, 0x84,
    0x24, 0xa0, 0x07, 0x00, 0x00, 0x48, 0xc7, 0x84, 0x24, 0xa0, 0x07, 0x00,
    0x00, 0x00, 0x00, 0x00, 0x00, 0x48, 0x89, 0x46, 0x40, 0x48, 0x8b, 0x84,
    0x24, 0xa8, 0x07, 0x00, 0x00, 0x48, 0xc7, 0x84, 0x24, 0xa8, 0x07, 0x00,
    0x00, 0x00, 0x00, 0x00, 0x00, 0x48, 0x89, 0x46, 0x48, 0x48, 0x8b, 0x84,
    0x24, 0xb0, 0x07, 0x00, 0x00, 0x48, 0xc7, 0x84, 0x24, 0xb0, 0x07, 0x00,
    0x00, 0x00, 0x00, 0x00, 0x00, 0x48, 0x89, 0x46, 0x50, 0x48, 0x8b, 0x84,
    0x24, 0xb8, 0x07, 0x00, 0x00, 0x48, 0x89, 0x46, 0x58, 0x48, 0x8b, 0x84,
    0x24, 0xc0, 0x07, 0x00, 0x00, 0x48, 0x89, 0x46, 0x60, 0x48, 0x89, 0x96,
    0x80, 0x00, 0x00, 0x00, 0x48, 0x8b, 0x84, 0x24, 0xd8, 0x07, 0x00, 0x00,
    0x48, 0x89, 0x96, 0x88, 0x00, 0x00, 0x00, 0x48, 0x85, 0xc0, 0x74, 0x62,
    0x48, 0x8b, 0x8c, 0x24, 0xe0, 0x07, 0x00, 0x00, 0x48, 0x89, 0x46, 0x78,
    0x48, 0x89, 0x8e, 0x80, 0x00, 0x00, 0x00, 0x48, 0x8b, 0x8c, 0x24, 0xe8,
    0x07, 0x00, 0x00, 0x48, 0x89, 0x8e, 0x88, 0x00, 0x00, 0x00, 0x48, 0x89,
    0x50, 0x08, 0x49, 0x8d, 0x44, 0x24, 0x70, 0x48, 0x89, 0x84, 0x24, 0xe0,
    0x07, 0x00, 0x00, 0x48, 0x89, 0x84, 0x24, 0xe8, 0x07, 0x00, 0x00, 0x48,
    0x8b, 0x84, 0x24, 0xf0, 0x07, 0x00, 0x00, 0x48, 0xc7, 0x84, 0x24, 0xd8,
    0x07, 0x00, 0x00, 0x00, 0x00, 0x00, 0x00, 0x48, 0xc7, 0x84, 0x24, 0xf0,
    0x07, 0x00, 0x00, 0x00, 0x00, 0x00, 0x00, 0x48, 0x89, 0x86, 0x90, 0x00,
    0x00, 0x00, 0x8b, 0x84, 0x24, 0xf8, 0x07, 0x00, 0x00, 0x48, 0x89, 0xf9,
    0xf2, 0x0f, 0x10, 0x84, 0x24, 0x08, 0x08, 0x00, 0x00, 0x66, 0x0f, 0x16,
    0x84, 0x24, 0x10, 0x08, 0x00, 0x00, 0x89, 0x86, 0x98, 0x00, 0x00, 0x00,
    0x0f, 0xb6, 0x84, 0x24, 0xfc, 0x07, 0x00, 0x00, 0x66, 0x0f, 0x13, 0x86,
    0xa8, 0x00, 0x00, 0x00, 0x66, 0x0f, 0x17, 0x86, 0xb0, 0x00, 0x00, 0x00,
    0xf2, 0x0f, 0x10, 0x84, 0x24, 0x38, 0x08, 0x00, 0x00, 0x88, 0x86, 0x9c,
    0x00, 0x00, 0x00, 0x0f, 0xb6, 0x84, 0x24, 0x00, 0x08, 0x00, 0x00, 0xf2,
    0x0f, 0x11, 0x86, 0xd8, 0x00, 0x00, 0x00, 0xf2, 0x0f, 0x10, 0x84, 0x24,
    0x48, 0x08, 0x00, 0x00, 0x66, 0x0f, 0x16, 0x84, 0x24, 0x50, 0x08, 0x00,
    0x00, 0x88, 0x86, 0xa0, 0x00, 0x00, 0x00, 0x0f, 0xb6, 0x84, 0x24, 0x01,
    0x08, 0x00, 0x00, 0x66, 0x0f, 0x13, 0x86, 0xe8, 0x00, 0x00, 0x00, 0x88,
    0x86, 0xa1, 0x00, 0x00, 0x00, 0x8b, 0x84, 0x24, 0x04, 0x08, 0x00, 0x00,
    0x89, 0x86, 0xa4, 0x00, 0x00, 0x00, 0x48, 0x8b, 0x84, 0x24, 0x18, 0x08,
    0x00, 0x00, 0x48, 0xc7, 0x84, 0x24, 0x18, 0x08, 0x00, 0x00, 0x00, 0x00,
    0x00, 0x00, 0x48, 0x89, 0x86, 0xb8, 0x00, 0x00, 0x00, 0x48, 0x8b, 0x84,
    0x24, 0x20, 0x08, 0x00, 0x00, 0x48, 0xc7, 0x84, 0x24, 0x20, 0x08, 0x00,
    0x00, 0x00, 0x00, 0x00, 0x00, 0x48, 0x89, 0x86, 0xc0, 0x00, 0x00, 0x00,
    0x48, 0x8b, 0x84, 0x24, 0x28, 0x08, 0x00, 0x00, 0x48, 0xc7, 0x84, 0x24,
    0x28, 0x08, 0x00, 0x00, 0x00, 0x00, 0x00, 0x00, 0x48, 0x89, 0x86, 0xc8,
    0x00, 0x00, 0x00, 0x8b, 0x84, 0x24, 0x30, 0x08, 0x00, 0x00, 0x89, 0x86,
    0xd0, 0x00, 0x00, 0x00, 0x8b, 0x84, 0x24, 0x40, 0x08, 0x00, 0x00, 0x89,
    0x86, 0xe0, 0x00, 0x00, 0x00, 0x66, 0x0f, 0x17, 0x86, 0xf0, 0x00, 0x00,
    0x00, 0x8b, 0x84, 0x24, 0x58, 0x08, 0x00, 0x00, 0x89, 0x86, 0xf8, 0x00,
    0x00, 0x00, 0x48, 0x8b, 0x84, 0x24, 0x60, 0x08, 0x00, 0x00, 0x48, 0xc7,
    0x84, 0x24, 0x60, 0x08, 0x00, 0x00, 0x00, 0x00, 0x00, 0x00, 0x48, 0x89,
    0x86, 0x00, 0x01, 0x00, 0x00, 0x48, 0x8b, 0x84, 0x24, 0x68, 0x08, 0x00,
    0x00, 0x48, 0xc7, 0x84, 0x24, 0x68, 0x08, 0x00, 0x00, 0x00, 0x00, 0x00,
    0x00, 0x48, 0x89, 0x86, 0x08, 0x01, 0x00, 0x00, 0x48, 0x8b, 0x84, 0x24,
    0x70, 0x08, 0x00, 0x00, 0x48, 0xc7, 0x84, 0x24, 0x70, 0x08, 0x00, 0x00,
    0x00, 0x00, 0x00, 0x00, 0x48, 0x89, 0x86, 0x10, 0x01, 0x00, 0x00, 0x0f,
    0xb6, 0x84, 0x24, 0x78, 0x08, 0x00, 0x00, 0x88, 0x86, 0x18, 0x01, 0x00,
    0x00, 0x48, 0x8b, 0x84, 0x24, 0x80, 0x08, 0x00, 0x00, 0x48, 0xc7, 0x84,
    0x24, 0x80, 0x08, 0x00, 0x00, 0x00, 0x00, 0x00, 0x00, 0x48, 0x89, 0x86,
    0x20, 0x01, 0x00, 0x00, 0x48, 0x8b, 0x84, 0x24, 0x88, 0x08, 0x00, 0x00,
    0x48, 0xc7, 0x84, 0x24, 0x88, 0x08, 0x00, 0x00, 0x00, 0x00, 0x00, 0x00,
    0x48, 0x89, 0x86, 0x28, 0x01, 0x00, 0x00, 0x48, 0x8b, 0x84, 0x24, 0x90,
    0x08, 0x00, 0x00, 0x48, 0xc7, 0x84, 0x24, 0x90, 0x08, 0x00, 0x00, 0x00,
    0x00, 0x00, 0x00, 0x48, 0x89, 0x86, 0x30, 0x01, 0x00, 0x00, 0xe8, 0x81,
    0x47, 0x01, 0x00, 0x48, 0x8b, 0x4c, 0x24, 0x60, 0xe8, 0x37, 0xc9, 0x00,
    0x00, 0x48, 0x8b, 0x8c, 0x24, 0x80, 0x08, 0x00, 0x00, 0x48, 0x85, 0xc9,
    0x74, 0x05, 0xe8, 0x95, 0x1c, 0x75, 0x00, 0x48, 0x8b, 0x8c, 0x24, 0x60,
    0x08, 0x00, 0x00, 0x48, 0x85, 0xc9, 0x74, 0x05, 0xe8, 0x83, 0x1c, 0x75,
    0x00, 0x48, 0x8b, 0x8c, 0x24, 0x18, 0x08, 0x00, 0x00, 0x48, 0x85, 0xc9,
    0x74, 0x05, 0xe8, 0x71, 0x1c, 0x75, 0x00, 0x48, 0x8b, 0x94, 0x24, 0xd8,
    0x07, 0x00, 0x00, 0x49, 0x8d, 0x4c, 0x24, 0x68, 0xe8, 0x5f, 0x84, 0x6e,
    0x00, 0x48, 0x8b, 0x8c, 0x24, 0xa0, 0x07, 0x00, 0x00, 0x48, 0x85, 0xc9,
    0x74, 0x05, 0xe8, 0x4d, 0x1c, 0x75, 0x00, 0x48, 0x8b, 0x9c, 0x24, 0x90,
    0x07, 0x00, 0x00, 0x48, 0x8b, 0xb4, 0x24, 0x88, 0x07, 0x00, 0x00, 0x48,
    0x39, 0xf3, 0x74, 0x34, 0x48, 0x8b, 0x4e, 0x58, 0x48, 0x8d, 0x46, 0x68,
    0x48, 0x39, 0xc1, 0x74, 0x05, 0xe8, 0x26, 0x1c, 0x75, 0x00, 0x48, 0x8b,
    0x0e, 0x48, 0x8d, 0x46, 0x10, 0x48, 0x39, 0xc1, 0x74, 0x05, 0xe8, 0x15,
    0x1c, 0x75, 0x00, 0x48, 0x83, 0xc6, 0x78, 0x48, 0x39, 0xf3, 0x75, 0xd4,
    0x48, 0x8b, 0xb4, 0x24, 0x88, 0x07, 0x00, 0x00, 0x48, 0x85, 0xf6, 0x74,
    0x08, 0x48, 0x89, 0xf1, 0xe8, 0xf7, 0x1b, 0x75, 0x00, 0x48, 0x8b, 0x8c,
    0x24, 0x60, 0x07, 0x00, 0x00, 0x49, 0x83, 0xc4, 0x10, 0x4c, 0x39, 0xe1,
    0x74, 0x05, 0xe8, 0xe1, 0x1b, 0x75, 0x00, 0x48, 0x8b, 0x8c, 0x24, 0x40,
    0x07, 0x00, 0x00, 0x48, 0x85, 0xc9, 0x74, 0x05, 0xe8, 0xcf, 0x1b, 0x75,
    0x00, 0x48, 0x8b, 0x8c, 0x24, 0x20, 0x07, 0x00, 0x00, 0x48, 0x85, 0xc9,
    0x74, 0x05, 0xe8, 0xbd, 0x1b, 0x75, 0x00, 0x48, 0x8b, 0x8c, 0x24, 0xd8,
    0x06, 0x00, 0x00, 0x48, 0x85, 0xc9, 0x74, 0x05, 0xe8, 0xab, 0x1b, 0x75,
    0x00, 0x48, 0x8b, 0x44, 0x24, 0x70, 0x48, 0x8b, 0x94, 0x24, 0x98, 0x06,
    0x00, 0x00, 0x48, 0x8d, 0x48, 0x68, 0xe8, 0x95, 0x83, 0x6e, 0x00, 0x48,
    0x8b, 0x8c, 0x24, 0x60, 0x06, 0x00, 0x00, 0x48, 0x85, 0xc9, 0x74, 0x05,
    0xe8, 0x83, 0x1b, 0x75, 0x00, 0x48, 0x8b, 0x9c, 0x24, 0x50, 0x06, 0x00,
    0x00, 0x48, 0x8b, 0xb4, 0x24, 0x48, 0x06, 0x00, 0x00, 0x48, 0x39, 0xf3,
    0x74, 0x34, 0x48, 0x8b, 0x4e, 0x58, 0x48, 0x8d, 0x46, 0x68, 0x48, 0x39,
    0xc1, 0x74, 0x05, 0xe8, 0x5c, 0x1b, 0x75, 0x00, 0x48, 0x8b, 0x0e, 0x48,
    0x8d, 0x46, 0x10, 0x48, 0x39, 0xc1, 0x74, 0x05, 0xe8, 0x4b, 0x1b, 0x75,
    0x00, 0x48, 0x83, 0xc6, 0x78, 0x48, 0x39, 0xf3, 0x75, 0xd4, 0x48, 0x8b,
    0xb4, 0x24, 0x48, 0x06, 0x00, 0x00, 0x48, 0x85, 0xf6, 0x74, 0x08, 0x48,
    0x89, 0xf1, 0xe8, 0x2d, 0x1b, 0x75, 0x00, 0x48, 0x8b, 0x44, 0x24, 0x70,
    0x48, 0x8b, 0x8c, 0x24, 0x20, 0x06, 0x00, 0x00, 0x48, 0x83, 0xc0, 0x10,
    0x48, 0x39, 0xc1, 0x74, 0x05, 0xe8, 0x12, 0x1b, 0x75, 0x00, 0x48, 0x8b,
    0x4c, 0x24, 0x78, 0xe8, 0xb8, 0xcf, 0x3a, 0x00, 0x48, 0x8b, 0xb4, 0x24,
    0x98, 0x01, 0x00, 0x00, 0x48, 0x8b, 0x9c, 0x24, 0x90, 0x01, 0x00, 0x00,
    0x48, 0x39, 0xde, 0x74, 0x25, 0x48, 0x8b, 0x8b, 0x98, 0x00, 0x00, 0x00,
    0x48, 0x85, 0xc9, 0x74, 0x05, 0xe8, 0xe2, 0x1a, 0x75, 0x00, 0x48, 0x81,
    0xc3, 0xb8, 0x00, 0x00, 0x00, 0x48, 0x39, 0xde, 0x75, 0xe3, 0x48, 0x8b,
    0x9c, 0x24, 0x90, 0x01, 0x00, 0x00, 0x48, 0x85, 0xdb, 0x74, 0x08, 0x48,
    0x89, 0xd9, 0xe8, 0xc1, 0x1a, 0x75, 0x00, 0x48, 0x8b, 0x4c, 0x24, 0x68,
    0xe8, 0x47, 0xc7, 0x00, 0x00, 0x48, 0x8b, 0x8c, 0x24, 0xa0, 0x00, 0x00,
    0x00, 0x48, 0x83, 0xc1, 0x20, 0xe8, 0xb6, 0x9d, 0x2b, 0x00, 0x48, 0x8b,
    0x8c, 0x24, 0x38, 0x02, 0x00, 0x00, 0x48, 0x85, 0xc9, 0x74, 0x05, 0xe8,
    0x94, 0x1a, 0x75, 0x00, 0x48, 0x8b, 0x8c, 0x24, 0xc0, 0x04, 0x00, 0x00,
    0x48, 0x85, 0xc9, 0x74, 0x05, 0xe8, 0x82, 0x1a, 0x75, 0x00, 0x48, 0x8b,
    0x8c, 0x24, 0xa0, 0x04, 0x00, 0x00, 0x48, 0x85, 0xc9, 0x74, 0x05, 0xe8,
    0x70, 0x1a, 0x75, 0x00, 0x48, 0x8b, 0x8c, 0x24, 0x58, 0x04, 0x00, 0x00,
    0x48, 0x85, 0xc9, 0x74, 0x05, 0xe8, 0x5e, 0x1a, 0x75, 0x00, 0x48, 0x8b,
    0x84, 0x24, 0x80, 0x00, 0x00, 0x00, 0x48, 0x8b, 0x94, 0x24, 0x18, 0x04,
    0x00, 0x00, 0x48, 0x8d, 0x48, 0x68, 0xe8, 0x45, 0x82, 0x6e, 0x00, 0x48,
    0x8b, 0x8c, 0x24, 0xe0, 0x03, 0x00, 0x00, 0x48, 0x85, 0xc9, 0x74, 0x05,
    0xe8, 0x33, 0x1a, 0x75, 0x00, 0x48, 0x8b, 0xb4, 0x24, 0xd0, 0x03, 0x00,
    0x00, 0x48, 0x8b, 0x9c, 0x24, 0xc8, 0x03, 0x00, 0x00, 0x48, 0x39, 0xde,
    0x74, 0x34, 0x48, 0x8b, 0x4b, 0x58, 0x48, 0x8d, 0x43, 0x68, 0x48, 0x39,
    0xc1, 0x74, 0x05, 0xe8, 0x0c, 0x1a, 0x75, 0x00, 0x48, 0x8b, 0x0b, 0x48,
    0x8d, 0x43, 0x10, 0x48, 0x39, 0xc1, 0x74, 0x05, 0xe8, 0xfb, 0x19, 0x75,
    0x00, 0x48, 0x83, 0xc3, 0x78, 0x48, 0x39, 0xde, 0x75, 0xd4, 0x48, 0x8b,
    0x9c, 0x24, 0xc8, 0x03, 0x00, 0x00, 0x48, 0x85, 0xdb, 0x74, 0x08, 0x48,
    0x89, 0xd9, 0xe8, 0xdd, 0x19, 0x75, 0x00, 0x48, 0x8b, 0x84, 0x24, 0x80,
    0x00, 0x00, 0x00, 0x48, 0x8b, 0x8c, 0x24, 0xa0, 0x03, 0x00, 0x00, 0x48,
    0x83, 0xc0, 0x10, 0x48, 0x39, 0xc1, 0x74, 0x05, 0xe8, 0xbf, 0x19, 0x75,
    0x00, 0x48, 0x8b, 0x8c, 0x24, 0xb0, 0x00, 0x00, 0x00, 0xe8, 0xf2, 0x17,
    0x27, 0x00, 0xe9, 0xce, 0xcd, 0xff, 0xff, 0x48, 0x83, 0xfd, 0x0f, 0x48,
    0x89, 0xac, 0x24, 0x60, 0x01, 0x00, 0x00, 0x0f, 0x87, 0x8a, 0x00, 0x00,
    0x00, 0x48, 0x83, 0xfd, 0x01, 0x0f, 0x84, 0x12, 0x01, 0x00, 0x00, 0x48,
    0x85, 0xed, 0x4c, 0x89, 0xf8, 0x0f, 0x85, 0x96, 0x00, 0x00, 0x00, 0x48,
    0x89, 0x6b, 0x08, 0xc6, 0x04, 0x28, 0x00, 0x8b, 0x47, 0x20, 0x48, 0x8b,
    0x57, 0x30, 0x89, 0x43, 0x20, 0x48, 0x8b, 0x47, 0x28, 0x48, 0x89, 0x53,
    0x30, 0x48, 0x8b, 0x57, 0x40, 0x48, 0x89, 0x43, 0x28, 0x48, 0x8b, 0x47,
    0x38, 0x48, 0x8b, 0x6f, 0x60, 0x48, 0x89, 0x53, 0x40, 0x48, 0x89, 0x43,
    0x38, 0x48, 0x8b, 0x47, 0x48, 0x48, 0x89, 0x43, 0x48, 0x0f, 0xb6, 0x47,
    0x50, 0x88, 0x43, 0x50, 0x8b, 0x47, 0x54, 0x89, 0x43, 0x54, 0x48, 0x8d,
    0x43, 0x68, 0x48, 0x89, 0x43, 0x58, 0x4c, 0x8b, 0x77, 0x58, 0x4c, 0x89,
    0xf2, 0x48, 0x01, 0xea, 0x0f, 0x84, 0xbf, 0xea, 0xff, 0xff, 0x4d, 0x85,
    0xf6, 0x0f, 0x85, 0xb6, 0xea, 0xff, 0xff, 0x48, 0x8d, 0x0d, 0xa6, 0xbb,
    0x77, 0x00, 0xe8, 0x91, 0x3c, 0x73, 0x00, 0x48, 0x8b, 0x94, 0x24, 0xc8,
    0x00, 0x00, 0x00, 0x45, 0x31, 0xc0, 0x48, 0x89, 0xd9, 0xe8, 0xee, 0x9f,
    0x6c, 0x00, 0x48, 0x8b, 0x94, 0x24, 0x60, 0x01, 0x00, 0x00, 0x48, 0x89,
    0x03, 0x48, 0x89, 0x53, 0x10, 0x49, 0x89, 0xe8, 0x4c, 0x89, 0xf2, 0x48,
    0x89, 0xc1, 0xe8, 0x29, 0x87, 0x3f, 0x00, 0x48, 0x8b, 0xac, 0x24, 0x60,
    0x01, 0x00, 0x00, 0x48, 0x8b, 0x03, 0xe9, 0x4c, 0xff, 0xff, 0xff, 0x48,
    0x8b, 0x94, 0x24, 0xc0, 0x00, 0x00, 0x00, 0x48, 0x8d, 0x4b, 0x58, 0x45,
    0x31, 0xc0, 0xe8, 0xad, 0x9f, 0x6c, 0x00, 0x48, 0x8b, 0x94, 0x24, 0x68,
    0x01, 0x00, 0x00, 0x48, 0x89, 0x43, 0x58, 0x48, 0x89, 0x53, 0x68, 0x49,
    0x89, 0xe8, 0x4c, 0x89, 0xf2, 0x48, 0x89, 0xc1, 0xe8, 0xe7, 0x86, 0x3f,
    0x00, 0x48, 0x8b, 0xac, 0x24, 0x68, 0x01, 0x00, 0x00, 0x48, 0x8b, 0x53,
    0x58, 0xe9, 0x4f, 0xea, 0xff, 0xff, 0x41, 0x0f, 0xb6, 0x16, 0x88, 0x53,
    0x68, 0x48, 0x89, 0xc2, 0xe9, 0x40, 0xea, 0xff, 0xff, 0x41, 0x0f, 0xb6,
    0x06, 0x88, 0x43, 0x10, 0x4c, 0x89, 0xf8, 0xe9, 0xeb, 0xfe, 0xff, 0xff,
    0x48, 0x89, 0xf2, 0x4c, 0x89, 0xe1, 0xe8, 0xa5, 0x9e, 0x6c, 0x00, 0x8b,
    0x46, 0x20, 0x48, 0x8d, 0x56, 0x28, 0x49, 0x8d, 0x4c, 0x24, 0x28, 0x89,
    0x84, 0x24, 0x80, 0x07, 0x00, 0x00, 0xe8, 0x9d, 0xf7, 0x69, 0x00, 0x48,
    0x8d, 0x56, 0x40, 0x49, 0x8d, 0x4c, 0x24, 0x40, 0xe8, 0x5f, 0x3d, 0x6a,
    0x00, 0xf3, 0x0f, 0x6f, 0x46, 0x58, 0x49, 0x8d, 0x4c, 0x24, 0x68, 0x48,
    0x8d, 0x46, 0x68, 0x0f, 0x11, 0x84, 0x24, 0xb8, 0x07, 0x00, 0x00, 0x48,
    0x39, 0xc1, 0x0f, 0x84, 0xfb, 0x00, 0x00, 0x00, 0x48, 0x8b, 0x84, 0x24,
    0xd8, 0x07, 0x00, 0x00, 0x48, 0x89, 0x8c, 0x24, 0xe0, 0x01, 0x00, 0x00,
    0x48, 0x8b, 0x94, 0x24, 0xe8, 0x07, 0x00, 0x00, 0x48, 0x85, 0xc0, 0x48,
    0x89, 0x84, 0x24, 0xd0, 0x01, 0x00, 0x00, 0x48, 0x89, 0x94, 0x24, 0xd8,
    0x01, 0x00, 0x00, 0x0f, 0x84, 0xc7, 0x07, 0x00, 0x00, 0x48, 0x8b, 0x52,
    0x10, 0x48, 0xc7, 0x40, 0x08, 0x00, 0x00, 0x00, 0x00, 0x48, 0x85, 0xd2,
    0x74, 0x08, 0x48, 0x89, 0x94, 0x24, 0xd8, 0x01, 0x00, 0x00, 0x48, 0x8b,
    0x56, 0x78, 0x4d, 0x8d, 0x44, 0x24, 0x70, 0x48, 0xc7, 0x84, 0x24, 0xd8,
    0x07, 0x00, 0x00, 0x00, 0x00, 0x00, 0x00, 0x4c, 0x89, 0x84, 0x24, 0xe0,
    0x07, 0x00, 0x00, 0x49, 0x8d, 0x4c, 0x24, 0x68, 0x4c, 0x89, 0x84, 0x24,
    0xe8, 0x07, 0x00, 0x00, 0x48, 0xc7, 0x84, 0x24, 0xf0, 0x07, 0x00, 0x00,
    0x00, 0x00, 0x00, 0x00, 0x48, 0x85, 0xd2, 0x74, 0x6e, 0x4c, 0x8d, 0x8c,
    0x24, 0xd0, 0x01, 0x00, 0x00, 0xe8, 0x3e, 0x76, 0x6e, 0x00, 0x48, 0x89,
    0x84, 0x24, 0xd8, 0x07, 0x00, 0x00, 0x48, 0x89, 0xc2, 0xeb, 0x04, 0x90,
    0x48, 0x89, 0xca, 0x48, 0x8b, 0x4a, 0x10, 0x48, 0x85, 0xc9, 0x75, 0xf4,
    0x48, 0x89, 0x94, 0x24, 0xe0, 0x07, 0x00, 0x00, 0xeb, 0x0d, 0x66, 0x2e,
    0x0f, 0x1f, 0x84, 0x00, 0x00, 0x00, 0x00, 0x00, 0x48, 0x89, 0xd0, 0x48,
    0x8b, 0x50, 0x18, 0x48, 0x85, 0xd2, 0x75, 0xf4, 0x48, 0x89, 0x84, 0x24,
    0xe8, 0x07, 0x00, 0x00, 0x48, 0x8b, 0x86, 0x90, 0x00, 0x00, 0x00, 0x48,
    0x8b, 0x8c, 0x24, 0xe0, 0x01, 0x00, 0x00, 0x48, 0x89, 0x84, 0x24, 0xf0,
    0x07, 0x00, 0x00, 0x48, 0x8b, 0x84, 0x24, 0xd0, 0x01, 0x00, 0x00, 0x48,
    0x89, 0xc2, 0xe8, 0x25, 0x7f, 0x6e, 0x00, 0x8b, 0x86, 0x98, 0x00, 0x00,
    0x00, 0x48, 0x8d, 0x96, 0xb8, 0x00, 0x00, 0x00, 0xf2, 0x0f, 0x10, 0x86,
    0xa8, 0x00, 0x00, 0x00, 0x49, 0x8d, 0x8c, 0x24, 0xb8, 0x00, 0x00, 0x00,
    0x66, 0x0f, 0x16, 0x86, 0xb0, 0x00, 0x00, 0x00, 0x89, 0x84, 0x24, 0xf8,
    0x07, 0x00, 0x00, 0x0f, 0xb6, 0x86, 0x9c, 0x00, 0x00, 0x00, 0x66, 0x0f,
    0x13, 0x84, 0x24, 0x08, 0x08, 0x00, 0x00, 0x66, 0x0f, 0x17, 0x84, 0x24,
    0x10, 0x08, 0x00, 0x00, 0x88, 0x84, 0x24, 0xfc, 0x07, 0x00, 0x00, 0x0f,
    0xb6, 0x86, 0xa0, 0x00, 0x00, 0x00, 0x88, 0x84, 0x24, 0x00, 0x08, 0x00,
    0x00, 0x0f, 0xb6, 0x86, 0xa1, 0x00, 0x00, 0x00, 0x88, 0x84, 0x24, 0x01,
    0x08, 0x00, 0x00, 0x8b, 0x86, 0xa4, 0x00, 0x00, 0x00, 0x89, 0x84, 0x24,
    0x04, 0x08, 0x00, 0x00, 0xe8, 0xab, 0xb1, 0x69, 0x00, 0x8b, 0x86, 0xd0,
    0x00, 0x00, 0x00, 0x48, 0x8d, 0x96, 0x00, 0x01, 0x00, 0x00, 0xf2, 0x0f,
    0x10, 0x86, 0xd8, 0x00, 0x00, 0x00, 0x49, 0x8d, 0x8c, 0x24, 0x00, 0x01,
    0x00, 0x00, 0xf2, 0x0f, 0x11, 0x84, 0x24, 0x38, 0x08, 0x00, 0x00, 0xf2,
    0x0f, 0x10, 0x86, 0xe8, 0x00, 0x00, 0x00, 0x89, 0x84, 0x24, 0x30, 0x08,
    0x00, 0x00, 0x8b, 0x86, 0xe0, 0x00, 0x00, 0x00, 0x66, 0x0f, 0x16, 0x86,
    0xf0, 0x00, 0x00, 0x00, 0x66, 0x0f, 0x13, 0x84, 0x24, 0x48, 0x08, 0x00,
    0x00, 0x66, 0x0f, 0x17, 0x84, 0x24, 0x50, 0x08, 0x00, 0x00, 0x89, 0x84,
    0x24, 0x40, 0x08, 0x00, 0x00, 0x8b, 0x86, 0xf8, 0x00, 0x00, 0x00, 0x89,
    0x84, 0x24, 0x58, 0x08, 0x00, 0x00, 0xe8, 0xad, 0x38, 0x6a, 0x00, 0x0f,
    0xb6, 0x86, 0x18, 0x01, 0x00, 0x00, 0x48, 0x8d, 0x96, 0x20, 0x01, 0x00,
    0x00, 0x49, 0x8d, 0x8c, 0x24, 0x20, 0x01, 0x00, 0x00, 0x88, 0x84, 0x24,
    0x78, 0x08, 0x00, 0x00, 0xe8, 0x5b, 0x0c, 0x6a, 0x00, 0xe9, 0xe6, 0xf5,
    0xff, 0xff, 0x48, 0x8d, 0x94, 0x24, 0x58, 0x01, 0x00, 0x00, 0x45, 0x31,
    0xc0, 0x4c, 0x89, 0xe1, 0xe8, 0xf3, 0x9c, 0x6c, 0x00, 0x48, 0x8b, 0x94,
    0x24, 0x58, 0x01, 0x00, 0x00, 0x48, 0x89, 0x84, 0x24, 0x60, 0x07, 0x00,
    0x00, 0x48, 0x89, 0x94, 0x24, 0x70, 0x07, 0x00, 0x00, 0x49, 0x89, 0xd8,
    0x48, 0x89, 0xfa, 0x48, 0x89, 0xc1, 0xe8, 0x25, 0x84, 0x3f, 0x00, 0x48,
    0x8b, 0x9c, 0x24, 0x58, 0x01, 0x00, 0x00, 0x48, 0x8b, 0x84, 0x24, 0x60,
    0x07, 0x00, 0x00, 0xe9, 0x52, 0xe6, 0xff, 0xff, 0x4c, 0x89, 0xe1, 0xe9,
    0x59, 0xe1, 0xff, 0xff, 0x48, 0x89, 0xc1, 0xe9, 0x90, 0xe1, 0xff, 0xff,
    0x48, 0x8b, 0x0b, 0x48, 0x89, 0xc6, 0x4c, 0x39, 0xf9, 0x74, 0x05, 0xe8,
    0xa8, 0x15, 0x75, 0x00, 0x48, 0x89, 0xf0, 0x48, 0x89, 0xc1, 0xe8, 0x8d,
    0x1a, 0x75, 0x00, 0x48, 0x39, 0x9c, 0x24, 0x90, 0x00, 0x00, 0x00, 0x48,
    0x8b, 0xb4, 0x24, 0x90, 0x00, 0x00, 0x00, 0x74, 0x11, 0x48, 0x89, 0xf1,
    0x48, 0x83, 0xc6, 0x78, 0xe8, 0x6f, 0x48, 0x57, 0x00, 0x48, 0x39, 0xde,
    0x75, 0xef, 0xe8, 0xa5, 0x20, 0x75, 0x00, 0xeb, 0xce, 0x48, 0x8b, 0x0b,
    0x48, 0x89, 0xc6, 0x4c, 0x39, 0xe1, 0x74, 0x05, 0xe8, 0x63, 0x15, 0x75,
    0x00, 0x48, 0x89, 0xf0, 0x48, 0x89, 0xc1, 0xe8, 0x48, 0x1a, 0x75, 0x00,
    0x49, 0x39, 0xdf, 0x74, 0x11, 0x4c, 0x89, 0xf9, 0x49, 0x83, 0xc7, 0x78,
    0xe8, 0x37, 0x48, 0x57, 0x00, 0x49, 0x39, 0xdf, 0x75, 0xef, 0xe8, 0x6d,
    0x20, 0x75, 0x00, 0xeb, 0xdb, 0x48, 0x89, 0xc3, 0x48, 0x8b, 0xb4, 0x24,
    0xa8, 0x00, 0x00, 0x00, 0x48, 0x8b, 0x94, 0x24, 0x80, 0x03, 0x00, 0x00,
    0x48, 0x8d, 0x4e, 0x20, 0xe8, 0x1f, 0x7d, 0x6e, 0x00, 0x48, 0x89, 0xf1,
    0xe8, 0xf7, 0x7f, 0x6a, 0x00, 0x48, 0x8b, 0xb4, 0x24, 0x98, 0x00, 0x00,
    0x00, 0x48, 0x8b, 0x94, 0x24, 0x30, 0x03, 0x00, 0x00, 0x48, 0x8d, 0x4e,
    0x20, 0xe8, 0xfe, 0x7c, 0x6e, 0x00, 0x48, 0x89, 0xf1, 0xe8, 0xd6, 0x7f,
    0x6a, 0x00, 0x48, 0x8b, 0x4c, 0x24, 0x70, 0xe8, 0x2c, 0xad, 0x57, 0x00,
    0x48, 0x8b, 0x4c, 0x24, 0x78, 0xe8, 0x92, 0xc9, 0x3a, 0x00, 0x48, 0x8b,
    0xbc, 0x24, 0x98, 0x01, 0x00, 0x00, 0x48, 0x8b, 0xb4, 0x24, 0x90, 0x01,
    0x00, 0x00, 0x48, 0x39, 0xf7, 0x74, 0x25, 0x48, 0x8b, 0x8e, 0x98, 0x00,
    0x00, 0x00, 0x48, 0x85, 0xc9, 0x74, 0x05, 0xe8, 0xbc, 0x14, 0x75, 0x00,
    0x48, 0x81, 0xc6, 0xb8, 0x00, 0x00, 0x00, 0x48, 0x39, 0xf7, 0x75, 0xe3,
    0x48, 0x8b, 0xb4, 0x24, 0x90, 0x01, 0x00, 0x00, 0x48, 0x85, 0xf6, 0x74,
    0x08, 0x48, 0x89, 0xf1, 0xe8, 0x9b, 0x14, 0x75, 0x00, 0x48, 0x8b, 0x4c,
    0x24, 0x68, 0xe8, 0x21, 0xc1, 0x00, 0x00, 0x48, 0x8b, 0x8c, 0x24, 0xa0,
    0x00, 0x00, 0x00, 0x48, 0x83, 0xc1, 0x20, 0xe8, 0x90, 0x97, 0x2b, 0x00,
    0x48, 0x8b, 0x8c, 0x24, 0x38, 0x02, 0x00, 0x00, 0x48, 0x85, 0xc9, 0x0f,
    0x84, 0x13, 0x01, 0x00, 0x00, 0xe8, 0x6a, 0x14, 0x75, 0x00, 0xe9, 0x09,
    0x01, 0x00, 0x00, 0x48, 0x89, 0xc3, 0x48, 0x8b, 0x8c, 0x24, 0xb0, 0x00,
    0x00, 0x00, 0xe8, 0x95, 0x12, 0x27, 0x00, 0x48, 0x8b, 0x8c, 0x24, 0xb8,
    0x00, 0x00, 0x00, 0xe8, 0xd8, 0xd2, 0x3a, 0x00, 0x48, 0x89, 0xd9, 0xe8,
    0x10, 0x82, 0x3e, 0x00, 0x48, 0xc7, 0x84, 0x24, 0x90, 0x00, 0x00, 0x00,
    0x00, 0x00, 0x00, 0x00, 0x48, 0x8b, 0x84, 0x24, 0x90, 0x00, 0x00, 0x00,
    0xe9, 0x35, 0xe5, 0xff, 0xff, 0x0f, 0xb6, 0x07, 0x88, 0x84, 0x24, 0x70,
    0x07, 0x00, 0x00, 0x49, 0x8d, 0x44, 0x24, 0x10, 0xe9, 0x9d, 0xe4, 0xff,
    0xff, 0x48, 0x8b, 0x84, 0x24, 0x70, 0x07, 0x00, 0x00, 0x48, 0x8b, 0x94,
    0x24, 0x78, 0x07, 0x00, 0x00, 0x48, 0x89, 0x46, 0x10, 0x48, 0x89, 0x56,
    0x18, 0xe9, 0x02, 0xf4, 0xff, 0xff, 0xf3, 0x0f, 0x6f, 0x84, 0x24, 0xe8,
    0x04, 0x00, 0x00, 0x48, 0x89, 0x94, 0x24, 0xa0, 0x03, 0x00, 0x00, 0x0f,
    0x11, 0x84, 0x24, 0xa8, 0x03, 0x00, 0x00, 0x48, 0x8b, 0x84, 0x24, 0x88,
    0x00, 0x00, 0x00, 0x48, 0x83, 0xc0, 0x10, 0x48, 0x89, 0x84, 0x24, 0xe0,
    0x04, 0x00, 0x00, 0xe9, 0xcb, 0xd6, 0xff, 0xff, 0x0f, 0xb6, 0x07, 0x88,
    0x84, 0x24, 0xb0, 0x03, 0x00, 0x00, 0x48, 0x8b, 0x84, 0x24, 0x80, 0x00,
    0x00, 0x00, 0x48, 0x83, 0xc0, 0x10, 0xe9, 0xb5, 0xc8, 0xff, 0xff, 0x48,
    0x8b, 0x8c, 0x24, 0xf0, 0x01, 0x00, 0x00, 0x48, 0x83, 0xc7, 0x10, 0x48,
    0x89, 0xc6, 0x48, 0x39, 0xf9, 0x74, 0x05, 0xe8, 0x90, 0x13, 0x75, 0x00,
    0x48, 0x8b, 0x44, 0x24, 0x60, 0x48, 0x8b, 0x8c, 0x24, 0xd0, 0x0b, 0x00,
    0x00, 0x48, 0x83, 0xc0, 0x10, 0x48, 0x39, 0xc1, 0x74, 0x05, 0xe8, 0x75,
    0x13, 0x75, 0x00, 0x48, 0x8b, 0x8c, 0x24, 0x10, 0x02, 0x00, 0x00, 0x48,
    0x83, 0xc3, 0x10, 0x48, 0x39, 0xd9, 0x74, 0x05, 0xe8, 0x5f, 0x13, 0x75,
    0x00, 0x48, 0x89, 0xf3, 0x48, 0x8b, 0x8c, 0x24, 0x80, 0x00, 0x00, 0x00,
    0xe8, 0x8f, 0xab, 0x57, 0x00, 0xe9, 0xe8, 0xfe, 0xff, 0xff, 0x48, 0x89,
    0xc6, 0xeb, 0xb5, 0x48, 0x89, 0xc3, 0xeb, 0xe4, 0x48, 0x8b, 0x8c, 0x24,
    0xa0, 0x04, 0x00, 0x00, 0x48, 0x89, 0xc3, 0x48, 0x85, 0xc9, 0x74, 0x05,
    0xe8, 0x2b, 0x13, 0x75, 0x00, 0x48, 0x8b, 0x8c, 0x24, 0x58, 0x04, 0x00,
    0x00, 0x48, 0x85, 0xc9, 0x74, 0x05, 0xe8, 0x19, 0x13, 0x75, 0x00, 0x48,
    0x8b, 0x84, 0x24, 0x80, 0x00, 0x00, 0x00, 0x48, 0x8b, 0x94, 0x24, 0x18,
    0x04, 0x00, 0x00, 0x48, 0x8d, 0x48, 0x68, 0xe8, 0x00, 0x7b, 0x6e, 0x00,
    0x48, 0x8b, 0x8c, 0x24, 0xe0, 0x03, 0x00, 0x00, 0x48, 0x85, 0xc9, 0x74,
    0x05, 0xe8, 0xee, 0x12, 0x75, 0x00, 0x48, 0x8b, 0x84, 0x24, 0x80, 0x00,
    0x00, 0x00, 0x48, 0x8d, 0x48, 0x28, 0xe8, 0xbd, 0xf1, 0x69, 0x00, 0x48,
    0x8b, 0x84, 0x24, 0x80, 0x00, 0x00, 0x00, 0x48, 0x8b, 0x8c, 0x24, 0xa0,
    0x03, 0x00, 0x00, 0x48, 0x83, 0xc0, 0x10, 0x48, 0x39, 0xc1, 0x0f, 0x84,
    0x5e, 0xfe, 0xff, 0xff, 0xe8, 0xbb, 0x12, 0x75, 0x00, 0xe9, 0x54, 0xfe,
    0xff, 0xff, 0x48, 0x89, 0xc3, 0xe9, 0x97, 0xfd, 0xff, 0xff, 0xf3, 0x0f,
    0x6f, 0x84, 0x24, 0xa8, 0x08, 0x00, 0x00, 0x48, 0x89, 0x94, 0x24, 0x60,
    0x07, 0x00, 0x00, 0x0f, 0x11, 0x84, 0x24, 0x68, 0x07, 0x00, 0x00, 0x48,
    0x8d, 0x43, 0x10, 0x48, 0x89, 0x84, 0x24, 0xa0, 0x08, 0x00, 0x00, 0xe9,
    0x80, 0xed, 0xff, 0xff, 0x48, 0x8b, 0x54, 0x24, 0x70, 0x48, 0x8b, 0x8c,
    0x24, 0x98, 0x00, 0x00, 0x00, 0xe8, 0xe2, 0x6d, 0x6a, 0x00, 0xe9, 0x5b,
    0xe2, 0xff, 0xff, 0x48, 0x89, 0xc3, 0xe9, 0x6f, 0xfd, 0xff, 0xff, 0x48,
    0x89, 0xc3, 0xe9, 0x71, 0xfd, 0xff, 0xff, 0x48, 0x89, 0xc6, 0x48, 0x89,
    0xd9, 0xe8, 0x32, 0xde, 0x67, 0x00, 0x48, 0x89, 0xf3, 0xe9, 0x68, 0xfd,
    0xff, 0xff, 0x48, 0x89, 0xc3, 0x48, 0x8b, 0x94, 0x24, 0xd8, 0x07, 0x00,
    0x00, 0x49, 0x8d, 0x4c, 0x24, 0x68, 0xe8, 0x35, 0x7a, 0x6e, 0x00, 0x48,
    0x8b, 0x8c, 0x24, 0xa0, 0x07, 0x00, 0x00, 0x48, 0x85, 0xc9, 0x74, 0x05,
    0xe8, 0x23, 0x12, 0x75, 0x00, 0x49, 0x8d, 0x4c, 0x24, 0x28, 0xe8, 0xf9,
    0xf0, 0x69, 0x00, 0x48, 0x8b, 0x8c, 0x24, 0x60, 0x07, 0x00, 0x00, 0x49,
    0x83, 0xc4, 0x10, 0x4c, 0x39, 0xe1, 0x0f, 0x84, 0xcc, 0xfc, 0xff, 0xff,
    0xe8, 0xff, 0x11, 0x75, 0x00, 0xe9, 0xc2, 0xfc, 0xff, 0xff, 0xe8, 0xb5,
    0x2b, 0x73, 0x00, 0x48, 0x89, 0xc3, 0xeb, 0xbb, 0x48, 0x89, 0xc3, 0xeb,
    0xc8, 0x48, 0x89, 0xc3, 0xeb, 0xcd, 0xe8, 0xa1, 0x2b, 0x73, 0x00, 0xe8,
    0x9c, 0x2b, 0x73, 0x00, 0x48, 0x8b, 0x8c, 0x24, 0x80, 0x00, 0x00, 0x00,
    0x48, 0x89, 0xfa, 0xe8, 0x0c, 0x98, 0x6c, 0x00, 0x48, 0x8b, 0x84, 0x24,
    0xe0, 0x04, 0x00, 0x00, 0xe9, 0xc6, 0xd4, 0xff, 0xff, 0x48, 0x8d, 0x0d,
    0x78, 0xb4, 0x77, 0x00, 0x45, 0x31, 0xc0, 0x31, 0xd2, 0xe8, 0x9e, 0xc9,
    0x73, 0x00, 0x48, 0x8b, 0x8c, 0x24, 0x38, 0x02, 0x00, 0x00, 0x48, 0x89,
    0xc3, 0x48, 0x85, 0xc9, 0x0f, 0x85, 0x2b, 0xfd, 0xff, 0xff, 0xe9, 0x39,
    0xfe, 0xff, 0xff, 0xeb, 0xe5, 0x48, 0x89, 0xc3, 0xe9, 0xa9, 0xfc, 0xff,
    0xff, 0x48, 0x8b, 0x94, 0x24, 0xe0, 0x02, 0x00, 0x00, 0x48, 0x8d, 0x4b,
    0x20, 0x48, 0x89, 0xc6, 0xe8, 0x77, 0x79, 0x6e, 0x00, 0x48, 0x89, 0xd9,
    0x48, 0x89, 0xf3, 0xe8, 0x4c, 0x7c, 0x6a, 0x00, 0x48, 0x8b, 0x94, 0x24,
    0x90, 0x02, 0x00, 0x00, 0x49, 0x8d, 0x4d, 0x20, 0xe8, 0x5b, 0x79, 0x6e,
    0x00, 0x4c, 0x89, 0xe9, 0xe8, 0x33, 0x7c, 0x6a, 0x00, 0xe9, 0xbd, 0xfc,
    0xff, 0xff, 0x48, 0x89, 0xc3, 0xeb, 0xdd, 0x48, 0x8b, 0x94, 0x24, 0x80,
    0x00, 0x00, 0x00, 0x4c, 0x89, 0xe9, 0xe8, 0xa9, 0x6c, 0x6a, 0x00, 0xe9,
    0x02, 0xd1, 0xff, 0xff, 0x48, 0x89, 0xc3, 0xe9, 0x9b, 0xfc, 0xff, 0xff,
    0x48, 0x89, 0xda, 0x4c, 0x89, 0xe1, 0xe8, 0x61, 0x97, 0x6c, 0x00, 0x48,
    0x8b, 0x84, 0x24, 0xa0, 0x08, 0x00, 0x00, 0xe9, 0x10, 0xec, 0xff, 0xff,
    0x48, 0x89, 0xc3, 0x48, 0x89, 0xf9, 0xe8, 0xd9, 0x3b, 0x01, 0x00, 0x48,
    0x8b, 0x4c, 0x24, 0x60, 0xe8, 0x8f, 0xbd, 0x00, 0x00, 0x4c, 0x89, 0xe1,
    0xe8, 0x37, 0xa9, 0x57, 0x00, 0xe9, 0xfc, 0xfb, 0xff, 0xff, 0x48, 0x89,
    0xc3, 0xeb, 0xe4, 0x48, 0x89, 0xc3, 0xeb, 0xe9, 0x48, 0x8b, 0x8c, 0x24,
    0x60, 0x08, 0x00, 0x00, 0x48, 0x89, 0xc3, 0x48, 0x85, 0xc9, 0x74, 0x05,
    0xe8, 0xd3, 0x10, 0x75, 0x00, 0x48, 0x8b, 0x8c, 0x24, 0x18, 0x08, 0x00,
    0x00, 0x48, 0x85, 0xc9, 0x0f, 0x84, 0x7b, 0xfe, 0xff, 0xff, 0xe8, 0xbd,
    0x10, 0x75, 0x00, 0xe9, 0x71, 0xfe, 0xff, 0xff, 0xe8, 0x73, 0x2a, 0x73,
    0x00, 0x48, 0x89, 0xc3, 0xeb, 0xdb, 0xe8, 0x69, 0x2a, 0x73, 0x00, 0xe8,
    0x64, 0x2a, 0x73, 0x00, 0x48, 0x89, 0xc3, 0xe9, 0x71, 0xfd, 0xff, 0xff,
    0xe8, 0x57, 0x2a, 0x73, 0x00, 0x48, 0x89, 0xc3, 0xe9, 0x76, 0xfd, 0xff,
    0xff, 0xe8, 0x4a, 0x2a, 0x73, 0x00, 0x48, 0x89, 0xc3, 0xe9, 0x82, 0xfd,
    0xff, 0xff, 0x48, 0x89, 0xc3, 0xe9, 0x8c, 0xfd, 0xff, 0xff, 0xe8, 0x35,
    0x2a, 0x73, 0x00, 0x48, 0x89, 0xc3, 0xe9, 0x90, 0xfd, 0xff, 0xff, 0xe8,
    0x28, 0x2a, 0x73, 0x00, 0x48, 0x89, 0xc3, 0xe8, 0x70, 0x17, 0x75, 0x00,
    0x48, 0x8b, 0x8c, 0x24, 0xc8, 0x03, 0x00, 0x00, 0x48, 0x85, 0xc9, 0x0f,
    0x84, 0x72, 0xfd, 0xff, 0xff, 0xe8, 0x4a, 0x10, 0x75, 0x00, 0xe9, 0x68,
    0xfd, 0xff, 0xff, 0x48, 0x8b, 0x94, 0x24, 0xd0, 0x01, 0x00, 0x00, 0x48,
    0x89, 0xc3, 0x48, 0x8b, 0x8c, 0x24, 0xe0, 0x01, 0x00, 0x00, 0xe8, 0x2d,
    0x78, 0x6e, 0x00, 0xe9, 0x17, 0xff, 0xff, 0xff, 0x48, 0xc7, 0x84, 0x24,
    0xd8, 0x01, 0x00, 0x00, 0x00, 0x00, 0x00, 0x00, 0xe9, 0x41, 0xf8, 0xff,
    0xff, 0x48, 0x89, 0xc3, 0xe9, 0xba, 0xfb, 0xff, 0xff, 0x48, 0x89, 0xc3,
    0xe8, 0x17, 0x17, 0x75, 0x00, 0x48, 0x8b, 0x8c, 0x24, 0x88, 0x07, 0x00,
    0x00, 0x48, 0x85, 0xc9, 0x0f, 0x84, 0xdd, 0xfd, 0xff, 0xff, 0xe8, 0xf1,
    0x0f, 0x75, 0x00, 0xe9, 0xd3, 0xfd, 0xff, 0xff,
};

// 0x16420  490 bytes  export AddPolygonHoleToPart (ordinals 1,2)
// status: comment_only  -- call to 0x23BF0 outside the block; call to 0x5CD5C0 outside the block; call to 0x62F280 outside the block; call to 0x64AEA0 outside the block (+3 more)
// sha256: 7d232688b858fa0c764b12557dcc00b84a5dee1395a05be9f0d023c5c862c570
alignas(16) const unsigned char kBytes_16420[490] = {
    0x41, 0x54, 0x55, 0x57, 0x56, 0x53, 0x48, 0x81, 0xec, 0xb0, 0x00, 0x00,
    0x00, 0x0f, 0x29, 0xb4, 0x24, 0xa0, 0x00, 0x00, 0x00, 0x89, 0xd3, 0x48,
    0x89, 0xcf, 0x4c, 0x89, 0xc6, 0x48, 0x8d, 0x0d, 0xdb, 0x74, 0x99, 0x00,
    0xe8, 0x57, 0x4a, 0x63, 0x00, 0x85, 0xdb, 0x48, 0xc7, 0x44, 0x24, 0x50,
    0x00, 0x00, 0x00, 0x00, 0x48, 0xc7, 0x44, 0x24, 0x58, 0x00, 0x00, 0x00,
    0x00, 0x48, 0xc7, 0x44, 0x24, 0x60, 0x00, 0x00, 0x00, 0x00, 0x0f, 0x84,
    0x7b, 0x01, 0x00, 0x00, 0x83, 0xeb, 0x01, 0x31, 0xd2, 0x31, 0xc0, 0x66,
    0x0f, 0xef, 0xf6, 0x4c, 0x8d, 0x64, 0x24, 0x70, 0x48, 0xc1, 0xe3, 0x04,
    0x48, 0x8d, 0x6c, 0x24, 0x50, 0x48, 0x01, 0xf3, 0xeb, 0x3f, 0x66, 0x0f,
    0x1f, 0x44, 0x00, 0x00, 0x48, 0x85, 0xc0, 0x74, 0x1d, 0x48, 0x8b, 0x54,
    0x24, 0x70, 0x48, 0x89, 0x10, 0x48, 0x8b, 0x54, 0x24, 0x78, 0x48, 0x89,
    0x50, 0x08, 0x48, 0x8b, 0x94, 0x24, 0x80, 0x00, 0x00, 0x00, 0x48, 0x89,
    0x50, 0x10, 0x48, 0x83, 0xc0, 0x18, 0x48, 0x39, 0xde, 0x48, 0x89, 0x44,
    0x24, 0x58, 0x74, 0x41, 0x48, 0x8b, 0x54, 0x24, 0x60, 0x48, 0x83, 0xc6,
    0x10, 0xf2, 0x0f, 0x11, 0xb4, 0x24, 0x80, 0x00, 0x00, 0x00, 0xf2, 0x0f,
    0x10, 0x06, 0x48, 0x39, 0xd0, 0xf2, 0x0f, 0x11, 0x44, 0x24, 0x70, 0xf2,
    0x0f, 0x10, 0x46, 0x08, 0xf2, 0x0f, 0x11, 0x44, 0x24, 0x78, 0x75, 0xa4,
    0x4c, 0x89, 0xe2, 0x48, 0x89, 0xe9, 0xe8, 0x39, 0x7a, 0x89, 0x00, 0x48,
    0x39, 0xde, 0x48, 0x8b, 0x44, 0x24, 0x58, 0x75, 0xbf, 0x48, 0x8b, 0x54,
    0x24, 0x50, 0x48, 0x39, 0xc2, 0x0f, 0x84, 0xd6, 0x00, 0x00, 0x00, 0x48,
    0x29, 0xd0, 0x48, 0x89, 0xd6, 0x48, 0xc1, 0xf8, 0x03, 0x69, 0xd8, 0xab,
    0xaa, 0xaa, 0xaa, 0x4c, 0x8d, 0x44, 0x24, 0x40, 0x89, 0xd8, 0x48, 0x89,
    0xfa, 0x48, 0x89, 0x74, 0x24, 0x48, 0x48, 0x8d, 0x0d, 0x11, 0x72, 0x99,
    0x00, 0x48, 0x89, 0x44, 0x24, 0x40, 0xe8, 0x01, 0x64, 0x63, 0x00, 0x48,
    0x8d, 0x4c, 0x24, 0x70, 0x48, 0x8d, 0x57, 0x50, 0xe8, 0x73, 0x70, 0x5b,
    0x00, 0x80, 0x7c, 0x24, 0x70, 0x00, 0x66, 0x0f, 0xef, 0xdb, 0x75, 0x2f,
    0xf2, 0x0f, 0x10, 0x9c, 0x24, 0x90, 0x00, 0x00, 0x00, 0xf2, 0x0f, 0x10,
    0x84, 0x24, 0x88, 0x00, 0x00, 0x00, 0xf2, 0x0f, 0x5c, 0x9c, 0x24, 0x80,
    0x00, 0x00, 0x00, 0xf2, 0x0f, 0x5c, 0x44, 0x24, 0x78, 0x66, 0x0f, 0x2e,
    0xd8, 0x76, 0x58, 0xf2, 0x0f, 0x59, 0x1d, 0x41, 0x74, 0x99, 0x00, 0xc7,
    0x44, 0x24, 0x28, 0x01, 0x00, 0x00, 0x00, 0x45, 0x31, 0xc0, 0x48, 0x89,
    0xf2, 0x89, 0xd9, 0x48, 0x8d, 0x87, 0x08, 0x02, 0x00, 0x00, 0x48, 0x83,
    0xc7, 0x68, 0x48, 0x89, 0x44, 0x24, 0x30, 0x48, 0x89, 0x7c, 0x24, 0x20,
    0xe8, 0x3f, 0xd6, 0x00, 0x00, 0x48, 0x8b, 0x4c, 0x24, 0x50, 0x48, 0x85,
    0xc9, 0x74, 0x06, 0xe8, 0xf0, 0x1e, 0x98, 0x00, 0x90, 0x0f, 0x28, 0xb4,
    0x24, 0xa0, 0x00, 0x00, 0x00, 0x48, 0x81, 0xc4, 0xb0, 0x00, 0x00, 0x00,
    0x5b, 0x5e, 0x5f, 0x5d, 0x41, 0x5c, 0xc3, 0xf2, 0x0f, 0x10, 0x1d, 0xe9,
    0x73, 0x99, 0x00, 0xf2, 0x0f, 0x59, 0xd8, 0xeb, 0xa2, 0x31, 0xdb, 0x31,
    0xf6, 0xe9, 0x31, 0xff, 0xff, 0xff, 0x48, 0x8b, 0x4c, 0x24, 0x50, 0x48,
    0x89, 0xc3, 0x48, 0x85, 0xc9, 0x74, 0x05, 0xe8, 0xb0, 0x1e, 0x98, 0x00,
    0x48, 0x89, 0xd9, 0xe8, 0x78, 0x8c, 0x61, 0x00, 0xeb, 0xe4,
};

// 0x162b0  353 bytes  export AddPolygonPart (ordinals 3,4)
// status: comment_only  -- call to 0x14D10 outside the block; call to 0x62F280 outside the block; call to 0x64AEA0 outside the block; call to 0x8ADF30 outside the block (+1 more)
// sha256: 1296639fb79e78899b3684dbe9dee4e40fe1f8f8ae0e53d5ba78d20815b9b5a3
alignas(16) const unsigned char kBytes_162b0[353] = {
    0x41, 0x55, 0x41, 0x54, 0x55, 0x57, 0x56, 0x53, 0x48, 0x81, 0xec, 0x88,
    0x00, 0x00, 0x00, 0x0f, 0x29, 0x74, 0x24, 0x70, 0x48, 0x89, 0xce, 0x44,
    0x89, 0x44, 0x24, 0x2c, 0x89, 0xd7, 0x4c, 0x89, 0xcb, 0x48, 0x8d, 0x0d,
    0x35, 0x76, 0x99, 0x00, 0xe8, 0xc3, 0x4b, 0x63, 0x00, 0x44, 0x8b, 0x44,
    0x24, 0x2c, 0x48, 0xc7, 0x44, 0x24, 0x30, 0x00, 0x00, 0x00, 0x00, 0x48,
    0xc7, 0x44, 0x24, 0x38, 0x00, 0x00, 0x00, 0x00, 0x48, 0xc7, 0x44, 0x24,
    0x40, 0x00, 0x00, 0x00, 0x00, 0x45, 0x85, 0xc0, 0x0f, 0x84, 0xea, 0x00,
    0x00, 0x00, 0x41, 0x8d, 0x68, 0xff, 0x31, 0xc0, 0x45, 0x31, 0xc0, 0x66,
    0x0f, 0xef, 0xf6, 0x4c, 0x8d, 0x6c, 0x24, 0x50, 0x48, 0xc1, 0xe5, 0x04,
    0x4c, 0x8d, 0x64, 0x24, 0x30, 0x48, 0x01, 0xdd, 0xeb, 0x40, 0x66, 0x2e,
    0x0f, 0x1f, 0x84, 0x00, 0x00, 0x00, 0x00, 0x00, 0x4d, 0x85, 0xc0, 0x74,
    0x1a, 0x48, 0x8b, 0x44, 0x24, 0x50, 0x49, 0x89, 0x00, 0x48, 0x8b, 0x44,
    0x24, 0x58, 0x49, 0x89, 0x40, 0x08, 0x48, 0x8b, 0x44, 0x24, 0x60, 0x49,
    0x89, 0x40, 0x10, 0x49, 0x83, 0xc0, 0x18, 0x48, 0x39, 0xeb, 0x4c, 0x89,
    0x44, 0x24, 0x38, 0x74, 0x43, 0x48, 0x8b, 0x44, 0x24, 0x40, 0x48, 0x83,
    0xc3, 0x10, 0xf2, 0x0f, 0x10, 0x03, 0x49, 0x39, 0xc0, 0xf2, 0x0f, 0x11,
    0x74, 0x24, 0x60, 0xf2, 0x0f, 0x11, 0x44, 0x24, 0x50, 0xf2, 0x0f, 0x10,
    0x43, 0x08, 0xf2, 0x0f, 0x11, 0x44, 0x24, 0x58, 0x75, 0xaa, 0x4c, 0x89,
    0xea, 0x4c, 0x89, 0xe1, 0xe8, 0x9f, 0x7b, 0x89, 0x00, 0x48, 0x39, 0xeb,
    0x4c, 0x8b, 0x44, 0x24, 0x38, 0x75, 0xc2, 0x0f, 0x1f, 0x44, 0x00, 0x00,
    0x4c, 0x8b, 0x4c, 0x24, 0x30, 0x4d, 0x39, 0xc1, 0x74, 0x43, 0x4d, 0x29,
    0xc8, 0x49, 0xc1, 0xf8, 0x03, 0x45, 0x69, 0xc0, 0xab, 0xaa, 0xaa, 0xaa,
    0x89, 0xfa, 0x48, 0x89, 0xf1, 0xe8, 0x4e, 0xe9, 0xff, 0xff, 0x48, 0x8b,
    0x4c, 0x24, 0x30, 0x48, 0x89, 0xc3, 0x48, 0x85, 0xc9, 0x74, 0x06, 0xe8,
    0xdc, 0x20, 0x98, 0x00, 0x90, 0x0f, 0x28, 0x74, 0x24, 0x70, 0x48, 0x89,
    0xd8, 0x48, 0x81, 0xc4, 0x88, 0x00, 0x00, 0x00, 0x5b, 0x5e, 0x5f, 0x5d,
    0x41, 0x5c, 0x41, 0x5d, 0xc3, 0x45, 0x31, 0xc0, 0x45, 0x31, 0xc9, 0xeb,
    0xc3, 0x48, 0x8b, 0x4c, 0x24, 0x30, 0x48, 0x89, 0xc3, 0x48, 0x85, 0xc9,
    0x74, 0x05, 0xe8, 0xa9, 0x20, 0x98, 0x00, 0x48, 0x89, 0xd9, 0xe8, 0x71,
    0x8e, 0x61, 0x00, 0xeb, 0xe4,
};

// 0x15bf0  1717 bytes  export AddSheet (ordinals 5,6)
// status: comment_only  -- call to 0x1BF40 outside the block; call to 0x5C9330 outside the block; call to 0x62D860 outside the block; call to 0x62F280 outside the block (+23 more)
// sha256: f761bd629fd63f513d37322eada6ca413683021a6dc3c70433025b0c5028e554
alignas(16) const unsigned char kBytes_15bf0[1717] = {
    0x41, 0x56, 0x41, 0x55, 0x41, 0x54, 0x55, 0x57, 0x56, 0x53, 0x48, 0x83,
    0xc4, 0x80, 0x0f, 0x29, 0x74, 0x24, 0x60, 0x0f, 0x29, 0x7c, 0x24, 0x70,
    0x49, 0x89, 0xcc, 0x66, 0x0f, 0x28, 0xf3, 0x89, 0xd7, 0x48, 0x8d, 0x0d,
    0xec, 0x7c, 0x99, 0x00, 0x66, 0x0f, 0x28, 0xfa, 0xe8, 0xdf, 0x85, 0x63,
    0x00, 0x48, 0x8d, 0x6c, 0x24, 0x40, 0xb9, 0x68, 0x01, 0x00, 0x00, 0xe8,
    0xd0, 0x28, 0x98, 0x00, 0x48, 0x8d, 0x54, 0x24, 0x20, 0x48, 0x89, 0xe9,
    0xf2, 0x0f, 0x11, 0x74, 0x24, 0x38, 0x4c, 0x8d, 0x44, 0x24, 0x30, 0x66,
    0x0f, 0xef, 0xf6, 0x48, 0x89, 0xc3, 0xf2, 0x0f, 0x11, 0x7c, 0x24, 0x30,
    0xf2, 0x0f, 0x11, 0x74, 0x24, 0x20, 0xf2, 0x0f, 0x11, 0x74, 0x24, 0x28,
    0xe8, 0xcf, 0x36, 0x5b, 0x00, 0x48, 0xc7, 0x03, 0x00, 0x00, 0x00, 0x00,
    0xb9, 0x18, 0x00, 0x00, 0x00, 0x48, 0xc7, 0x43, 0x08, 0x00, 0x00, 0x00,
    0x00, 0x48, 0xc7, 0x43, 0x10, 0x00, 0x00, 0x00, 0x00, 0xe8, 0x7e, 0x28,
    0x98, 0x00, 0x4c, 0x8b, 0x5c, 0x24, 0x48, 0x4c, 0x8d, 0x68, 0x18, 0x48,
    0x89, 0xc6, 0x48, 0x89, 0x03, 0x48, 0x8b, 0x4c, 0x24, 0x40, 0x48, 0x89,
    0x43, 0x08, 0x4c, 0x89, 0x6b, 0x10, 0x48, 0xc7, 0x06, 0x00, 0x00, 0x00,
    0x00, 0x4d, 0x89, 0xde, 0x48, 0xc7, 0x46, 0x08, 0x00, 0x00, 0x00, 0x00,
    0x49, 0x29, 0xce, 0x48, 0xc7, 0x46, 0x10, 0x00, 0x00, 0x00, 0x00, 0x4c,
    0x89, 0xf0, 0x48, 0xc1, 0xf8, 0x04, 0x48, 0x85, 0xc0, 0x74, 0x25, 0x48,
    0xba, 0xff, 0xff, 0xff, 0xff, 0xff, 0xff, 0xff, 0x0f, 0x48, 0x39, 0xd0,
    0x0f, 0x87, 0x5b, 0x05, 0x00, 0x00, 0x4c, 0x89, 0xf1, 0xe8, 0x1e, 0x28,
    0x98, 0x00, 0x48, 0x8b, 0x4c, 0x24, 0x40, 0x4c, 0x8b, 0x5c, 0x24, 0x48,
    0x49, 0x01, 0xc6, 0x4c, 0x39, 0xd9, 0x48, 0x89, 0x06, 0x49, 0x89, 0xc8,
    0x48, 0x89, 0x46, 0x08, 0x48, 0x89, 0xc2, 0x4c, 0x89, 0x76, 0x10, 0x74,
    0x30, 0x48, 0x85, 0xd2, 0x74, 0x0e, 0x4d, 0x8b, 0x08, 0x4d, 0x8b, 0x50,
    0x08, 0x4c, 0x89, 0x0a, 0x4c, 0x89, 0x52, 0x08, 0x49, 0x83, 0xc0, 0x10,
    0x48, 0x83, 0xc2, 0x10, 0x4d, 0x39, 0xc3, 0x75, 0xe0, 0x48, 0x8d, 0x51,
    0x10, 0x49, 0x29, 0xd3, 0x49, 0x83, 0xe3, 0xf0, 0x4a, 0x8d, 0x44, 0x18,
    0x10, 0x48, 0x85, 0xc9, 0x48, 0x89, 0x46, 0x08, 0x4c, 0x89, 0x6b, 0x08,
    0x74, 0x05, 0xe8, 0x69, 0x27, 0x98, 0x00, 0x48, 0x8d, 0x43, 0x38, 0x48,
    0xc7, 0x43, 0x18, 0x00, 0x00, 0x00, 0x00, 0x48, 0x89, 0x43, 0x48, 0x48,
    0x89, 0x43, 0x50, 0x48, 0x8d, 0x43, 0x68, 0x48, 0x89, 0x43, 0x78, 0x48,
    0x89, 0x83, 0x80, 0x00, 0x00, 0x00, 0x48, 0x8d, 0x83, 0x50, 0x01, 0x00,
    0x00, 0x48, 0xc7, 0x43, 0x20, 0x00, 0x00, 0x00, 0x00, 0x48, 0xc7, 0x43,
    0x28, 0x00, 0x00, 0x00, 0x00, 0xc7, 0x43, 0x38, 0x00, 0x00, 0x00, 0x00,
    0x48, 0xc7, 0x43, 0x40, 0x00, 0x00, 0x00, 0x00, 0x48, 0xc7, 0x43, 0x58,
    0x00, 0x00, 0x00, 0x00, 0xc7, 0x43, 0x68, 0x00, 0x00, 0x00, 0x00, 0x48,
    0xc7, 0x43, 0x70, 0x00, 0x00, 0x00, 0x00, 0x48, 0xc7, 0x83, 0x88, 0x00,
    0x00, 0x00, 0x00, 0x00, 0x00, 0x00, 0x48, 0xc7, 0x83, 0x90, 0x00, 0x00,
    0x00, 0x00, 0x00, 0x00, 0x00, 0x48, 0xc7, 0x83, 0x98, 0x00, 0x00, 0x00,
    0x00, 0x00, 0x00, 0x00, 0x48, 0xc7, 0x83, 0xa0, 0x00, 0x00, 0x00, 0x00,
    0x00, 0x00, 0x00, 0x48, 0xc7, 0x83, 0xa8, 0x00, 0x00, 0x00, 0x00, 0x00,
    0x00, 0x00, 0x48, 0xc7, 0x83, 0xb0, 0x00, 0x00, 0x00, 0x00, 0x00, 0x00,
    0x00, 0x48, 0xc7, 0x83, 0xb8, 0x00, 0x00, 0x00, 0x00, 0x00, 0x00, 0x00,
    0x48, 0xc7, 0x83, 0xc0, 0x00, 0x00, 0x00, 0x00, 0x00, 0x00, 0x00, 0x48,
    0xc7, 0x83, 0xc8, 0x00, 0x00, 0x00, 0x00, 0x00, 0x00, 0x00, 0x48, 0xc7,
    0x83, 0xd0, 0x00, 0x00, 0x00, 0x00, 0x00, 0x00, 0x00, 0x48, 0xc7, 0x83,
    0xd8, 0x00, 0x00, 0x00, 0x00, 0x00, 0x00, 0x00, 0x48, 0xc7, 0x83, 0xe0,
    0x00, 0x00, 0x00, 0x00, 0x00, 0x00, 0x00, 0x48, 0xc7, 0x83, 0xe8, 0x00,
    0x00, 0x00, 0x00, 0x00, 0x00, 0x00, 0x89, 0xbb, 0xf0, 0x00, 0x00, 0x00,
    0xf2, 0x0f, 0x11, 0xb3, 0xf8, 0x00, 0x00, 0x00, 0xf2, 0x0f, 0x11, 0xb3,
    0x00, 0x01, 0x00, 0x00, 0xf2, 0x0f, 0x11, 0xb3, 0x08, 0x01, 0x00, 0x00,
    0xf2, 0x0f, 0x11, 0xb3, 0x10, 0x01, 0x00, 0x00, 0xf2, 0x0f, 0x11, 0xb3,
    0x18, 0x01, 0x00, 0x00, 0xc7, 0x83, 0x20, 0x01, 0x00, 0x00, 0x00, 0x00,
    0x00, 0x00, 0xc6, 0x83, 0x24, 0x01, 0x00, 0x00, 0x00, 0x48, 0x89, 0x83,
    0x40, 0x01, 0x00, 0x00, 0x49, 0x8b, 0x84, 0x24, 0xb8, 0x01, 0x00, 0x00,
    0x49, 0x3b, 0x84, 0x24, 0xc0, 0x01, 0x00, 0x00, 0x48, 0x89, 0x5c, 0x24,
    0x40, 0xc7, 0x83, 0x28, 0x01, 0x00, 0x00, 0x00, 0x00, 0x00, 0x00, 0xc6,
    0x83, 0x2c, 0x01, 0x00, 0x00, 0x00, 0xc7, 0x83, 0x30, 0x01, 0x00, 0x00,
    0x00, 0x00, 0x00, 0x00, 0xc6, 0x83, 0x34, 0x01, 0x00, 0x00, 0x00, 0xf2,
    0x0f, 0x11, 0xb3, 0x38, 0x01, 0x00, 0x00, 0x48, 0xc7, 0x83, 0x48, 0x01,
    0x00, 0x00, 0x00, 0x00, 0x00, 0x00, 0xc6, 0x83, 0x50, 0x01, 0x00, 0x00,
    0x00, 0xc6, 0x83, 0x60, 0x01, 0x00, 0x00, 0x01, 0x0f, 0x84, 0x2e, 0x03,
    0x00, 0x00, 0x48, 0x85, 0xc0, 0x0f, 0x84, 0x1d, 0x03, 0x00, 0x00, 0x48,
    0xc7, 0x44, 0x24, 0x40, 0x00, 0x00, 0x00, 0x00, 0x48, 0x89, 0x18, 0x48,
    0x8b, 0x7c, 0x24, 0x40, 0x48, 0x83, 0xc0, 0x08, 0x49, 0x89, 0x84, 0x24,
    0xb8, 0x01, 0x00, 0x00, 0x48, 0x85, 0xff, 0x0f, 0x84, 0x99, 0x01, 0x00,
    0x00, 0x48, 0x8b, 0x8f, 0x40, 0x01, 0x00, 0x00, 0x48, 0x8d, 0x87, 0x50,
    0x01, 0x00, 0x00, 0x48, 0x39, 0xc1, 0x74, 0x05, 0xe8, 0x8f, 0x25, 0x98,
    0x00, 0x4c, 0x8b, 0xa7, 0xe0, 0x00, 0x00, 0x00, 0x48, 0x8b, 0xb7, 0xd8,
    0x00, 0x00, 0x00, 0x49, 0x39, 0xf4, 0x74, 0x1d, 0x48, 0x8b, 0x0e, 0x48,
    0x85, 0xc9, 0x74, 0x05, 0xe8, 0x6f, 0x25, 0x98, 0x00, 0x48, 0x83, 0xc6,
    0x18, 0x49, 0x39, 0xf4, 0x75, 0xea, 0x48, 0x8b, 0xb7, 0xd8, 0x00, 0x00,
    0x00, 0x48, 0x85, 0xf6, 0x74, 0x08, 0x48, 0x89, 0xf1, 0xe8, 0x52, 0x25,
    0x98, 0x00, 0x4c, 0x8b, 0xa7, 0xc8, 0x00, 0x00, 0x00, 0x48, 0x8b, 0xb7,
    0xc0, 0x00, 0x00, 0x00, 0x49, 0x39, 0xf4, 0x74, 0x1d, 0x48, 0x8b, 0x0e,
    0x48, 0x85, 0xc9, 0x74, 0x05, 0xe8, 0x32, 0x25, 0x98, 0x00, 0x48, 0x83,
    0xc6, 0x18, 0x49, 0x39, 0xf4, 0x75, 0xea, 0x48, 0x8b, 0xb7, 0xc0, 0x00,
    0x00, 0x00, 0x48, 0x85, 0xf6, 0x74, 0x08, 0x48, 0x89, 0xf1, 0xe8, 0x15,
    0x25, 0x98, 0x00, 0x4c, 0x8b, 0xa7, 0xb0, 0x00, 0x00, 0x00, 0x48, 0x8b,
    0xb7, 0xa8, 0x00, 0x00, 0x00, 0x49, 0x39, 0xf4, 0x74, 0x1f, 0x66, 0x90,
    0x48, 0x8b, 0x0e, 0x48, 0x85, 0xc9, 0x74, 0x05, 0xe8, 0xf3, 0x24, 0x98,
    0x00, 0x48, 0x83, 0xc6, 0x18, 0x49, 0x39, 0xf4, 0x75, 0xea, 0x48, 0x8b,
    0xb7, 0xa8, 0x00, 0x00, 0x00, 0x48, 0x85, 0xf6, 0x74, 0x08, 0x48, 0x89,
    0xf1, 0xe8, 0xd6, 0x24, 0x98, 0x00, 0x4c, 0x8b, 0xa7, 0x98, 0x00, 0x00,
    0x00, 0x48, 0x8b, 0xb7, 0x90, 0x00, 0x00, 0x00, 0x49, 0x39, 0xf4, 0x74,
    0x20, 0x0f, 0x1f, 0x00, 0x48, 0x8b, 0x0e, 0x48, 0x85, 0xc9, 0x74, 0x05,
    0xe8, 0xb3, 0x24, 0x98, 0x00, 0x48, 0x83, 0xc6, 0x18, 0x49, 0x39, 0xf4,
    0x75, 0xea, 0x48, 0x8b, 0xb7, 0x90, 0x00, 0x00, 0x00, 0x48, 0x85, 0xf6,
    0x74, 0x08, 0x48, 0x89, 0xf1, 0xe8, 0x96, 0x24, 0x98, 0x00, 0x48, 0x8b,
    0x57, 0x70, 0x48, 0x8d, 0x4f, 0x60, 0xe8, 0x89, 0x87, 0x92, 0x00, 0x48,
    0x8b, 0x57, 0x40, 0x48, 0x8d, 0x4f, 0x30, 0xe8, 0x7c, 0x87, 0x92, 0x00,
    0x4c, 0x8b, 0x67, 0x20, 0x48, 0x8b, 0x77, 0x18, 0x49, 0x39, 0xf4, 0x74,
    0x1a, 0x48, 0x8b, 0x0e, 0x48, 0x85, 0xc9, 0x74, 0x05, 0xe8, 0x62, 0x24,
    0x98, 0x00, 0x48, 0x83, 0xc6, 0x18, 0x49, 0x39, 0xf4, 0x75, 0xea, 0x48,
    0x8b, 0x77, 0x18, 0x48, 0x85, 0xf6, 0x74, 0x08, 0x48, 0x89, 0xf1, 0xe8,
    0x48, 0x24, 0x98, 0x00, 0x4c, 0x8b, 0x67, 0x08, 0x48, 0x8b, 0x37, 0x49,
    0x39, 0xf4, 0x74, 0x19, 0x48, 0x8b, 0x0e, 0x48, 0x85, 0xc9, 0x74, 0x05,
    0xe8, 0x2f, 0x24, 0x98, 0x00, 0x48, 0x83, 0xc6, 0x18, 0x49, 0x39, 0xf4,
    0x75, 0xea, 0x48, 0x8b, 0x37, 0x48, 0x85, 0xf6, 0x74, 0x08, 0x48, 0x89,
    0xf1, 0xe8, 0x16, 0x24, 0x98, 0x00, 0x48, 0x89, 0xf9, 0xe8, 0x0e, 0x24,
    0x98, 0x00, 0x0f, 0xb6, 0x05, 0x37, 0x90, 0xb0, 0x00, 0x84, 0xc0, 0x0f,
    0x84, 0x10, 0x01, 0x00, 0x00, 0x48, 0x8d, 0x0d, 0x30, 0x90, 0xb0, 0x00,
    0xc6, 0x44, 0x24, 0x48, 0x00, 0x48, 0x89, 0x4c, 0x24, 0x40, 0xe8, 0xf9,
    0x95, 0x62, 0x00, 0x85, 0xc0, 0x0f, 0x85, 0x97, 0x01, 0x00, 0x00, 0xc6,
    0x44, 0x24, 0x48, 0x01, 0xe8, 0x67, 0x5e, 0x00, 0x00, 0x48, 0x85, 0xc0,
    0x48, 0x89, 0xc6, 0x74, 0x7c, 0x41, 0xb8, 0x03, 0x00, 0x00, 0x00, 0x48,
    0x89, 0xc1, 0x48, 0x8d, 0x15, 0x4f, 0x76, 0x99, 0x00, 0xe8, 0x1a, 0x1f,
    0x96, 0x00, 0x41, 0xb8, 0x03, 0x00, 0x00, 0x00, 0x48, 0x89, 0xf1, 0x48,
    0x8d, 0x15, 0xbc, 0x77, 0x99, 0x00, 0xe8, 0x05, 0x1f, 0x96, 0x00, 0x41,
    0xb8, 0x01, 0x00, 0x00, 0x00, 0x48, 0x89, 0xf1, 0x48, 0x8d, 0x15, 0x29,
    0x76, 0x99, 0x00, 0xe8, 0xf0, 0x1e, 0x96, 0x00, 0x48, 0x89, 0xda, 0x48,
    0x89, 0xf1, 0xe8, 0x65, 0x23, 0x85, 0x00, 0x48, 0x8b, 0x06, 0x48, 0x8b,
    0x40, 0xe8, 0x48, 0x8b, 0xbc, 0x06, 0xf0, 0x00, 0x00, 0x00, 0x48, 0x85,
    0xff, 0x0f, 0x84, 0x1e, 0x01, 0x00, 0x00, 0x80, 0x7f, 0x38, 0x00, 0x74,
    0x37, 0x0f, 0xbe, 0x57, 0x43, 0x48, 0x89, 0xf1, 0xe8, 0x9b, 0x1a, 0x85,
    0x00, 0x48, 0x89, 0xc1, 0xe8, 0x93, 0x1c, 0x85, 0x00, 0x80, 0x7c, 0x24,
    0x48, 0x00, 0x75, 0x4c, 0x0f, 0x28, 0x74, 0x24, 0x60, 0x48, 0x89, 0xd8,
    0x0f, 0x28, 0x7c, 0x24, 0x70, 0x48, 0x83, 0xec, 0x80, 0x5b, 0x5e, 0x5f,
    0x5d, 0x41, 0x5c, 0x41, 0x5d, 0x41, 0x5e, 0xc3, 0x48, 0x89, 0xf9, 0xe8,
    0x58, 0x03, 0x81, 0x00, 0x48, 0x8b, 0x07, 0x48, 0x8d, 0x0d, 0x8e, 0x05,
    0x81, 0x00, 0xba, 0x0a, 0x00, 0x00, 0x00, 0x48, 0x8b, 0x40, 0x30, 0x48,
    0x39, 0xc8, 0x74, 0xad, 0x48, 0x89, 0xf9, 0xff, 0xd0, 0x0f, 0xbe, 0xd0,
    0xeb, 0xa3, 0x66, 0x0f, 0x1f, 0x44, 0x00, 0x00, 0x48, 0x8b, 0x4c, 0x24,
    0x40, 0x48, 0x85, 0xc9, 0x74, 0xaa, 0xe8, 0xf9, 0x94, 0x62, 0x00, 0xeb,
    0xa3, 0x48, 0x8d, 0x0d, 0x18, 0x8f, 0xb0, 0x00, 0xe8, 0xd3, 0x2b, 0x98,
    0x00, 0x85, 0xc0, 0x0f, 0x84, 0xdc, 0xfe, 0xff, 0xff, 0x48, 0x8d, 0x0d,
    0x0c, 0x8f, 0xb0, 0x00, 0x31, 0xd2, 0xe8, 0xe5, 0x94, 0x62, 0x00, 0x48,
    0x8d, 0x0d, 0xf6, 0x8e, 0xb0, 0x00, 0xe8, 0xf1, 0x2c, 0x98, 0x00, 0x48,
    0x8d, 0x0d, 0xca, 0xd0, 0xff, 0xff, 0xe8, 0x65, 0x76, 0x61, 0x00, 0xe9,
    0xb1, 0xfe, 0xff, 0xff, 0x48, 0x89, 0xdf, 0xe9, 0xec, 0xfc, 0xff, 0xff,
    0x49, 0x8d, 0x8c, 0x24, 0xb0, 0x01, 0x00, 0x00, 0x48, 0x89, 0xea, 0xe8,
    0x28, 0x4f, 0x8e, 0x00, 0x48, 0x8b, 0x7c, 0x24, 0x40, 0xe9, 0xde, 0xfc,
    0xff, 0xff, 0x48, 0x89, 0xe9, 0x48, 0x89, 0xc3, 0xe8, 0xb3, 0xaa, 0x85,
    0x00, 0x48, 0x89, 0xd9, 0xe8, 0x4b, 0x90, 0x61, 0x00, 0xe8, 0x36, 0x3c,
    0x96, 0x00, 0x48, 0x89, 0xc6, 0x48, 0x8b, 0x4c, 0x24, 0x40, 0x48, 0x85,
    0xc9, 0x74, 0x05, 0xe8, 0x64, 0x22, 0x98, 0x00, 0x48, 0x89, 0xd9, 0xe8,
    0x5c, 0x22, 0x98, 0x00, 0x48, 0x89, 0xf1, 0xe8, 0x24, 0x90, 0x61, 0x00,
    0x48, 0x89, 0xc6, 0xeb, 0xeb, 0xe8, 0xea, 0x24, 0x96, 0x00, 0x89, 0xc1,
    0xe8, 0x83, 0x49, 0x96, 0x00, 0x48, 0x89, 0xc1, 0xe8, 0x2b, 0x27, 0x98,
    0x00, 0xe8, 0x66, 0x2d, 0x98, 0x00, 0x80, 0x7c, 0x24, 0x48, 0x00, 0x48,
    0x89, 0xc3, 0x74, 0xa9, 0x48, 0x89, 0xe9, 0xe8, 0x24, 0xff, 0x85, 0x00,
    0xeb, 0x9f, 0x48, 0x89, 0xc6, 0xe8, 0x2a, 0x29, 0x98, 0x00, 0x48, 0x8b,
    0x0b, 0x48, 0x85, 0xc9, 0x74, 0x9f, 0xe8, 0x0d, 0x22, 0x98, 0x00, 0xeb,
    0x98,
};

// 0x118f0  3660 bytes  export DeleteLaunchingOrder (ordinals 7,8)
// status: comment_only  -- call to 0x5007C0 outside the block; call to 0x5F3960 outside the block; call to 0x63F6B8 outside the block; call to 0x63F6C0 outside the block (+17 more)
// sha256: 91e23e9cc630313535ad1fe422b6f60aedca7dfb37cfc4877d2a5af665f1724f
alignas(16) const unsigned char kBytes_118f0[3660] = {
    0x41, 0x57, 0x41, 0x56, 0x41, 0x55, 0x41, 0x54, 0x55, 0x57, 0x56, 0x53,
    0x48, 0x83, 0xec, 0x38, 0x49, 0x89, 0xce, 0x48, 0x8d, 0x0d, 0x8c, 0xbb,
    0x99, 0x00, 0xe8, 0x91, 0x95, 0x63, 0x00, 0x49, 0x8b, 0xb6, 0xc8, 0x01,
    0x00, 0x00, 0x49, 0x8b, 0xae, 0xd0, 0x01, 0x00, 0x00, 0x48, 0x39, 0xee,
    0x0f, 0x84, 0xda, 0x00, 0x00, 0x00, 0x48, 0x8b, 0x1e, 0x49, 0x89, 0xdd,
    0x49, 0x81, 0xc5, 0xd0, 0x00, 0x00, 0x00, 0x0f, 0x84, 0xf1, 0x0d, 0x00,
    0x00, 0x4c, 0x8b, 0x25, 0xf0, 0x66, 0x9f, 0x00, 0x48, 0x83, 0xc6, 0x08,
    0x4d, 0x89, 0xe7, 0xeb, 0x27, 0x0f, 0x1f, 0x80, 0x00, 0x00, 0x00, 0x00,
    0x48, 0x39, 0xf5, 0x0f, 0x84, 0xa7, 0x00, 0x00, 0x00, 0x48, 0x8b, 0x1e,
    0x48, 0x83, 0xc6, 0x08, 0x49, 0x89, 0xdd, 0x49, 0x81, 0xc5, 0xd0, 0x00,
    0x00, 0x00, 0x0f, 0x84, 0xba, 0x0d, 0x00, 0x00, 0x4c, 0x89, 0xe9, 0xe8,
    0x48, 0xdd, 0x62, 0x00, 0x85, 0xc0, 0x0f, 0x85, 0xb4, 0x0d, 0x00, 0x00,
    0x48, 0x8b, 0xbb, 0xb8, 0x00, 0x00, 0x00, 0x4c, 0x89, 0xe9, 0x48, 0x8b,
    0x9b, 0xb0, 0x00, 0x00, 0x00, 0xe8, 0x22, 0xdd, 0x62, 0x00, 0x48, 0x39,
    0xdf, 0x74, 0xb5, 0x48, 0x8d, 0x0d, 0x0e, 0xbb, 0x99, 0x00, 0xe8, 0xf9,
    0x94, 0x63, 0x00, 0x48, 0x8b, 0x0d, 0x82, 0x66, 0x9f, 0x00, 0x41, 0xb8,
    0x28, 0x00, 0x00, 0x00, 0x48, 0x8d, 0x15, 0x2d, 0xbb, 0x99, 0x00, 0xe8,
    0x50, 0x66, 0x96, 0x00, 0x49, 0x8b, 0x04, 0x24, 0x48, 0x8b, 0x40, 0xe8,
    0x4a, 0x8b, 0x9c, 0x20, 0xf0, 0x00, 0x00, 0x00, 0x48, 0x85, 0xdb, 0x0f,
    0x84, 0x47, 0x0d, 0x00, 0x00, 0x80, 0x7b, 0x38, 0x00, 0x0f, 0x84, 0x0c,
    0x0d, 0x00, 0x00, 0x0f, 0xbe, 0x53, 0x43, 0x4c, 0x89, 0xf9, 0xe8, 0x01,
    0x62, 0x85, 0x00, 0x48, 0x89, 0xc1, 0xe8, 0xf9, 0x63, 0x85, 0x00, 0x48,
    0x39, 0xf5, 0x0f, 0x85, 0x59, 0xff, 0xff, 0xff, 0x49, 0x8b, 0xbe, 0xb0,
    0x02, 0x00, 0x00, 0x49, 0x8b, 0x9e, 0xa8, 0x02, 0x00, 0x00, 0x48, 0x39,
    0xdf, 0x74, 0x3c, 0x48, 0x8b, 0x33, 0x48, 0x85, 0xf6, 0x74, 0x24, 0x48,
    0x8b, 0x4e, 0x28, 0x48, 0x85, 0xc9, 0x74, 0x05, 0xe8, 0x87, 0x6a, 0x98,
    0x00, 0x48, 0x8b, 0x4e, 0x10, 0x48, 0x85, 0xc9, 0x74, 0x05, 0xe8, 0x79,
    0x6a, 0x98, 0x00, 0x48, 0x89, 0xf1, 0xe8, 0x71, 0x6a, 0x98, 0x00, 0x48,
    0x83, 0xc3, 0x08, 0x48, 0x39, 0xdf, 0x75, 0xcb, 0x49, 0x8b, 0x9e, 0xa8,
    0x02, 0x00, 0x00, 0x48, 0x85, 0xdb, 0x74, 0x08, 0x48, 0x89, 0xd9, 0xe8,
    0x54, 0x6a, 0x98, 0x00, 0x49, 0x8b, 0x86, 0x98, 0x02, 0x00, 0x00, 0x4d,
    0x8b, 0xae, 0x90, 0x02, 0x00, 0x00, 0x48, 0x89, 0x44, 0x24, 0x28, 0x4c,
    0x39, 0xe8, 0x0f, 0x84, 0xab, 0x00, 0x00, 0x00, 0x0f, 0x1f, 0x84, 0x00,
    0x00, 0x00, 0x00, 0x00, 0x4d, 0x8b, 0x65, 0x00, 0x4d, 0x85, 0xe4, 0x0f,
    0x84, 0x80, 0x00, 0x00, 0x00, 0x49, 0x8b, 0x74, 0x24, 0x28, 0x49, 0x8d,
    0x6c, 0x24, 0x18, 0x48, 0x85, 0xf6, 0x74, 0x5b, 0x0f, 0x1f, 0x40, 0x00,
    0x48, 0x8b, 0x56, 0x18, 0x48, 0x89, 0xe9, 0xe8, 0x84, 0xfd, 0x91, 0x00,
    0x48, 0x8b, 0x5e, 0x30, 0x4c, 0x8b, 0x7e, 0x28, 0x48, 0x8b, 0x7e, 0x10,
    0x4c, 0x39, 0xfb, 0x74, 0x1d, 0x0f, 0x1f, 0x00, 0x49, 0x8b, 0x0f, 0x48,
    0x85, 0xc9, 0x74, 0x05, 0xe8, 0xe3, 0x69, 0x98, 0x00, 0x49, 0x83, 0xc7,
    0x18, 0x4c, 0x39, 0xfb, 0x75, 0xea, 0x4c, 0x8b, 0x7e, 0x28, 0x4d, 0x85,
    0xff, 0x74, 0x08, 0x4c, 0x89, 0xf9, 0xe8, 0xc9, 0x69, 0x98, 0x00, 0x48,
    0x89, 0xf1, 0x48, 0x89, 0xfe, 0xe8, 0xbe, 0x69, 0x98, 0x00, 0x48, 0x85,
    0xff, 0x75, 0xa9, 0x49, 0x8b, 0x0c, 0x24, 0x48, 0x85, 0xc9, 0x74, 0x05,
    0xe8, 0xab, 0x69, 0x98, 0x00, 0x4c, 0x89, 0xe1, 0xe8, 0xa3, 0x69, 0x98,
    0x00, 0x49, 0x83, 0xc5, 0x08, 0x4c, 0x39, 0x6c, 0x24, 0x28, 0x0f, 0x85,
    0x64, 0xff, 0xff, 0xff, 0x4d, 0x8b, 0xae, 0x90, 0x02, 0x00, 0x00, 0x4d,
    0x85, 0xed, 0x74, 0x08, 0x4c, 0x89, 0xe9, 0xe8, 0x80, 0x69, 0x98, 0x00,
    0x49, 0x8b, 0x8e, 0x68, 0x02, 0x00, 0x00, 0x49, 0x8d, 0x86, 0x78, 0x02,
    0x00, 0x00, 0x48, 0x39, 0xc1, 0x74, 0x05, 0xe8, 0x68, 0x69, 0x98, 0x00,
    0x49, 0x8b, 0x8e, 0x48, 0x02, 0x00, 0x00, 0x49, 0x8d, 0x86, 0x58, 0x02,
    0x00, 0x00, 0x48, 0x39, 0xc1, 0x74, 0x05, 0xe8, 0x50, 0x69, 0x98, 0x00,
    0x49, 0x8b, 0x96, 0x20, 0x02, 0x00, 0x00, 0x49, 0x8d, 0x8e, 0x10, 0x02,
    0x00, 0x00, 0xe8, 0x4d, 0xed, 0x91, 0x00, 0x49, 0x8b, 0xb6, 0xe8, 0x01,
    0x00, 0x00, 0x49, 0x8b, 0x9e, 0xe0, 0x01, 0x00, 0x00, 0x48, 0x39, 0xde,
    0x74, 0x27, 0x66, 0x2e, 0x0f, 0x1f, 0x84, 0x00, 0x00, 0x00, 0x00, 0x00,
    0x48, 0x8b, 0x0b, 0x48, 0x85, 0xc9, 0x74, 0x05, 0xe8, 0x13, 0x69, 0x98,
    0x00, 0x48, 0x83, 0xc3, 0x08, 0x48, 0x39, 0xde, 0x75, 0xea, 0x49, 0x8b,
    0x9e, 0xe0, 0x01, 0x00, 0x00, 0x48, 0x85, 0xdb, 0x74, 0x08, 0x48, 0x89,
    0xd9, 0xe8, 0xf6, 0x68, 0x98, 0x00, 0x49, 0x8b, 0x86, 0xd0, 0x01, 0x00,
    0x00, 0x4d, 0x8b, 0xae, 0xc8, 0x01, 0x00, 0x00, 0x48, 0x89, 0x44, 0x24,
    0x28, 0x4c, 0x39, 0xe8, 0x0f, 0x84, 0x43, 0x04, 0x00, 0x00, 0x66, 0x2e,
    0x0f, 0x1f, 0x84, 0x00, 0x00, 0x00, 0x00, 0x00, 0x49, 0x8b, 0x6d, 0x00,
    0x48, 0x85, 0xed, 0x0f, 0x84, 0x16, 0x04, 0x00, 0x00, 0x48, 0x8b, 0x8d,
    0xa0, 0x01, 0x00, 0x00, 0x48, 0x8d, 0x85, 0xb0, 0x01, 0x00, 0x00, 0x48,
    0x39, 0xc1, 0x74, 0x05, 0xe8, 0xab, 0x68, 0x98, 0x00, 0x48, 0x8b, 0x8d,
    0x80, 0x01, 0x00, 0x00, 0x48, 0x8d, 0x85, 0x90, 0x01, 0x00, 0x00, 0x48,
    0x39, 0xc1, 0x74, 0x05, 0xe8, 0x93, 0x68, 0x98, 0x00, 0x48, 0x8d, 0x8d,
    0x78, 0x01, 0x00, 0x00, 0xe8, 0x37, 0x1d, 0x5e, 0x00, 0x48, 0x8b, 0x9d,
    0x28, 0x01, 0x00, 0x00, 0x48, 0x8d, 0xbd, 0x18, 0x01, 0x00, 0x00, 0x48,
    0x85, 0xdb, 0x74, 0x48, 0x0f, 0x1f, 0x40, 0x00, 0x48, 0x8b, 0x53, 0x18,
    0x48, 0x89, 0xf9, 0xe8, 0x64, 0xd0, 0x91, 0x00, 0x48, 0x8b, 0x4b, 0x40,
    0x48, 0x8d, 0x43, 0x50, 0x48, 0x8b, 0x73, 0x10, 0x48, 0x39, 0xc1, 0x74,
    0x05, 0xe8, 0x4e, 0x68, 0x98, 0x00, 0x48, 0x8b, 0x4b, 0x20, 0x48, 0x8d,
    0x43, 0x30, 0x48, 0x39, 0xc1, 0x74, 0x05, 0xe8, 0x3c, 0x68, 0x98, 0x00,
    0x48, 0x89, 0xd9, 0x48, 0x89, 0xf3, 0xe8, 0x31, 0x68, 0x98, 0x00, 0x48,
    0x85, 0xf6, 0x75, 0xbc, 0x4c, 0x8b, 0xa5, 0x00, 0x01, 0x00, 0x00, 0x48,
    0x8b, 0xb5, 0xf8, 0x00, 0x00, 0x00, 0x49, 0x39, 0xf4, 0x0f, 0x84, 0x0a,
    0x01, 0x00, 0x00, 0x0f, 0x1f, 0x44, 0x00, 0x00, 0x48, 0x8b, 0x8e, 0x20,
    0x01, 0x00, 0x00, 0x48, 0x85, 0xc9, 0x74, 0x05, 0xe8, 0xff, 0x67, 0x98,
    0x00, 0x48, 0x8b, 0x8e, 0x00, 0x01, 0x00, 0x00, 0x48, 0x85, 0xc9, 0x74,
    0x05, 0xe8, 0xee, 0x67, 0x98, 0x00, 0x48, 0x8b, 0x8e, 0xb8, 0x00, 0x00,
    0x00, 0x48, 0x85, 0xc9, 0x74, 0x05, 0xe8, 0xdd, 0x67, 0x98, 0x00, 0x4c,
    0x8b, 0x7e, 0x78, 0x48, 0x8d, 0x7e, 0x68, 0x4d, 0x85, 0xff, 0x74, 0x44,
    0x49, 0x8b, 0x57, 0x18, 0x48, 0x89, 0xf9, 0xe8, 0xc4, 0xcf, 0x91, 0x00,
    0x49, 0x8b, 0x4f, 0x40, 0x49, 0x8d, 0x57, 0x50, 0x49, 0x8b, 0x5f, 0x10,
    0x48, 0x39, 0xd1, 0x74, 0x05, 0xe8, 0xae, 0x67, 0x98, 0x00, 0x49, 0x8b,
    0x4f, 0x20, 0x49, 0x8d, 0x57, 0x30, 0x48, 0x39, 0xd1, 0x74, 0x05, 0xe8,
    0x9c, 0x67, 0x98, 0x00, 0x4c, 0x89, 0xf9, 0x49, 0x89, 0xdf, 0xe8, 0x91,
    0x67, 0x98, 0x00, 0x48, 0x85, 0xdb, 0x75, 0xbc, 0x48, 0x8b, 0x4e, 0x40,
    0x48, 0x85, 0xc9, 0x74, 0x05, 0xe8, 0x7e, 0x67, 0x98, 0x00, 0x48, 0x8b,
    0x7e, 0x30, 0x48, 0x8b, 0x5e, 0x28, 0x48, 0x39, 0xdf, 0x74, 0x31, 0x90,
    0x48, 0x8b, 0x4b, 0x58, 0x48, 0x8d, 0x43, 0x68, 0x48, 0x39, 0xc1, 0x74,
    0x05, 0xe8, 0x5e, 0x67, 0x98, 0x00, 0x48, 0x8b, 0x0b, 0x48, 0x8d, 0x43,
    0x10, 0x48, 0x39, 0xc1, 0x74, 0x05, 0xe8, 0x4d, 0x67, 0x98, 0x00, 0x48,
    0x83, 0xc3, 0x78, 0x48, 0x39, 0xdf, 0x75, 0xd4, 0x48, 0x8b, 0x5e, 0x28,
    0x48, 0x85, 0xdb, 0x74, 0x08, 0x48, 0x89, 0xd9, 0xe8, 0x33, 0x67, 0x98,
    0x00, 0x48, 0x8b, 0x0e, 0x48, 0x8d, 0x46, 0x10, 0x48, 0x39, 0xc1, 0x74,
    0x05, 0xe8, 0x22, 0x67, 0x98, 0x00, 0x48, 0x81, 0xc6, 0x38, 0x01, 0x00,
    0x00, 0x49, 0x39, 0xf4, 0x0f, 0x85, 0x02, 0xff, 0xff, 0xff, 0x48, 0x8b,
    0xb5, 0xf8, 0x00, 0x00, 0x00, 0x48, 0x85, 0xf6, 0x74, 0x08, 0x48, 0x89,
    0xf1, 0xe8, 0xfe, 0x66, 0x98, 0x00, 0x48, 0x8d, 0x8d, 0xe8, 0x00, 0x00,
    0x00, 0xe8, 0xd2, 0x41, 0x88, 0x00, 0x48, 0x8d, 0x8d, 0xe0, 0x00, 0x00,
    0x00, 0xe8, 0x06, 0xd9, 0x62, 0x00, 0x48, 0x8d, 0x8d, 0xd8, 0x00, 0x00,
    0x00, 0xe8, 0xfa, 0xd8, 0x62, 0x00, 0x48, 0x8d, 0x8d, 0xd0, 0x00, 0x00,
    0x00, 0xe8, 0xee, 0xd8, 0x62, 0x00, 0x48, 0x8d, 0x8d, 0xc8, 0x00, 0x00,
    0x00, 0xe8, 0xe2, 0xd8, 0x62, 0x00, 0x48, 0x8b, 0xb5, 0xb8, 0x00, 0x00,
    0x00, 0x48, 0x8b, 0x9d, 0xb0, 0x00, 0x00, 0x00, 0x48, 0x39, 0xde, 0x74,
    0x27, 0x48, 0x8b, 0x0b, 0x48, 0x85, 0xc9, 0x74, 0x0f, 0x48, 0x83, 0x39,
    0x00, 0x0f, 0x85, 0x12, 0x09, 0x00, 0x00, 0xe8, 0x98, 0x66, 0x98, 0x00,
    0x48, 0x83, 0xc3, 0x08, 0x48, 0x39, 0xde, 0x75, 0xe0, 0x48, 0x8b, 0x9d,
    0xb0, 0x00, 0x00, 0x00, 0x48, 0x85, 0xdb, 0x74, 0x08, 0x48, 0x89, 0xd9,
    0xe8, 0x7b, 0x66, 0x98, 0x00, 0x48, 0x8b, 0x9d, 0x80, 0x00, 0x00, 0x00,
    0x48, 0x8d, 0x7d, 0x70, 0x48, 0x85, 0xdb, 0x74, 0x44, 0x48, 0x8b, 0x53,
    0x18, 0x48, 0x89, 0xf9, 0xe8, 0x5f, 0xce, 0x91, 0x00, 0x48, 0x8b, 0x4b,
    0x40, 0x48, 0x8d, 0x43, 0x50, 0x48, 0x8b, 0x73, 0x10, 0x48, 0x39, 0xc1,
    0x74, 0x05, 0xe8, 0x49, 0x66, 0x98, 0x00, 0x48, 0x8b, 0x4b, 0x20, 0x48,
    0x8d, 0x43, 0x30, 0x48, 0x39, 0xc1, 0x74, 0x05, 0xe8, 0x37, 0x66, 0x98,
    0x00, 0x48, 0x89, 0xd9, 0x48, 0x89, 0xf3, 0xe8, 0x2c, 0x66, 0x98, 0x00,
    0x48, 0x85, 0xf6, 0x75, 0xbc, 0x4c, 0x8b, 0x65, 0x58, 0x48, 0x8b, 0x75,
    0x50, 0x49, 0x39, 0xf4, 0x0f, 0x84, 0x08, 0x01, 0x00, 0x00, 0x66, 0x0f,
    0x1f, 0x44, 0x00, 0x00, 0x48, 0x8b, 0x8e, 0x20, 0x01, 0x00, 0x00, 0x48,
    0x85, 0xc9, 0x74, 0x05, 0xe8, 0xff, 0x65, 0x98, 0x00, 0x48, 0x8b, 0x8e,
    0x00, 0x01, 0x00, 0x00, 0x48, 0x85, 0xc9, 0x74, 0x05, 0xe8, 0xee, 0x65,
    0x98, 0x00, 0x48, 0x8b, 0x8e, 0xb8, 0x00, 0x00, 0x00, 0x48, 0x85, 0xc9,
    0x74, 0x05, 0xe8, 0xdd, 0x65, 0x98, 0x00, 0x4c, 0x8b, 0x7e, 0x78, 0x48,
    0x8d, 0x7e, 0x68, 0x4d, 0x85, 0xff, 0x74, 0x44, 0x49, 0x8b, 0x57, 0x18,
    0x48, 0x89, 0xf9, 0xe8, 0xc4, 0xcd, 0x91, 0x00, 0x49, 0x8b, 0x4f, 0x40,
    0x49, 0x8d, 0x57, 0x50, 0x49, 0x8b, 0x5f, 0x10, 0x48, 0x39, 0xd1, 0x74,
    0x05, 0xe8, 0xae, 0x65, 0x98, 0x00, 0x49, 0x8b, 0x4f, 0x20, 0x49, 0x8d,
    0x57, 0x30, 0x48, 0x39, 0xd1, 0x74, 0x05, 0xe8, 0x9c, 0x65, 0x98, 0x00,
    0x4c, 0x89, 0xf9, 0x49, 0x89, 0xdf, 0xe8, 0x91, 0x65, 0x98, 0x00, 0x48,
    0x85, 0xdb, 0x75, 0xbc, 0x48, 0x8b, 0x4e, 0x40, 0x48, 0x85, 0xc9, 0x74,
    0x05, 0xe8, 0x7e, 0x65, 0x98, 0x00, 0x48, 0x8b, 0x7e, 0x30, 0x48, 0x8b,
    0x5e, 0x28, 0x48, 0x39, 0xdf, 0x74, 0x31, 0x90, 0x48, 0x8b, 0x4b, 0x58,
    0x48, 0x8d, 0x43, 0x68, 0x48, 0x39, 0xc1, 0x74, 0x05, 0xe8, 0x5e, 0x65,
    0x98, 0x00, 0x48, 0x8b, 0x0b, 0x48, 0x8d, 0x43, 0x10, 0x48, 0x39, 0xc1,
    0x74, 0x05, 0xe8, 0x4d, 0x65, 0x98, 0x00, 0x48, 0x83, 0xc3, 0x78, 0x48,
    0x39, 0xdf, 0x75, 0xd4, 0x48, 0x8b, 0x5e, 0x28, 0x48, 0x85, 0xdb, 0x74,
    0x08, 0x48, 0x89, 0xd9, 0xe8, 0x33, 0x65, 0x98, 0x00, 0x48, 0x8b, 0x0e,
    0x48, 0x8d, 0x46, 0x10, 0x48, 0x39, 0xc1, 0x74, 0x05, 0xe8, 0x22, 0x65,
    0x98, 0x00, 0x48, 0x81, 0xc6, 0x38, 0x01, 0x00, 0x00, 0x49, 0x39, 0xf4,
    0x0f, 0x85, 0x02, 0xff, 0xff, 0xff, 0x48, 0x8b, 0x75, 0x50, 0x48, 0x85,
    0xf6, 0x74, 0x08, 0x48, 0x89, 0xf1, 0xe8, 0x01, 0x65, 0x98, 0x00, 0x48,
    0x8b, 0x5d, 0x20, 0x48, 0x8d, 0x7d, 0x10, 0x48, 0x85, 0xdb, 0x74, 0x36,
    0x0f, 0x1f, 0x40, 0x00, 0x48, 0x8b, 0x53, 0x18, 0x48, 0x89, 0xf9, 0xe8,
    0xf4, 0xe8, 0x91, 0x00, 0x48, 0x8b, 0x4b, 0x20, 0x48, 0x8d, 0x43, 0x30,
    0x48, 0x8b, 0x73, 0x10, 0x48, 0x39, 0xc1, 0x74, 0x05, 0xe8, 0xce, 0x64,
    0x98, 0x00, 0x48, 0x89, 0xd9, 0x48, 0x89, 0xf3, 0xe8, 0xc3, 0x64, 0x98,
    0x00, 0x48, 0x85, 0xf6, 0x75, 0xce, 0x48, 0x8d, 0x4d, 0x08, 0xe8, 0xc5,
    0xe7, 0x4e, 0x00, 0x48, 0x89, 0xe9, 0xe8, 0xad, 0x64, 0x98, 0x00, 0x49,
    0x83, 0xc5, 0x08, 0x4c, 0x39, 0x6c, 0x24, 0x28, 0x0f, 0x85, 0xce, 0xfb,
    0xff, 0xff, 0x4d, 0x8b, 0xae, 0xc8, 0x01, 0x00, 0x00, 0x4d, 0x85, 0xed,
    0x74, 0x08, 0x4c, 0x89, 0xe9, 0xe8, 0x8a, 0x64, 0x98, 0x00, 0x49, 0x8b,
    0x86, 0xb8, 0x01, 0x00, 0x00, 0x4d, 0x8b, 0xae, 0xb0, 0x01, 0x00, 0x00,
    0x48, 0x89, 0x44, 0x24, 0x28, 0x4c, 0x39, 0xe8, 0x0f, 0x84, 0x82, 0x02,
    0x00, 0x00, 0x49, 0x8b, 0x7d, 0x00, 0x48, 0x85, 0xff, 0x0f, 0x84, 0x5f,
    0x02, 0x00, 0x00, 0x48, 0x8b, 0x8f, 0x40, 0x01, 0x00, 0x00, 0x48, 0x8d,
    0x87, 0x50, 0x01, 0x00, 0x00, 0x48, 0x39, 0xc1, 0x74, 0x05, 0xe8, 0x49,
    0x64, 0x98, 0x00, 0x48, 0x8b, 0xb7, 0xe0, 0x00, 0x00, 0x00, 0x48, 0x8b,
    0x9f, 0xd8, 0x00, 0x00, 0x00, 0x48, 0x39, 0xde, 0x74, 0x23, 0x66, 0x0f,
    0x1f, 0x44, 0x00, 0x00, 0x48, 0x8b, 0x0b, 0x48, 0x85, 0xc9, 0x74, 0x05,
    0xe8, 0x23, 0x64, 0x98, 0x00, 0x48, 0x83, 0xc3, 0x18, 0x48, 0x39, 0xde,
    0x75, 0xea, 0x48, 0x8b, 0x9f, 0xd8, 0x00, 0x00, 0x00, 0x48, 0x85, 0xdb,
    0x74, 0x08, 0x48, 0x89, 0xd9, 0xe8, 0x06, 0x64, 0x98, 0x00, 0x48, 0x8b,
    0xb7, 0xc8, 0x00, 0x00, 0x00, 0x48, 0x8b, 0x9f, 0xc0, 0x00, 0x00, 0x00,
    0x48, 0x39, 0xde, 0x74, 0x20, 0x0f, 0x1f, 0x00, 0x48, 0x8b, 0x0b, 0x48,
    0x85, 0xc9, 0x74, 0x05, 0xe8, 0xe3, 0x63, 0x98, 0x00, 0x48, 0x83, 0xc3,
    0x18, 0x48, 0x39, 0xde, 0x75, 0xea, 0x48, 0x8b, 0x9f, 0xc0, 0x00, 0x00,
    0x00, 0x48, 0x85, 0xdb, 0x74, 0x08, 0x48, 0x89, 0xd9, 0xe8, 0xc6, 0x63,
    0x98, 0x00, 0x48, 0x8b, 0xb7, 0xb0, 0x00, 0x00, 0x00, 0x48, 0x8b, 0x9f,
    0xa8, 0x00, 0x00, 0x00, 0x48, 0x39, 0xde, 0x74, 0x20, 0x0f, 0x1f, 0x00,
    0x48, 0x8b, 0x0b, 0x48, 0x85, 0xc9, 0x74, 0x05, 0xe8, 0xa3, 0x63, 0x98,
    0x00, 0x48, 0x83, 0xc3, 0x18, 0x48, 0x39, 0xde, 0x75, 0xea, 0x48, 0x8b,
    0x9f, 0xa8, 0x00, 0x00, 0x00, 0x48, 0x85, 0xdb, 0x74, 0x08, 0x48, 0x89,
    0xd9, 0xe8, 0x86, 0x63, 0x98, 0x00, 0x48, 0x8b, 0xb7, 0x98, 0x00, 0x00,
    0x00, 0x48, 0x8b, 0x9f, 0x90, 0x00, 0x00, 0x00, 0x48, 0x39, 0xde, 0x74,
    0x20, 0x0f, 0x1f, 0x00, 0x48, 0x8b, 0x0b, 0x48, 0x85, 0xc9, 0x74, 0x05,
    0xe8, 0x63, 0x63, 0x98, 0x00, 0x48, 0x83, 0xc3, 0x18, 0x48, 0x39, 0xde,
    0x75, 0xea, 0x48, 0x8b, 0x9f, 0x90, 0x00, 0x00, 0x00, 0x48, 0x85, 0xdb,
    0x74, 0x08, 0x48, 0x89, 0xd9, 0xe8, 0x46, 0x63, 0x98, 0x00, 0x48, 0x8b,
    0x77, 0x70, 0x4c, 0x8d, 0x67, 0x60, 0x48, 0x85, 0xf6, 0x74, 0x60, 0x66,
    0x0f, 0x1f, 0x84, 0x00, 0x00, 0x00, 0x00, 0x00, 0x48, 0x8b, 0x56, 0x18,
    0x4c, 0x89, 0xe1, 0xe8, 0x24, 0xc6, 0x92, 0x00, 0x48, 0x8b, 0x5e, 0x30,
    0x4c, 0x8b, 0x7e, 0x28, 0x48, 0x8b, 0x6e, 0x10, 0x4c, 0x39, 0xfb, 0x74,
    0x1d, 0x0f, 0x1f, 0x00, 0x49, 0x8b, 0x0f, 0x48, 0x85, 0xc9, 0x74, 0x05,
    0xe8, 0x03, 0x63, 0x98, 0x00, 0x49, 0x83, 0xc7, 0x18, 0x4c, 0x39, 0xfb,
    0x75, 0xea, 0x4c, 0x8b, 0x7e, 0x28, 0x4d, 0x85, 0xff, 0x74, 0x08, 0x4c,
    0x89, 0xf9, 0xe8, 0xe9, 0x62, 0x98, 0x00, 0x48, 0x89, 0xf1, 0x48, 0x89,
    0xee, 0xe8, 0xde, 0x62, 0x98, 0x00, 0x48, 0x85, 0xed, 0x75, 0xa9, 0x48,
    0x8b, 0x77, 0x40, 0x4c, 0x8d, 0x67, 0x30, 0x48, 0x85, 0xf6, 0x74, 0x54,
    0x48, 0x8b, 0x56, 0x18, 0x4c, 0x89, 0xe1, 0xe8, 0xc0, 0xc5, 0x92, 0x00,
    0x48, 0x8b, 0x5e, 0x30, 0x4c, 0x8b, 0x7e, 0x28, 0x48, 0x8b, 0x6e, 0x10,
    0x4c, 0x39, 0xfb, 0x74, 0x1a, 0x49, 0x8b, 0x0f, 0x48, 0x85, 0xc9, 0x74,
    0x05, 0xe8, 0xa2, 0x62, 0x98, 0x00, 0x49, 0x83, 0xc7, 0x18, 0x4c, 0x39,
    0xfb, 0x75, 0xea, 0x4c, 0x8b, 0x7e, 0x28, 0x4d, 0x85, 0xff, 0x74, 0x08,
    0x4c, 0x89, 0xf9, 0xe8, 0x88, 0x62, 0x98, 0x00, 0x48, 0x89, 0xf1, 0x48,
    0x89, 0xee, 0xe8, 0x7d, 0x62, 0x98, 0x00, 0x48, 0x85, 0xed, 0x75, 0xac,
    0x48, 0x8b, 0x77, 0x20, 0x48, 0x8b, 0x5f, 0x18, 0x48, 0x39, 0xde, 0x74,
    0x1a, 0x48, 0x8b, 0x0b, 0x48, 0x85, 0xc9, 0x74, 0x05, 0xe8, 0x5e, 0x62,
    0x98, 0x00, 0x48, 0x83, 0xc3, 0x18, 0x48, 0x39, 0xde, 0x75, 0xea, 0x48,
    0x8b, 0x5f, 0x18, 0x48, 0x85, 0xdb, 0x74, 0x08, 0x48, 0x89, 0xd9, 0xe8,
    0x44, 0x62, 0x98, 0x00, 0x48, 0x8b, 0x77, 0x08, 0x48, 0x8b, 0x1f, 0x48,
    0x39, 0xde, 0x74, 0x21, 0x0f, 0x1f, 0x84, 0x00, 0x00, 0x00, 0x00, 0x00,
    0x48, 0x8b, 0x0b, 0x48, 0x85, 0xc9, 0x74, 0x05, 0xe8, 0x23, 0x62, 0x98,
    0x00, 0x48, 0x83, 0xc3, 0x18, 0x48, 0x39, 0xde, 0x75, 0xea, 0x48, 0x8b,
    0x1f, 0x48, 0x85, 0xdb, 0x74, 0x08, 0x48, 0x89, 0xd9, 0xe8, 0x0a, 0x62,
    0x98, 0x00, 0x48, 0x89, 0xf9, 0xe8, 0x02, 0x62, 0x98, 0x00, 0x49, 0x83,
    0xc5, 0x08, 0x4c, 0x39, 0x6c, 0x24, 0x28, 0x0f, 0x85, 0x85, 0xfd, 0xff,
    0xff, 0x4d, 0x8b, 0xae, 0xb0, 0x01, 0x00, 0x00, 0x4d, 0x85, 0xed, 0x74,
    0x08, 0x4c, 0x89, 0xe9, 0xe8, 0xdf, 0x61, 0x98, 0x00, 0x49, 0x8b, 0xbe,
    0xa0, 0x01, 0x00, 0x00, 0x49, 0x8b, 0x9e, 0x98, 0x01, 0x00, 0x00, 0x48,
    0x39, 0xdf, 0x74, 0x2d, 0x48, 0x8b, 0x33, 0x48, 0x85, 0xf6, 0x74, 0x15,
    0x48, 0x8b, 0x0e, 0x48, 0x85, 0xc9, 0x74, 0x05, 0xe8, 0xb7, 0x61, 0x98,
    0x00, 0x48, 0x89, 0xf1, 0xe8, 0xaf, 0x61, 0x98, 0x00, 0x48, 0x83, 0xc3,
    0x08, 0x48, 0x39, 0xdf, 0x75, 0xda, 0x49, 0x8b, 0x9e, 0x98, 0x01, 0x00,
    0x00, 0x48, 0x85, 0xdb, 0x74, 0x08, 0x48, 0x89, 0xd9, 0xe8, 0x92, 0x61,
    0x98, 0x00, 0x49, 0x8b, 0x86, 0x88, 0x01, 0x00, 0x00, 0x4d, 0x8b, 0xae,
    0x80, 0x01, 0x00, 0x00, 0x48, 0x89, 0x44, 0x24, 0x28, 0x4c, 0x39, 0xe8,
    0x0f, 0x84, 0x7f, 0x03, 0x00, 0x00, 0x66, 0x0f, 0x1f, 0x44, 0x00, 0x00,
    0x49, 0x8b, 0x7d, 0x00, 0x48, 0x85, 0xff, 0x0f, 0x84, 0x56, 0x03, 0x00,
    0x00, 0x48, 0x8b, 0x8f, 0xf0, 0x01, 0x00, 0x00, 0x48, 0x85, 0xc9, 0x74,
    0x05, 0xe8, 0x52, 0x61, 0x98, 0x00, 0x48, 0x8d, 0x8f, 0xd8, 0x01, 0x00,
    0x00, 0xe8, 0x56, 0x86, 0x8e, 0x00, 0x48, 0x8b, 0x8f, 0xb8, 0x01, 0x00,
    0x00, 0x48, 0x8d, 0x87, 0xc8, 0x01, 0x00, 0x00, 0x48, 0x39, 0xc1, 0x74,
    0x05, 0xe8, 0x2e, 0x61, 0x98, 0x00, 0x48, 0x8b, 0x8f, 0xa0, 0x01, 0x00,
    0x00, 0x48, 0x85, 0xc9, 0x74, 0x05, 0xe8, 0x1d, 0x61, 0x98, 0x00, 0x48,
    0x8b, 0x8f, 0x88, 0x01, 0x00, 0x00, 0x48, 0x85, 0xc9, 0x74, 0x05, 0xe8,
    0x0c, 0x61, 0x98, 0x00, 0x48, 0x8b, 0xb7, 0x68, 0x01, 0x00, 0x00, 0x4c,
    0x8d, 0xa7, 0x58, 0x01, 0x00, 0x00, 0x48, 0x85, 0xf6, 0x74, 0x60, 0x66,
    0x0f, 0x1f, 0x84, 0x00, 0x00, 0x00, 0x00, 0x00, 0x48, 0x8b, 0x56, 0x18,
    0x4c, 0x89, 0xe1, 0xe8, 0xe4, 0xc3, 0x92, 0x00, 0x48, 0x8b, 0x5e, 0x30,
    0x4c, 0x8b, 0x7e, 0x28, 0x48, 0x8b, 0x6e, 0x10, 0x4c, 0x39, 0xfb, 0x74,
    0x1d, 0x0f, 0x1f, 0x00, 0x49, 0x8b, 0x0f, 0x48, 0x85, 0xc9, 0x74, 0x05,
    0xe8, 0xc3, 0x60, 0x98, 0x00, 0x49, 0x83, 0xc7, 0x18, 0x4c, 0x39, 0xfb,
    0x75, 0xea, 0x4c, 0x8b, 0x7e, 0x28, 0x4d, 0x85, 0xff, 0x74, 0x08, 0x4c,
    0x89, 0xf9, 0xe8, 0xa9, 0x60, 0x98, 0x00, 0x48, 0x89, 0xf1, 0x48, 0x89,
    0xee, 0xe8, 0x9e, 0x60, 0x98, 0x00, 0x48, 0x85, 0xed, 0x75, 0xa9, 0x48,
    0x8b, 0xb7, 0x38, 0x01, 0x00, 0x00, 0x4c, 0x8d, 0xa7, 0x28, 0x01, 0x00,
    0x00, 0x48, 0x85, 0xf6, 0x74, 0x5d, 0x66, 0x0f, 0x1f, 0x44, 0x00, 0x00,
    0x48, 0x8b, 0x56, 0x18, 0x4c, 0x89, 0xe1, 0xe8, 0x74, 0xc3, 0x92, 0x00,
    0x48, 0x8b, 0x5e, 0x30, 0x4c, 0x8b, 0x7e, 0x28, 0x48, 0x8b, 0x6e, 0x10,
    0x4c, 0x39, 0xfb, 0x74, 0x1d, 0x0f, 0x1f, 0x00, 0x49, 0x8b, 0x0f, 0x48,
    0x85, 0xc9, 0x74, 0x05, 0xe8, 0x53, 0x60, 0x98, 0x00, 0x49, 0x83, 0xc7,
    0x18, 0x4c, 0x39, 0xfb, 0x75, 0xea, 0x4c, 0x8b, 0x7e, 0x28, 0x4d, 0x85,
    0xff, 0x74, 0x08, 0x4c, 0x89, 0xf9, 0xe8, 0x39, 0x60, 0x98, 0x00, 0x48,
    0x89, 0xf1, 0x48, 0x89, 0xee, 0xe8, 0x2e, 0x60, 0x98, 0x00, 0x48, 0x85,
    0xed, 0x75, 0xa9, 0x48, 0x8b, 0xb7, 0x08, 0x01, 0x00, 0x00, 0x4c, 0x8d,
    0xa7, 0xf8, 0x00, 0x00, 0x00, 0x48, 0x85, 0xf6, 0x74, 0x5d, 0x66, 0x0f,
    0x1f, 0x44, 0x00, 0x00, 0x48, 0x8b, 0x56, 0x18, 0x4c, 0x89, 0xe1, 0xe8,
    0x04, 0xc3, 0x92, 0x00, 0x48, 0x8b, 0x5e, 0x30, 0x4c, 0x8b, 0x7e, 0x28,
    0x48, 0x8b, 0x6e, 0x10, 0x4c, 0x39, 0xfb, 0x74, 0x1d, 0x0f, 0x1f, 0x00,
    0x49, 0x8b, 0x0f, 0x48, 0x85, 0xc9, 0x74, 0x05, 0xe8, 0xe3, 0x5f, 0x98,
    0x00, 0x49, 0x83, 0xc7, 0x18, 0x4c, 0x39, 0xfb, 0x75, 0xea, 0x4c, 0x8b,
    0x7e, 0x28, 0x4d, 0x85, 0xff, 0x74, 0x08, 0x4c, 0x89, 0xf9, 0xe8, 0xc9,
    0x5f, 0x98, 0x00, 0x48, 0x89, 0xf1, 0x48, 0x89, 0xee, 0xe8, 0xbe, 0x5f,
    0x98, 0x00, 0x48, 0x85, 0xed, 0x75, 0xa9, 0x48, 0x8b, 0xb7, 0xd8, 0x00,
    0x00, 0x00, 0x4c, 0x8d, 0xa7, 0xc8, 0x00, 0x00, 0x00, 0x48, 0x85, 0xf6,
    0x74, 0x5d, 0x66, 0x0f, 0x1f, 0x44, 0x00, 0x00, 0x48, 0x8b, 0x56, 0x18,
    0x4c, 0x89, 0xe1, 0xe8, 0x94, 0xc2, 0x92, 0x00, 0x48, 0x8b, 0x5e, 0x30,
    0x4c, 0x8b, 0x7e, 0x28, 0x48, 0x8b, 0x6e, 0x10, 0x4c, 0x39, 0xfb, 0x74,
    0x1d, 0x0f, 0x1f, 0x00, 0x49, 0x8b, 0x0f, 0x48, 0x85, 0xc9, 0x74, 0x05,
    0xe8, 0x73, 0x5f, 0x98, 0x00, 0x49, 0x83, 0xc7, 0x18, 0x4c, 0x39, 0xfb,
    0x75, 0xea, 0x4c, 0x8b, 0x7e, 0x28, 0x4d, 0x85, 0xff, 0x74, 0x08, 0x4c,
    0x89, 0xf9, 0xe8, 0x59, 0x5f, 0x98, 0x00, 0x48, 0x89, 0xf1, 0x48, 0x89,
    0xee, 0xe8, 0x4e, 0x5f, 0x98, 0x00, 0x48, 0x85, 0xed, 0x75, 0xa9, 0x48,
    0x8b, 0xb7, 0xb8, 0x00, 0x00, 0x00, 0x48, 0x8b, 0x9f, 0xb0, 0x00, 0x00,
    0x00, 0x48, 0x39, 0xde, 0x74, 0x23, 0x66, 0x0f, 0x1f, 0x44, 0x00, 0x00,
    0x48, 0x8b, 0x0b, 0x48, 0x85, 0xc9, 0x74, 0x05, 0xe8, 0x23, 0x5f, 0x98,
    0x00, 0x48, 0x83, 0xc3, 0x18, 0x48, 0x39, 0xde, 0x75, 0xea, 0x48, 0x8b,
    0x9f, 0xb0, 0x00, 0x00, 0x00, 0x48, 0x85, 0xdb, 0x74, 0x08, 0x48, 0x89,
    0xd9, 0xe8, 0x06, 0x5f, 0x98, 0x00, 0x48, 0x8b, 0xb7, 0xa0, 0x00, 0x00,
    0x00, 0x48, 0x8b, 0x9f, 0x98, 0x00, 0x00, 0x00, 0x48, 0x39, 0xde, 0x74,
    0x20, 0x0f, 0x1f, 0x00, 0x48, 0x8b, 0x0b, 0x48, 0x85, 0xc9, 0x74, 0x05,
    0xe8, 0xe3, 0x5e, 0x98, 0x00, 0x48, 0x83, 0xc3, 0x18, 0x48, 0x39, 0xde,
    0x75, 0xea, 0x48, 0x8b, 0x9f, 0x98, 0x00, 0x00, 0x00, 0x48, 0x85, 0xdb,
    0x74, 0x08, 0x48, 0x89, 0xd9, 0xe8, 0xc6, 0x5e, 0x98, 0x00, 0x48, 0x8b,
    0xb7, 0x88, 0x00, 0x00, 0x00, 0x48, 0x8b, 0x9f, 0x80, 0x00, 0x00, 0x00,
    0x48, 0x39, 0xde, 0x74, 0x21, 0x0f, 0x1f, 0x00, 0x48, 0x8b, 0x4b, 0x18,
    0x48, 0x85, 0xc9, 0x74, 0x05, 0xe8, 0xa2, 0x5e, 0x98, 0x00, 0x48, 0x83,
    0xc3, 0x30, 0x48, 0x39, 0xde, 0x75, 0xe9, 0x48, 0x8b, 0x9f, 0x80, 0x00,
    0x00, 0x00, 0x48, 0x85, 0xdb, 0x74, 0x08, 0x48, 0x89, 0xd9, 0xe8, 0x85,
    0x5e, 0x98, 0x00, 0x48, 0x8b, 0x77, 0x70, 0x48, 0x8b, 0x5f, 0x68, 0x48,
    0x39, 0xde, 0x74, 0x22, 0x0f, 0x1f, 0x84, 0x00, 0x00, 0x00, 0x00, 0x00,
    0x48, 0x8b, 0x0b, 0x48, 0x85, 0xc9, 0x74, 0x05, 0xe8, 0x63, 0x5e, 0x98,
    0x00, 0x48, 0x83, 0xc3, 0x18, 0x48, 0x39, 0xde, 0x75, 0xea, 0x48, 0x8b,
    0x5f, 0x68, 0x48, 0x85, 0xdb, 0x74, 0x08, 0x48, 0x89, 0xd9, 0xe8, 0x49,
    0x5e, 0x98, 0x00, 0x48, 0x8b, 0x77, 0x58, 0x48, 0x8b, 0x5f, 0x50, 0x48,
    0x39, 0xde, 0x74, 0x1a, 0x48, 0x8b, 0x0b, 0x48, 0x85, 0xc9, 0x74, 0x05,
    0xe8, 0x2f, 0x5e, 0x98, 0x00, 0x48, 0x83, 0xc3, 0x18, 0x48, 0x39, 0xde,
    0x75, 0xea, 0x48, 0x8b, 0x5f, 0x50, 0x48, 0x85, 0xdb, 0x74, 0x08, 0x48,
    0x89, 0xd9, 0xe8, 0x15, 0x5e, 0x98, 0x00, 0x48, 0x89, 0xf9, 0xe8, 0x0d,
    0x5e, 0x98, 0x00, 0x49, 0x83, 0xc5, 0x08, 0x4c, 0x39, 0x6c, 0x24, 0x28,
    0x0f, 0x85, 0x8e, 0xfc, 0xff, 0xff, 0x4d, 0x8b, 0xae, 0x80, 0x01, 0x00,
    0x00, 0x4d, 0x85, 0xed, 0x74, 0x08, 0x4c, 0x89, 0xe9, 0xe8, 0xea, 0x5d,
    0x98, 0x00, 0x49, 0x8b, 0x8e, 0x10, 0x01, 0x00, 0x00, 0x48, 0x85, 0xc9,
    0x74, 0x05, 0xe8, 0xd9, 0x5d, 0x98, 0x00, 0x4c, 0x89, 0xf1, 0x48, 0x83,
    0xc4, 0x38, 0x5b, 0x5e, 0x5f, 0x5d, 0x41, 0x5c, 0x41, 0x5d, 0x41, 0x5e,
    0x41, 0x5f, 0xe9, 0xc1, 0x5d, 0x98, 0x00, 0x48, 0x89, 0xd9, 0xe8, 0xe9,
    0x3d, 0x81, 0x00, 0x48, 0x8b, 0x03, 0xba, 0x0a, 0x00, 0x00, 0x00, 0x48,
    0x8d, 0x0d, 0x1a, 0x40, 0x81, 0x00, 0x48, 0x8b, 0x40, 0x30, 0x48, 0x39,
    0xc8, 0x0f, 0x84, 0xd4, 0xf2, 0xff, 0xff, 0x48, 0x89, 0xd9, 0xff, 0xd0,
    0x0f, 0xbe, 0xd0, 0xe9, 0xc7, 0xf2, 0xff, 0xff, 0xe8, 0x2b, 0x60, 0x96,
    0x00, 0xe8, 0x56, 0xe7, 0x97, 0x00, 0xb9, 0x01, 0x00, 0x00, 0x00, 0xe8,
    0xbc, 0x84, 0x96, 0x00, 0x89, 0xc1, 0xe8, 0xb5, 0x84, 0x96, 0x00, 0x90,
};

// 0xb1d0  370 bytes  export GenerateHtmlLaunchingOrderReport (ordinals 9,10)
// status: comment_only  -- call to 0x1B4A0 outside the block; call to 0x1B500 outside the block; call to 0x1EE50 outside the block; call to 0x5007C0 outside the block (+11 more)
// sha256: 1779475adc8c1afdafd86fe8193a4901bb3a82d11fe17a8821063b57af6374bc
alignas(16) const unsigned char kBytes_b1d0[370] = {
    0x55, 0x57, 0x56, 0x53, 0x48, 0x81, 0xec, 0x18, 0x02, 0x00, 0x00, 0x48,
    0x8d, 0x74, 0x24, 0x20, 0x48, 0x89, 0xcf, 0x48, 0x89, 0xd5, 0x48, 0x8d,
    0x0d, 0x2b, 0x17, 0x9a, 0x00, 0xe8, 0xae, 0xfc, 0x63, 0x00, 0x48, 0x8d,
    0x5c, 0x24, 0x40, 0x48, 0x89, 0xfa, 0x48, 0x89, 0xf1, 0xe8, 0x4e, 0x3c,
    0x01, 0x00, 0x41, 0xb8, 0x30, 0x00, 0x00, 0x00, 0x48, 0x89, 0xea, 0x48,
    0x89, 0xd9, 0xe8, 0xdd, 0x04, 0x88, 0x00, 0x48, 0x8d, 0x54, 0x24, 0x30,
    0x48, 0x89, 0xf9, 0xe8, 0x80, 0x02, 0x01, 0x00, 0x84, 0xc0, 0x75, 0x1d,
    0x41, 0xb8, 0x2a, 0x00, 0x00, 0x00, 0x48, 0x89, 0xd9, 0x48, 0x8d, 0x15,
    0x0c, 0x17, 0x9a, 0x00, 0xe8, 0xd7, 0xcd, 0x96, 0x00, 0x48, 0x89, 0xd9,
    0xe8, 0x7f, 0xc6, 0x97, 0x00, 0x48, 0x8d, 0x54, 0x24, 0x38, 0x48, 0x89,
    0xf9, 0xe8, 0xb2, 0x02, 0x01, 0x00, 0x84, 0xc0, 0x75, 0x1d, 0x41, 0xb8,
    0x2b, 0x00, 0x00, 0x00, 0x48, 0x89, 0xd9, 0x48, 0x8d, 0x15, 0x0e, 0x17,
    0x9a, 0x00, 0xe8, 0xa9, 0xcd, 0x96, 0x00, 0x48, 0x89, 0xd9, 0xe8, 0x51,
    0xc6, 0x97, 0x00, 0x48, 0x89, 0xf2, 0x48, 0x89, 0xd9, 0xe8, 0xa6, 0xad,
    0x50, 0x00, 0x48, 0x8b, 0x05, 0xcf, 0xd8, 0x9f, 0x00, 0x48, 0x8d, 0x4b,
    0x08, 0x48, 0x8d, 0x50, 0x18, 0x48, 0x83, 0xc0, 0x40, 0x48, 0x89, 0x84,
    0x24, 0x08, 0x01, 0x00, 0x00, 0x48, 0x8b, 0x05, 0x54, 0xd8, 0x9f, 0x00,
    0x48, 0x89, 0x54, 0x24, 0x40, 0x48, 0x83, 0xc0, 0x10, 0x48, 0x89, 0x44,
    0x24, 0x48, 0xe8, 0x31, 0x26, 0x87, 0x00, 0x48, 0x8d, 0x4b, 0x50, 0xe8,
    0x38, 0xc2, 0x86, 0x00, 0x48, 0x8b, 0x05, 0xd1, 0xd8, 0x9f, 0x00, 0x48,
    0x8d, 0x4b, 0x40, 0x48, 0x83, 0xc0, 0x10, 0x48, 0x89, 0x44, 0x24, 0x48,
    0xe8, 0xef, 0xf8, 0x89, 0x00, 0x48, 0x8b, 0x05, 0xc8, 0xcf, 0x9f, 0x00,
    0x48, 0x8d, 0x8b, 0xc8, 0x00, 0x00, 0x00, 0x48, 0x8b, 0x50, 0x08, 0x48,
    0x8b, 0x40, 0x10, 0x48, 0x89, 0x54, 0x24, 0x40, 0x48, 0x8b, 0x52, 0xe8,
    0x48, 0x89, 0x44, 0x14, 0x40, 0x48, 0x8b, 0x05, 0xd4, 0xda, 0x9f, 0x00,
    0x48, 0x83, 0xc0, 0x10, 0x48, 0x89, 0x84, 0x24, 0x08, 0x01, 0x00, 0x00,
    0xe8, 0xd3, 0x92, 0x93, 0x00, 0x48, 0x89, 0xf1, 0xe8, 0xab, 0x54, 0x4f,
    0x00, 0x90, 0x48, 0x81, 0xc4, 0x18, 0x02, 0x00, 0x00, 0x5b, 0x5e, 0x5f,
    0x5d, 0xc3, 0x48, 0x89, 0xc7, 0x48, 0x89, 0xf1, 0xe8, 0x93, 0x54, 0x4f,
    0x00, 0x48, 0x89, 0xf9, 0xe8, 0x4b, 0x3f, 0x62, 0x00, 0x48, 0x89, 0xd9,
    0x48, 0x89, 0xc7, 0xe8, 0x20, 0x0b, 0x88, 0x00, 0xeb, 0xe3,
};

// 0xb350  247 bytes  export GenerateHtmlSolutionReport (ordinals 11,12)
// status: comment_only  -- call to 0x51BD10 outside the block; call to 0x62F280 outside the block; call to 0x64AEA0 outside the block; call to 0x8774F0 outside the block (+5 more)
// sha256: 3e87f46fe3b3518952a24700eb56ee19ea1259ad918221b7c53b7ea1a665c932
alignas(16) const unsigned char kBytes_b350[247] = {
    0x57, 0x56, 0x53, 0x48, 0x81, 0xec, 0xf0, 0x01, 0x00, 0x00, 0x48, 0x8d,
    0x5c, 0x24, 0x20, 0x48, 0x89, 0xce, 0x48, 0x89, 0xd7, 0x48, 0x8d, 0x0d,
    0x30, 0x16, 0x9a, 0x00, 0xe8, 0x2f, 0xfb, 0x63, 0x00, 0x41, 0xb8, 0x30,
    0x00, 0x00, 0x00, 0x48, 0x89, 0xfa, 0x48, 0x89, 0xd9, 0xe8, 0x6e, 0x03,
    0x88, 0x00, 0x48, 0x8d, 0x56, 0x50, 0x41, 0xb8, 0x01, 0x00, 0x00, 0x00,
    0x48, 0x89, 0xd9, 0xe8, 0x7c, 0x09, 0x51, 0x00, 0x48, 0x8b, 0x05, 0xb5,
    0xd7, 0x9f, 0x00, 0x48, 0x8d, 0x4b, 0x08, 0x48, 0x8d, 0x50, 0x18, 0x48,
    0x83, 0xc0, 0x40, 0x48, 0x89, 0x84, 0x24, 0xe8, 0x00, 0x00, 0x00, 0x48,
    0x8b, 0x05, 0x3a, 0xd7, 0x9f, 0x00, 0x48, 0x89, 0x54, 0x24, 0x20, 0x48,
    0x83, 0xc0, 0x10, 0x48, 0x89, 0x44, 0x24, 0x28, 0xe8, 0x17, 0x25, 0x87,
    0x00, 0x48, 0x8d, 0x4b, 0x50, 0xe8, 0x1e, 0xc1, 0x86, 0x00, 0x48, 0x8b,
    0x05, 0xb7, 0xd7, 0x9f, 0x00, 0x48, 0x8d, 0x4b, 0x40, 0x48, 0x83, 0xc0,
    0x10, 0x48, 0x89, 0x44, 0x24, 0x28, 0xe8, 0xd5, 0xf7, 0x89, 0x00, 0x48,
    0x8b, 0x05, 0xae, 0xce, 0x9f, 0x00, 0x48, 0x8d, 0x8b, 0xc8, 0x00, 0x00,
    0x00, 0x48, 0x8b, 0x50, 0x08, 0x48, 0x8b, 0x40, 0x10, 0x48, 0x89, 0x54,
    0x24, 0x20, 0x48, 0x8b, 0x52, 0xe8, 0x48, 0x89, 0x44, 0x14, 0x20, 0x48,
    0x8b, 0x05, 0xba, 0xd9, 0x9f, 0x00, 0x48, 0x83, 0xc0, 0x10, 0x48, 0x89,
    0x84, 0x24, 0xe8, 0x00, 0x00, 0x00, 0xe8, 0xb9, 0x91, 0x93, 0x00, 0x90,
    0x48, 0x81, 0xc4, 0xf0, 0x01, 0x00, 0x00, 0x5b, 0x5e, 0x5f, 0xc3, 0x48,
    0x89, 0xc6, 0x48, 0x89, 0xd9, 0xe8, 0x22, 0x0a, 0x88, 0x00, 0x48, 0x89,
    0xf1, 0xe8, 0x3a, 0x3e, 0x62, 0x00, 0x90,
};

// 0xb8d0  378 bytes  export GenerateLaunchingOrderProblem (ordinals 13,14)
// status: comment_only  -- call to 0x1EE50 outside the block; call to 0x4FD2E0 outside the block; call to 0x5007C0 outside the block; call to 0x5070E0 outside the block (+10 more)
// sha256: 692bfb9a67b71571b3e9f4b79e4a94248d87a40255c3be881fe2cf21ffecc1a4
alignas(16) const unsigned char kBytes_b8d0[378] = {
    0x55, 0x57, 0x56, 0x53, 0x48, 0x81, 0xec, 0x28, 0x02, 0x00, 0x00, 0x48,
    0x8d, 0x5c, 0x24, 0x50, 0x48, 0x89, 0xd7, 0x48, 0x89, 0xce, 0x48, 0x8d,
    0x0d, 0xd4, 0x11, 0x9a, 0x00, 0xe8, 0xae, 0xf5, 0x63, 0x00, 0x48, 0x89,
    0xfa, 0x48, 0x89, 0xd9, 0x41, 0xb8, 0x30, 0x00, 0x00, 0x00, 0xe8, 0xed,
    0xfd, 0x87, 0x00, 0x48, 0x8d, 0x7c, 0x24, 0x20, 0x48, 0x89, 0xf2, 0x48,
    0x89, 0xf9, 0xe8, 0x3d, 0x35, 0x01, 0x00, 0x48, 0x8d, 0x74, 0x24, 0x30,
    0x48, 0x8d, 0x46, 0x10, 0x48, 0x89, 0xf1, 0x4c, 0x8d, 0x05, 0xc7, 0x11,
    0x9a, 0x00, 0x48, 0x89, 0x44, 0x24, 0x30, 0x48, 0x8d, 0x15, 0xad, 0x11,
    0x9a, 0x00, 0xe8, 0x59, 0xf2, 0xff, 0xff, 0x4c, 0x8b, 0x05, 0x22, 0xbd,
    0x9f, 0x00, 0x48, 0x89, 0xf2, 0x48, 0x89, 0xf9, 0xe8, 0x97, 0x19, 0x4f,
    0x00, 0x48, 0x8b, 0x4c, 0x24, 0x30, 0x48, 0x83, 0xc6, 0x10, 0x48, 0x39,
    0xf1, 0x74, 0x05, 0xe8, 0x54, 0xcb, 0x98, 0x00, 0x48, 0x89, 0xfa, 0x48,
    0x89, 0xd9, 0xe8, 0x79, 0xb7, 0x4f, 0x00, 0x48, 0x89, 0xf9, 0xe8, 0x51,
    0x4e, 0x4f, 0x00, 0x48, 0x8b, 0x05, 0xda, 0xd1, 0x9f, 0x00, 0x48, 0x8d,
    0x4b, 0x08, 0x48, 0x8d, 0x50, 0x18, 0x48, 0x83, 0xc0, 0x40, 0x48, 0x89,
    0x84, 0x24, 0x18, 0x01, 0x00, 0x00, 0x48, 0x8b, 0x05, 0x5f, 0xd1, 0x9f,
    0x00, 0x48, 0x89, 0x54, 0x24, 0x50, 0x48, 0x83, 0xc0, 0x10, 0x48, 0x89,
    0x44, 0x24, 0x58, 0xe8, 0x3c, 0x1f, 0x87, 0x00, 0x48, 0x8d, 0x4b, 0x50,
    0xe8, 0x43, 0xbb, 0x86, 0x00, 0x48, 0x8b, 0x05, 0xdc, 0xd1, 0x9f, 0x00,
    0x48, 0x8d, 0x4b, 0x40, 0x48, 0x83, 0xc0, 0x10, 0x48, 0x89, 0x44, 0x24,
    0x58, 0xe8, 0xfa, 0xf1, 0x89, 0x00, 0x48, 0x8b, 0x05, 0xd3, 0xc8, 0x9f,
    0x00, 0x48, 0x8d, 0x8b, 0xc8, 0x00, 0x00, 0x00, 0x48, 0x8b, 0x50, 0x08,
    0x48, 0x8b, 0x40, 0x10, 0x48, 0x89, 0x54, 0x24, 0x50, 0x48, 0x8b, 0x52,
    0xe8, 0x48, 0x89, 0x44, 0x14, 0x50, 0x48, 0x8b, 0x05, 0xdf, 0xd3, 0x9f,
    0x00, 0x48, 0x83, 0xc0, 0x10, 0x48, 0x89, 0x84, 0x24, 0x18, 0x01, 0x00,
    0x00, 0xe8, 0xde, 0x8b, 0x93, 0x00, 0x90, 0x48, 0x81, 0xc4, 0x28, 0x02,
    0x00, 0x00, 0x5b, 0x5e, 0x5f, 0x5d, 0xc3, 0x48, 0x89, 0xc6, 0x48, 0x89,
    0xd9, 0xe8, 0x46, 0x04, 0x88, 0x00, 0x48, 0x89, 0xf1, 0xe8, 0x5e, 0x38,
    0x62, 0x00, 0x48, 0x8b, 0x4c, 0x24, 0x30, 0x48, 0x83, 0xc6, 0x10, 0x48,
    0x89, 0xc5, 0x48, 0x39, 0xf1, 0x74, 0x05, 0xe8, 0x78, 0xca, 0x98, 0x00,
    0x48, 0x89, 0xee, 0x48, 0x89, 0xf9, 0xe8, 0x7d, 0x4d, 0x4f, 0x00, 0xeb,
    0xcd, 0x48, 0x89, 0xc6, 0xeb, 0xf1,
};

// 0x107e0  155 bytes  export GetComputationStatus (ordinals 15,16)
// status: comment_only  -- call to 0x1BE20 outside the block; call to 0x62F280 outside the block; call to 0x64ACE0 outside the block; call to 0x64B040 outside the block (+2 more)
// sha256: a63a7eb363597fbccd81b388654680ad6da913e98153ea7851392856446af209
alignas(16) const unsigned char kBytes_107e0[155] = {
    0x56, 0x53, 0x48, 0x83, 0xec, 0x48, 0x48, 0x8d, 0x05, 0xac, 0xca, 0x99,
    0x00, 0x48, 0x8d, 0x15, 0x9f, 0xca, 0x99, 0x00, 0x80, 0x79, 0x48, 0x00,
    0x48, 0x0f, 0x44, 0xd0, 0x48, 0x89, 0xce, 0x48, 0x8d, 0x5c, 0x24, 0x20,
    0x48, 0x8d, 0x43, 0x10, 0x48, 0x89, 0xd9, 0x4c, 0x8d, 0x42, 0x05, 0x48,
    0x89, 0x44, 0x24, 0x20, 0xe8, 0x77, 0xa3, 0xff, 0xff, 0x48, 0x8d, 0x0d,
    0xff, 0xca, 0x99, 0x00, 0x48, 0x89, 0xda, 0xe8, 0x18, 0xa8, 0x63, 0x00,
    0x48, 0x8b, 0x4c, 0x24, 0x20, 0x48, 0x83, 0xc3, 0x10, 0x48, 0x39, 0xd9,
    0x74, 0x05, 0xe8, 0x75, 0x7c, 0x98, 0x00, 0x48, 0x89, 0xf1, 0xe8, 0xdd,
    0xb5, 0x00, 0x00, 0x48, 0x8d, 0x0d, 0xea, 0xca, 0x99, 0x00, 0x89, 0xc3,
    0x89, 0xc2, 0xe8, 0x8d, 0xa4, 0x63, 0x00, 0x89, 0xd8, 0x48, 0x83, 0xc4,
    0x48, 0x5b, 0x5e, 0xc3, 0x48, 0x8b, 0x4c, 0x24, 0x20, 0x48, 0x83, 0xc3,
    0x10, 0x48, 0x89, 0xc6, 0x48, 0x39, 0xd9, 0x74, 0x05, 0xe8, 0x3e, 0x7c,
    0x98, 0x00, 0x48, 0x89, 0xf1, 0xe8, 0x06, 0xea, 0x61, 0x00, 0x90,
};

// 0xb100  34 bytes  export GetMultiplicity (ordinals 17,18)
// status: comment_only  -- call to 0x64AEA0 outside the block; jmp to 0x51D090 outside the block
// sha256: 8fc8d6a77d78a57b4164f4153aeca6ae7cad83552239b05f44a93ed92a3e5373
alignas(16) const unsigned char kBytes_b100[34] = {
    0x53, 0x48, 0x83, 0xec, 0x20, 0x48, 0x89, 0xcb, 0x48, 0x8d, 0x0d, 0xcc,
    0x17, 0x9a, 0x00, 0xe8, 0x8c, 0xfd, 0x63, 0x00, 0x48, 0x8b, 0x4b, 0x08,
    0x48, 0x83, 0xc4, 0x20, 0x5b, 0xe9, 0x6e, 0x1f, 0x51, 0x00,
};

// 0xd460  688 bytes  export GetNestedPart (ordinals 19,20)
// status: comment_only  -- call to 0x4F76A0 outside the block; call to 0x51D0C0 outside the block; call to 0x5203D0 outside the block; call to 0x5203F0 outside the block (+8 more)
// sha256: abcbdc2901627aae53bc8bda1ffcd667a7886f1415774c65e862e153d9222fc0
alignas(16) const unsigned char kBytes_d460[688] = {
    0x41, 0x57, 0x41, 0x56, 0x41, 0x55, 0x41, 0x54, 0x55, 0x57, 0x56, 0x53,
    0x48, 0x81, 0xec, 0x98, 0x00, 0x00, 0x00, 0x89, 0xd6, 0x48, 0x89, 0xcd,
    0x4d, 0x89, 0xc5, 0x48, 0x8d, 0x0d, 0xd6, 0xf8, 0x99, 0x00, 0x89, 0xf2,
    0x4d, 0x89, 0xcc, 0xe8, 0xa4, 0x11, 0x64, 0x00, 0x48, 0x8b, 0x4d, 0x08,
    0x48, 0x8d, 0x5c, 0x24, 0x70, 0xe8, 0x26, 0xfc, 0x50, 0x00, 0x48, 0xb9,
    0xef, 0xee, 0xee, 0xee, 0xee, 0xee, 0xee, 0xee, 0x48, 0x8b, 0x10, 0x48,
    0x89, 0xc7, 0x48, 0x8b, 0x40, 0x08, 0x48, 0x29, 0xd0, 0x48, 0xc1, 0xf8,
    0x03, 0x48, 0x0f, 0xaf, 0xc1, 0x48, 0x39, 0xc6, 0x0f, 0x86, 0x86, 0x00,
    0x00, 0x00, 0x48, 0x8d, 0x15, 0x9f, 0xf8, 0x99, 0x00, 0x48, 0x89, 0xd9,
    0xe8, 0x7f, 0xd7, 0xff, 0xff, 0x4c, 0x8d, 0x74, 0x24, 0x50, 0x48, 0x8d,
    0x15, 0x73, 0x01, 0x9a, 0x00, 0x4c, 0x89, 0xf1, 0xe8, 0x6b, 0xd7, 0xff,
    0xff, 0x4c, 0x8d, 0x7c, 0x24, 0x30, 0x48, 0x8d, 0x15, 0x8e, 0xf5, 0x99,
    0x00, 0x4c, 0x89, 0xf9, 0xe8, 0x57, 0xd7, 0xff, 0xff, 0x49, 0x89, 0xd9,
    0x4d, 0x89, 0xf0, 0xba, 0x67, 0x01, 0x00, 0x00, 0x4c, 0x89, 0xf9, 0xe8,
    0x14, 0xd1, 0x5f, 0x00, 0x48, 0x8b, 0x4c, 0x24, 0x30, 0x49, 0x83, 0xc7,
    0x10, 0x4c, 0x39, 0xf9, 0x74, 0x05, 0xe8, 0x91, 0xaf, 0x98, 0x00, 0x48,
    0x8b, 0x4c, 0x24, 0x50, 0x49, 0x83, 0xc6, 0x10, 0x4c, 0x39, 0xf1, 0x74,
    0x05, 0xe8, 0x7e, 0xaf, 0x98, 0x00, 0x48, 0x8b, 0x4c, 0x24, 0x70, 0x48,
    0x8d, 0x43, 0x10, 0x48, 0x39, 0xc1, 0x74, 0x05, 0xe8, 0x6b, 0xaf, 0x98,
    0x00, 0x48, 0x8b, 0x17, 0x48, 0x89, 0xf0, 0x48, 0x8b, 0x6d, 0x00, 0x48,
    0xc1, 0xe0, 0x04, 0x48, 0x29, 0xf0, 0x48, 0x8d, 0x34, 0xc2, 0x48, 0x89,
    0xf1, 0xe8, 0xde, 0x2e, 0x51, 0x00, 0x48, 0x89, 0xc1, 0xe8, 0x36, 0xa1,
    0x4e, 0x00, 0x48, 0x8b, 0x95, 0x80, 0x01, 0x00, 0x00, 0x89, 0xc7, 0x48,
    0x8b, 0x85, 0x88, 0x01, 0x00, 0x00, 0x48, 0x29, 0xd0, 0x48, 0xc1, 0xf8,
    0x03, 0x48, 0x39, 0xf8, 0x0f, 0x83, 0x8a, 0x00, 0x00, 0x00, 0x48, 0x8d,
    0x15, 0x07, 0xf8, 0x99, 0x00, 0x48, 0x89, 0xd9, 0xe8, 0xb7, 0xd6, 0xff,
    0xff, 0x4c, 0x8d, 0x74, 0x24, 0x50, 0x48, 0x8d, 0x15, 0xab, 0x00, 0x9a,
    0x00, 0x4c, 0x89, 0xf1, 0xe8, 0xa3, 0xd6, 0xff, 0xff, 0x4c, 0x8d, 0x7c,
    0x24, 0x30, 0x48, 0x8d, 0x15, 0xc6, 0xf4, 0x99, 0x00, 0x4c, 0x89, 0xf9,
    0xe8, 0x8f, 0xd6, 0xff, 0xff, 0x49, 0x89, 0xd9, 0x4d, 0x89, 0xf0, 0xba,
    0x6c, 0x01, 0x00, 0x00, 0x4c, 0x89, 0xf9, 0xe8, 0x4c, 0xd0, 0x5f, 0x00,
    0x48, 0x8b, 0x4c, 0x24, 0x30, 0x49, 0x83, 0xc7, 0x10, 0x4c, 0x39, 0xf9,
    0x74, 0x05, 0xe8, 0xc9, 0xae, 0x98, 0x00, 0x48, 0x8b, 0x4c, 0x24, 0x50,
    0x49, 0x83, 0xc6, 0x10, 0x4c, 0x39, 0xf1, 0x74, 0x05, 0xe8, 0xb6, 0xae,
    0x98, 0x00, 0x48, 0x8b, 0x4c, 0x24, 0x70, 0x48, 0x8d, 0x43, 0x10, 0x48,
    0x39, 0xc1, 0x74, 0x05, 0xe8, 0xa3, 0xae, 0x98, 0x00, 0x48, 0x8b, 0x95,
    0x80, 0x01, 0x00, 0x00, 0x48, 0x8b, 0x04, 0xfa, 0x48, 0x8d, 0x7c, 0x24,
    0x20, 0x48, 0x89, 0xf2, 0x48, 0x89, 0xf9, 0x49, 0x89, 0x45, 0x00, 0xe8,
    0xa4, 0x2d, 0x51, 0x00, 0x48, 0x8b, 0x44, 0x24, 0x20, 0x48, 0x89, 0xf2,
    0x48, 0x89, 0xf9, 0x49, 0x89, 0x04, 0x24, 0xe8, 0x90, 0x2d, 0x51, 0x00,
    0x48, 0x8b, 0x54, 0x24, 0x28, 0x48, 0x89, 0xd9, 0x48, 0x8b, 0x84, 0x24,
    0x00, 0x01, 0x00, 0x00, 0x48, 0x89, 0x10, 0x48, 0x89, 0xf2, 0xe8, 0x95,
    0x2d, 0x51, 0x00, 0x48, 0x89, 0xd9, 0xe8, 0x6d, 0x76, 0x5b, 0x00, 0x48,
    0x8b, 0x94, 0x24, 0x08, 0x01, 0x00, 0x00, 0x48, 0x89, 0xd9, 0x0f, 0xb6,
    0xc0, 0x89, 0x02, 0x48, 0x89, 0xf2, 0xe8, 0x75, 0x2d, 0x51, 0x00, 0x48,
    0x89, 0xd9, 0xe8, 0x5d, 0x76, 0x5b, 0x00, 0x66, 0x0f, 0xef, 0xc0, 0xf2,
    0x48, 0x0f, 0x2a, 0xc0, 0x48, 0x8b, 0x84, 0x24, 0x10, 0x01, 0x00, 0x00,
    0xf2, 0x0f, 0x5e, 0x05, 0x54, 0x00, 0x9a, 0x00, 0xf2, 0x0f, 0x59, 0x05,
    0x54, 0x00, 0x9a, 0x00, 0xf2, 0x0f, 0x11, 0x00, 0x48, 0x81, 0xc4, 0x98,
    0x00, 0x00, 0x00, 0x5b, 0x5e, 0x5f, 0x5d, 0x41, 0x5c, 0x41, 0x5d, 0x41,
    0x5e, 0x41, 0x5f, 0xc3, 0x48, 0x89, 0xc6, 0x48, 0x8b, 0x4c, 0x24, 0x50,
    0x49, 0x83, 0xc6, 0x10, 0x4c, 0x39, 0xf1, 0x74, 0x05, 0xe8, 0xde, 0xad,
    0x98, 0x00, 0x48, 0x8b, 0x4c, 0x24, 0x70, 0x48, 0x83, 0xc3, 0x10, 0x48,
    0x39, 0xd9, 0x74, 0x05, 0xe8, 0xcb, 0xad, 0x98, 0x00, 0x48, 0x89, 0xf1,
    0xe8, 0x93, 0x1b, 0x62, 0x00, 0x48, 0x89, 0xc6, 0xeb, 0xe0, 0x48, 0x8b,
    0x4c, 0x24, 0x30, 0x49, 0x83, 0xc7, 0x10, 0x48, 0x89, 0xc6, 0x4c, 0x39,
    0xf9, 0x74, 0xbc, 0xe8, 0xa8, 0xad, 0x98, 0x00, 0xeb, 0xb5, 0xeb, 0xe6,
    0xeb, 0xae, 0xeb, 0xdd,
};

// 0x10f30  490 bytes  export GetNesting (ordinals 21,22)
// status: comment_only  -- call to 0x60A620 outside the block; call to 0x62F280 outside the block; call to 0x64AEA0 outside the block; call to 0x8F90F0 outside the block (+3 more)
// sha256: 58232e9edfa342e19402ba5ff5fbf312ce7a815012dfaa29ce725c54a270f8d7
alignas(16) const unsigned char kBytes_10f30[490] = {
    0x41, 0x56, 0x41, 0x55, 0x41, 0x54, 0x55, 0x57, 0x56, 0x53, 0x48, 0x83,
    0xc4, 0x80, 0x48, 0x89, 0xcd, 0x89, 0xd6, 0x48, 0x8d, 0x0d, 0xb7, 0xc4,
    0x99, 0x00, 0x48, 0x89, 0xf7, 0xe8, 0x4e, 0x9f, 0x63, 0x00, 0x48, 0x8b,
    0x55, 0x50, 0x48, 0xb9, 0x97, 0x6f, 0xf9, 0x96, 0x6f, 0xf9, 0x96, 0x6f,
    0x48, 0x8b, 0x45, 0x58, 0x48, 0x8b, 0x5d, 0x00, 0x48, 0x29, 0xd0, 0x48,
    0xc1, 0xf8, 0x03, 0x48, 0x0f, 0xaf, 0xc1, 0x48, 0x39, 0xc6, 0x0f, 0x82,
    0xa5, 0x00, 0x00, 0x00, 0x4c, 0x8d, 0x64, 0x24, 0x60, 0x48, 0x8d, 0x15,
    0x88, 0xc4, 0x99, 0x00, 0x4c, 0x89, 0xe1, 0xe8, 0xc0, 0x9c, 0xff, 0xff,
    0x4c, 0x8d, 0x6c, 0x24, 0x40, 0x48, 0x8d, 0x15, 0x04, 0xc7, 0x99, 0x00,
    0x4c, 0x89, 0xe9, 0xe8, 0xac, 0x9c, 0xff, 0xff, 0x4c, 0x8d, 0x74, 0x24,
    0x20, 0x48, 0x8d, 0x15, 0xcf, 0xba, 0x99, 0x00, 0x4c, 0x89, 0xf1, 0xe8,
    0x98, 0x9c, 0xff, 0xff, 0x4d, 0x89, 0xe1, 0x4d, 0x89, 0xe8, 0xba, 0x2a,
    0x01, 0x00, 0x00, 0x4c, 0x89, 0xf1, 0xe8, 0x55, 0x96, 0x5f, 0x00, 0x48,
    0x8b, 0x4c, 0x24, 0x20, 0x49, 0x83, 0xc6, 0x10, 0x4c, 0x39, 0xf1, 0x74,
    0x05, 0xe8, 0xd2, 0x74, 0x98, 0x00, 0x48, 0x8b, 0x4c, 0x24, 0x40, 0x49,
    0x83, 0xc5, 0x10, 0x4c, 0x39, 0xe9, 0x74, 0x05, 0xe8, 0xbf, 0x74, 0x98,
    0x00, 0x48, 0x8b, 0x4c, 0x24, 0x60, 0x49, 0x83, 0xc4, 0x10, 0x4c, 0x39,
    0xe1, 0x74, 0x05, 0xe8, 0xac, 0x74, 0x98, 0x00, 0x48, 0xb9, 0x97, 0x6f,
    0xf9, 0x96, 0x6f, 0xf9, 0x96, 0x6f, 0x48, 0x8b, 0x55, 0x50, 0x48, 0x8b,
    0x45, 0x58, 0x48, 0x29, 0xd0, 0x48, 0xc1, 0xf8, 0x03, 0x48, 0x0f, 0xaf,
    0xc1, 0x8d, 0x4f, 0x01, 0x48, 0x39, 0xc1, 0xb9, 0x18, 0x00, 0x00, 0x00,
    0x40, 0x0f, 0x94, 0xc5, 0x48, 0x69, 0xf6, 0x38, 0x01, 0x00, 0x00, 0x48,
    0x01, 0xd6, 0xe8, 0xc1, 0x74, 0x98, 0x00, 0x48, 0x89, 0xc7, 0x48, 0x89,
    0x18, 0x48, 0x89, 0x70, 0x08, 0x40, 0x88, 0x68, 0x10, 0x48, 0x89, 0x44,
    0x24, 0x60, 0x48, 0x8b, 0x83, 0xe8, 0x01, 0x00, 0x00, 0x48, 0x3b, 0x83,
    0xf0, 0x01, 0x00, 0x00, 0x74, 0x43, 0x48, 0x85, 0xc0, 0x74, 0x39, 0x48,
    0xc7, 0x44, 0x24, 0x60, 0x00, 0x00, 0x00, 0x00, 0x48, 0x89, 0x38, 0x48,
    0x8b, 0x4c, 0x24, 0x60, 0x48, 0x83, 0xc0, 0x08, 0x48, 0x89, 0x83, 0xe8,
    0x01, 0x00, 0x00, 0x48, 0x85, 0xc9, 0x74, 0x05, 0xe8, 0x23, 0x74, 0x98,
    0x00, 0x48, 0x89, 0xf8, 0x48, 0x83, 0xec, 0x80, 0x5b, 0x5e, 0x5f, 0x5d,
    0x41, 0x5c, 0x41, 0x5d, 0x41, 0x5e, 0xc3, 0x90, 0x48, 0x89, 0xf9, 0xeb,
    0xd3, 0x48, 0x8d, 0x54, 0x24, 0x60, 0x48, 0x8d, 0x8b, 0xe0, 0x01, 0x00,
    0x00, 0xe8, 0x3a, 0x80, 0x8e, 0x00, 0x48, 0x8b, 0x4c, 0x24, 0x60, 0xeb,
    0xc6, 0x48, 0x8b, 0x4c, 0x24, 0x60, 0x48, 0x89, 0xc3, 0x48, 0x85, 0xc9,
    0x74, 0x05, 0xe8, 0xe1, 0x73, 0x98, 0x00, 0x48, 0x89, 0xd9, 0xe8, 0xa9,
    0xe1, 0x61, 0x00, 0x48, 0x89, 0xc3, 0x48, 0x8b, 0x4c, 0x24, 0x40, 0x49,
    0x83, 0xc5, 0x10, 0x4c, 0x39, 0xe9, 0x74, 0x05, 0xe8, 0xc3, 0x73, 0x98,
    0x00, 0x48, 0x8b, 0x4c, 0x24, 0x60, 0x49, 0x83, 0xc4, 0x10, 0x4c, 0x39,
    0xe1, 0x75, 0xcf, 0xeb, 0xd2, 0x48, 0x89, 0xc3, 0xeb, 0xeb, 0x48, 0x8b,
    0x4c, 0x24, 0x20, 0x49, 0x83, 0xc6, 0x10, 0x48, 0x89, 0xc3, 0x4c, 0x39,
    0xf1, 0x74, 0xc7, 0xe8, 0x98, 0x73, 0x98, 0x00, 0xeb, 0xc0,
};

// 0xb190  63 bytes  export GetNumberOfNestedParts (ordinals 23,24)
// status: comment_only  -- call to 0x51D0C0 outside the block; call to 0x64AEA0 outside the block
// sha256: 902ceb23f801532fa21a6a81f4300d195a2336cfc68a4b4c0de2c0b27a3cf875
alignas(16) const unsigned char kBytes_b190[63] = {
    0x53, 0x48, 0x83, 0xec, 0x20, 0x48, 0x89, 0xcb, 0x48, 0x8d, 0x0d, 0x60,
    0x17, 0x9a, 0x00, 0xe8, 0xfc, 0xfc, 0x63, 0x00, 0x48, 0x8b, 0x4b, 0x08,
    0xe8, 0x13, 0x1f, 0x51, 0x00, 0x48, 0x8b, 0x50, 0x08, 0x48, 0x2b, 0x10,
    0x48, 0x89, 0xd0, 0x48, 0xba, 0xef, 0xee, 0xee, 0xee, 0xee, 0xee, 0xee,
    0xee, 0x48, 0xc1, 0xf8, 0x03, 0x48, 0x0f, 0xaf, 0xc2, 0x48, 0x83, 0xc4,
    0x20, 0x5b, 0xc3,
};

// 0xb0c0  52 bytes  export GetNumberOfNestings (ordinals 25,26)
// status: comment_only  -- call to 0x64AEA0 outside the block
// sha256: 37382bbf1bd53b83949979154abb40902deb5548fe660fb9f6402897a94a8808
alignas(16) const unsigned char kBytes_b0c0[52] = {
    0x53, 0x48, 0x83, 0xec, 0x20, 0x48, 0x89, 0xcb, 0x48, 0x8d, 0x0d, 0xf8,
    0x17, 0x9a, 0x00, 0xe8, 0xcc, 0xfd, 0x63, 0x00, 0x48, 0x8b, 0x43, 0x58,
    0x48, 0xba, 0x97, 0x6f, 0xf9, 0x96, 0x6f, 0xf9, 0x96, 0x6f, 0x48, 0x2b,
    0x43, 0x50, 0x48, 0xc1, 0xf8, 0x03, 0x48, 0x0f, 0xaf, 0xc2, 0x48, 0x83,
    0xc4, 0x20, 0x5b, 0xc3,
};

// 0xc5e0  36 bytes  export GetPartUserString (ordinals 27,28)
// status: comment_only  -- call to 0x64CA50 outside the block
// sha256: 28bc2224dbcdf46c18a6a369653dab063db94c7e071f8ded32ad7e0d84730d43
alignas(16) const unsigned char kBytes_c5e0[36] = {
    0x53, 0x48, 0x83, 0xec, 0x20, 0x48, 0x89, 0xcb, 0x48, 0x89, 0xca, 0x48,
    0x8d, 0x0d, 0xc6, 0x05, 0x9a, 0x00, 0xe8, 0x59, 0x04, 0x64, 0x00, 0x48,
    0x8b, 0x83, 0xb8, 0x01, 0x00, 0x00, 0x48, 0x83, 0xc4, 0x20, 0x5b, 0xc3,
};

// 0xb510  43 bytes  export GetPartWithBadGeometry (ordinals 29,30)
// status: comment_only  -- call to 0x64AEA0 outside the block
// sha256: b2cb303ce181564bd4a9a805bb3aded2b23ce337fef9454a1ff3f54dca3a525a
alignas(16) const unsigned char kBytes_b510[43] = {
    0x53, 0x48, 0x83, 0xec, 0x20, 0x48, 0x89, 0xcb, 0x48, 0x8d, 0x0d, 0xe6,
    0x14, 0x9a, 0x00, 0xe8, 0x7c, 0xf9, 0x63, 0x00, 0x8b, 0x53, 0x4c, 0x31,
    0xc0, 0x83, 0xfa, 0x01, 0x75, 0x07, 0x48, 0x8b, 0x83, 0xa0, 0x00, 0x00,
    0x00, 0x48, 0x83, 0xc4, 0x20, 0x5b, 0xc3,
};

// 0xb600  332 bytes  export GetSheet (ordinals 31,32)
// status: comment_only  -- call to 0x4F8C60 outside the block; call to 0x60A620 outside the block; call to 0x62F280 outside the block; call to 0x64AEA0 outside the block (+2 more)
// sha256: 0ae74e04cf86048721be235c4b3687041b80b23979cef36e005a66eb7c64e6d5
alignas(16) const unsigned char kBytes_b600[332] = {
    0x41, 0x54, 0x55, 0x57, 0x56, 0x53, 0x48, 0x83, 0xc4, 0x80, 0x48, 0x89,
    0xce, 0x48, 0x8d, 0x0d, 0x3e, 0x14, 0x9a, 0x00, 0xe8, 0x87, 0xf8, 0x63,
    0x00, 0x48, 0x8b, 0x4e, 0x08, 0xe8, 0xce, 0x1c, 0x51, 0x00, 0x48, 0x89,
    0xc1, 0xe8, 0x36, 0xd6, 0x4e, 0x00, 0x48, 0x8b, 0x36, 0x89, 0xc3, 0x48,
    0x8b, 0x96, 0xb8, 0x01, 0x00, 0x00, 0x48, 0x8b, 0x86, 0xb0, 0x01, 0x00,
    0x00, 0x48, 0x29, 0xc2, 0x48, 0xc1, 0xfa, 0x03, 0x48, 0x39, 0xd3, 0x77,
    0x17, 0x48, 0x8b, 0x04, 0xd8, 0x48, 0x83, 0xec, 0x80, 0x5b, 0x5e, 0x5f,
    0x5d, 0x41, 0x5c, 0xc3, 0x0f, 0x1f, 0x84, 0x00, 0x00, 0x00, 0x00, 0x00,
    0x48, 0x8d, 0x7c, 0x24, 0x60, 0x48, 0x8d, 0x15, 0xf4, 0x13, 0x9a, 0x00,
    0x48, 0x89, 0xf9, 0xe8, 0xdc, 0xf5, 0xff, 0xff, 0x48, 0x8d, 0x6c, 0x24,
    0x40, 0x48, 0x8d, 0x15, 0x10, 0x20, 0x9a, 0x00, 0x48, 0x89, 0xe9, 0xe8,
    0xc8, 0xf5, 0xff, 0xff, 0x4c, 0x8d, 0x64, 0x24, 0x20, 0x48, 0x8d, 0x15,
    0xeb, 0x13, 0x9a, 0x00, 0x4c, 0x89, 0xe1, 0xe8, 0xb4, 0xf5, 0xff, 0xff,
    0x49, 0x89, 0xf9, 0x49, 0x89, 0xe8, 0xba, 0x3c, 0x01, 0x00, 0x00, 0x4c,
    0x89, 0xe1, 0xe8, 0x71, 0xef, 0x5f, 0x00, 0x48, 0x8b, 0x4c, 0x24, 0x20,
    0x49, 0x83, 0xc4, 0x10, 0x4c, 0x39, 0xe1, 0x74, 0x05, 0xe8, 0xee, 0xcd,
    0x98, 0x00, 0x48, 0x8b, 0x4c, 0x24, 0x40, 0x48, 0x83, 0xc5, 0x10, 0x48,
    0x39, 0xe9, 0x74, 0x05, 0xe8, 0xdb, 0xcd, 0x98, 0x00, 0x48, 0x8b, 0x4c,
    0x24, 0x60, 0x48, 0x83, 0xc7, 0x10, 0x48, 0x39, 0xf9, 0x74, 0x05, 0xe8,
    0xc8, 0xcd, 0x98, 0x00, 0x48, 0x8b, 0x86, 0xb0, 0x01, 0x00, 0x00, 0x48,
    0x8b, 0x04, 0xd8, 0x48, 0x83, 0xec, 0x80, 0x5b, 0x5e, 0x5f, 0x5d, 0x41,
    0x5c, 0xc3, 0x48, 0x89, 0xc3, 0x48, 0x8b, 0x4c, 0x24, 0x60, 0x48, 0x83,
    0xc7, 0x10, 0x48, 0x39, 0xf9, 0x74, 0x05, 0xe8, 0x9c, 0xcd, 0x98, 0x00,
    0x48, 0x89, 0xd9, 0xe8, 0x64, 0x3b, 0x62, 0x00, 0x48, 0x89, 0xc3, 0x48,
    0x8b, 0x4c, 0x24, 0x40, 0x48, 0x83, 0xc5, 0x10, 0x48, 0x39, 0xe9, 0x74,
    0xd4, 0xe8, 0x7e, 0xcd, 0x98, 0x00, 0xeb, 0xcd, 0x48, 0x8b, 0x4c, 0x24,
    0x20, 0x49, 0x83, 0xc4, 0x10, 0x48, 0x89, 0xc3, 0x4c, 0x39, 0xe1, 0x74,
    0xda, 0xe8, 0x66, 0xcd, 0x98, 0x00, 0xeb, 0xd3,
};

// 0xb0a0  29 bytes  export GetSolution (ordinals 33,34)
// status: comment_only  -- call to 0x64AEA0 outside the block
// sha256: 317f776b488ebddbd218ec6b9bb15de357bcc5353be85276ba962b03b853f7d3
alignas(16) const unsigned char kBytes_b0a0[29] = {
    0x53, 0x48, 0x83, 0xec, 0x20, 0x48, 0x89, 0xcb, 0x48, 0x8d, 0x0d, 0x0c,
    0x18, 0x9a, 0x00, 0xe8, 0xec, 0xfd, 0x63, 0x00, 0x48, 0x89, 0xd8, 0x48,
    0x83, 0xc4, 0x20, 0x5b, 0xc3,
};

// 0x6100  3894 bytes  export LaunchComputation (ordinals 35,36)
// status: comment_only  -- call to 0x1BF20 outside the block; call to 0x1BF40 outside the block; call to 0x1E70 outside the block; call to 0x1EE50 outside the block (+43 more)
// sha256: aefbd580a7ba7a6fcb6a3d5ebb0b473f66c26eccdeca0c6ec2a8af1563b34d50
alignas(16) const unsigned char kBytes_6100[3894] = {
    0x41, 0x57, 0x41, 0x56, 0x41, 0x55, 0x41, 0x54, 0x55, 0x57, 0x56, 0x53,
    0x48, 0x81, 0xec, 0xe8, 0x02, 0x00, 0x00, 0x0f, 0x29, 0xb4, 0x24, 0xc0,
    0x02, 0x00, 0x00, 0x0f, 0x29, 0xbc, 0x24, 0xd0, 0x02, 0x00, 0x00, 0x49,
    0x89, 0xcc, 0x48, 0x89, 0x94, 0x24, 0x38, 0x03, 0x00, 0x00, 0x66, 0x0f,
    0x28, 0xf3, 0x4c, 0x89, 0x84, 0x24, 0x40, 0x03, 0x00, 0x00, 0xe8, 0xe1,
    0x5d, 0x01, 0x00, 0x84, 0xc0, 0x0f, 0x85, 0xed, 0x0b, 0x00, 0x00, 0x4c,
    0x8b, 0x84, 0x24, 0x40, 0x03, 0x00, 0x00, 0x66, 0x0f, 0x28, 0xde, 0x48,
    0x8b, 0x94, 0x24, 0x38, 0x03, 0x00, 0x00, 0x48, 0x8d, 0x0d, 0x30, 0x62,
    0x9a, 0x00, 0xe8, 0x59, 0x79, 0x64, 0x00, 0xe8, 0xd4, 0x5d, 0x01, 0x00,
    0x48, 0x85, 0xc0, 0x0f, 0x84, 0x97, 0x01, 0x00, 0x00, 0x48, 0x8d, 0xb4,
    0x24, 0xf0, 0x00, 0x00, 0x00, 0x48, 0x8d, 0x8e, 0xc8, 0x00, 0x00, 0x00,
    0xe8, 0xa7, 0xe3, 0x93, 0x00, 0x66, 0x0f, 0xef, 0xc0, 0x48, 0x89, 0xf1,
    0x4c, 0x8b, 0x3d, 0x39, 0x2c, 0xa0, 0x00, 0xc6, 0x84, 0x24, 0x98, 0x02,
    0x00, 0x00, 0x00, 0x31, 0xd2, 0x0f, 0x29, 0x84, 0x24, 0xa0, 0x02, 0x00,
    0x00, 0x0f, 0x29, 0x84, 0x24, 0xb0, 0x02, 0x00, 0x00, 0x49, 0x8d, 0x47,
    0x10, 0xc6, 0x84, 0x24, 0x99, 0x02, 0x00, 0x00, 0x00, 0x48, 0x89, 0x84,
    0x24, 0xb8, 0x01, 0x00, 0x00, 0x48, 0x8b, 0x05, 0xd4, 0x20, 0xa0, 0x00,
    0x48, 0xc7, 0x84, 0x24, 0x90, 0x02, 0x00, 0x00, 0x00, 0x00, 0x00, 0x00,
    0x48, 0x8b, 0x68, 0x08, 0x4c, 0x8b, 0x70, 0x10, 0x48, 0x03, 0x4d, 0xe8,
    0x48, 0x89, 0xac, 0x24, 0xf0, 0x00, 0x00, 0x00, 0x4c, 0x89, 0x31, 0xe8,
    0xdc, 0xf2, 0x93, 0x00, 0x48, 0x8b, 0x1d, 0x55, 0x29, 0xa0, 0x00, 0x48,
    0x8d, 0x4e, 0x08, 0x48, 0x8d, 0x43, 0x18, 0x48, 0x89, 0x84, 0x24, 0xf0,
    0x00, 0x00, 0x00, 0x48, 0x8d, 0x43, 0x40, 0x48, 0x89, 0x84, 0x24, 0xb8,
    0x01, 0x00, 0x00, 0xe8, 0xd4, 0x8b, 0x87, 0x00, 0x48, 0x8d, 0x56, 0x08,
    0x48, 0x8d, 0x8e, 0xc8, 0x00, 0x00, 0x00, 0xe8, 0xa4, 0xf2, 0x93, 0x00,
    0x48, 0x8d, 0x4e, 0x08, 0x41, 0xb8, 0x30, 0x00, 0x00, 0x00, 0x48, 0x8d,
    0x15, 0x67, 0x61, 0x9a, 0x00, 0xe8, 0x4e, 0x73, 0x87, 0x00, 0x48, 0x85,
    0xc0, 0x48, 0x89, 0xf1, 0x48, 0x8b, 0x84, 0x24, 0xf0, 0x00, 0x00, 0x00,
    0x0f, 0x84, 0x67, 0x0b, 0x00, 0x00, 0x48, 0x03, 0x48, 0xe8, 0x31, 0xd2,
    0xe8, 0x3f, 0xf4, 0x93, 0x00, 0x48, 0x8d, 0xbc, 0x24, 0xd0, 0x00, 0x00,
    0x00, 0x4c, 0x89, 0xe2, 0x48, 0x89, 0xf9, 0xe8, 0xdc, 0x8b, 0x01, 0x00,
    0x48, 0x89, 0xfa, 0x48, 0x89, 0xf1, 0xe8, 0x61, 0x0e, 0x50, 0x00, 0x48,
    0x89, 0xf9, 0x49, 0x83, 0xc7, 0x10, 0xe8, 0x35, 0xa5, 0x4f, 0x00, 0x48,
    0x8d, 0x43, 0x18, 0x48, 0x83, 0xc3, 0x40, 0x48, 0x89, 0x84, 0x24, 0xf0,
    0x00, 0x00, 0x00, 0x48, 0x8b, 0x05, 0x4e, 0x28, 0xa0, 0x00, 0x48, 0x8d,
    0x4e, 0x08, 0x48, 0x89, 0x9c, 0x24, 0xb8, 0x01, 0x00, 0x00, 0x48, 0x83,
    0xc0, 0x10, 0x48, 0x89, 0x84, 0x24, 0xf8, 0x00, 0x00, 0x00, 0xe8, 0x21,
    0x76, 0x87, 0x00, 0x48, 0x8d, 0x4e, 0x50, 0xe8, 0x28, 0x12, 0x87, 0x00,
    0x48, 0x8b, 0x05, 0xc1, 0x28, 0xa0, 0x00, 0x48, 0x8d, 0x4e, 0x40, 0x48,
    0x83, 0xc0, 0x10, 0x48, 0x89, 0x84, 0x24, 0xf8, 0x00, 0x00, 0x00, 0xe8,
    0xdc, 0x48, 0x8a, 0x00, 0x48, 0x8b, 0x45, 0xe8, 0x48, 0x8d, 0x8e, 0xc8,
    0x00, 0x00, 0x00, 0x48, 0x89, 0xac, 0x24, 0xf0, 0x00, 0x00, 0x00, 0x4c,
    0x89, 0xb4, 0x04, 0xf0, 0x00, 0x00, 0x00, 0x4c, 0x89, 0xbc, 0x24, 0xb8,
    0x01, 0x00, 0x00, 0xe8, 0xd4, 0xe2, 0x93, 0x00, 0xf2, 0x0f, 0x10, 0x3d,
    0xdc, 0x60, 0x9a, 0x00, 0xb9, 0xc8, 0x01, 0x00, 0x00, 0xf2, 0x0f, 0x5c,
    0xf7, 0x66, 0x0f, 0x28, 0xd6, 0xf2, 0x0f, 0x5f, 0x15, 0xbf, 0x60, 0x9a,
    0x00, 0xf2, 0x0f, 0x11, 0x54, 0x24, 0x28, 0xe8, 0xcc, 0x21, 0x99, 0x00,
    0xf2, 0x0f, 0x10, 0x54, 0x24, 0x28, 0x45, 0x31, 0xc9, 0x4c, 0x89, 0xe2,
    0x48, 0x89, 0xc1, 0x48, 0x89, 0xc5, 0xe8, 0xe5, 0xca, 0x01, 0x00, 0x49,
    0x8b, 0x84, 0x24, 0xd0, 0x01, 0x00, 0x00, 0x48, 0x89, 0xac, 0x24, 0xf0,
    0x00, 0x00, 0x00, 0x49, 0x3b, 0x84, 0x24, 0xd8, 0x01, 0x00, 0x00, 0x0f,
    0x84, 0x2f, 0x0a, 0x00, 0x00, 0x48, 0x85, 0xc0, 0x0f, 0x84, 0xe9, 0x09,
    0x00, 0x00, 0x48, 0xc7, 0x84, 0x24, 0xf0, 0x00, 0x00, 0x00, 0x00, 0x00,
    0x00, 0x00, 0x48, 0x89, 0x28, 0x48, 0x8b, 0xbc, 0x24, 0xf0, 0x00, 0x00,
    0x00, 0x48, 0x83, 0xc0, 0x08, 0x49, 0x89, 0x84, 0x24, 0xd0, 0x01, 0x00,
    0x00, 0x48, 0x85, 0xff, 0x0f, 0x84, 0x15, 0x04, 0x00, 0x00, 0x48, 0x8b,
    0x8f, 0xa0, 0x01, 0x00, 0x00, 0x48, 0x8d, 0x87, 0xb0, 0x01, 0x00, 0x00,
    0x48, 0x39, 0xc1, 0x74, 0x05, 0xe8, 0xfa, 0x20, 0x99, 0x00, 0x48, 0x8b,
    0x8f, 0x80, 0x01, 0x00, 0x00, 0x48, 0x8d, 0x87, 0x90, 0x01, 0x00, 0x00,
    0x48, 0x39, 0xc1, 0x74, 0x05, 0xe8, 0xe2, 0x20, 0x99, 0x00, 0x48, 0x8d,
    0x8f, 0x78, 0x01, 0x00, 0x00, 0xe8, 0x86, 0xd5, 0x5e, 0x00, 0x48, 0x8b,
    0x9f, 0x28, 0x01, 0x00, 0x00, 0x4c, 0x8d, 0xb7, 0x18, 0x01, 0x00, 0x00,
    0x48, 0x85, 0xdb, 0x74, 0x47, 0x0f, 0x1f, 0x00, 0x48, 0x8b, 0x53, 0x18,
    0x4c, 0x89, 0xf1, 0xe8, 0xb4, 0x88, 0x92, 0x00, 0x48, 0x8b, 0x4b, 0x40,
    0x48, 0x8d, 0x43, 0x50, 0x48, 0x8b, 0x73, 0x10, 0x48, 0x39, 0xc1, 0x74,
    0x05, 0xe8, 0x9e, 0x20, 0x99, 0x00, 0x48, 0x8b, 0x4b, 0x20, 0x48, 0x8d,
    0x43, 0x30, 0x48, 0x39, 0xc1, 0x74, 0x05, 0xe8, 0x8c, 0x20, 0x99, 0x00,
    0x48, 0x89, 0xd9, 0x48, 0x89, 0xf3, 0xe8, 0x81, 0x20, 0x99, 0x00, 0x48,
    0x85, 0xf6, 0x75, 0xbc, 0x4c, 0x8b, 0xbf, 0x00, 0x01, 0x00, 0x00, 0x48,
    0x8b, 0xb7, 0xf8, 0x00, 0x00, 0x00, 0x49, 0x39, 0xf7, 0x0f, 0x84, 0x0a,
    0x01, 0x00, 0x00, 0x0f, 0x1f, 0x44, 0x00, 0x00, 0x48, 0x8b, 0x8e, 0x20,
    0x01, 0x00, 0x00, 0x48, 0x85, 0xc9, 0x74, 0x05, 0xe8, 0x4f, 0x20, 0x99,
    0x00, 0x48, 0x8b, 0x8e, 0x00, 0x01, 0x00, 0x00, 0x48, 0x85, 0xc9, 0x74,
    0x05, 0xe8, 0x3e, 0x20, 0x99, 0x00, 0x48, 0x8b, 0x8e, 0xb8, 0x00, 0x00,
    0x00, 0x48, 0x85, 0xc9, 0x74, 0x05, 0xe8, 0x2d, 0x20, 0x99, 0x00, 0x4c,
    0x8b, 0x6e, 0x78, 0x4c, 0x8d, 0x76, 0x68, 0x4d, 0x85, 0xed, 0x74, 0x44,
    0x49, 0x8b, 0x55, 0x18, 0x4c, 0x89, 0xf1, 0xe8, 0x14, 0x88, 0x92, 0x00,
    0x49, 0x8b, 0x4d, 0x40, 0x49, 0x8d, 0x55, 0x50, 0x49, 0x8b, 0x5d, 0x10,
    0x48, 0x39, 0xd1, 0x74, 0x05, 0xe8, 0xfe, 0x1f, 0x99, 0x00, 0x49, 0x8b,
    0x4d, 0x20, 0x49, 0x8d, 0x55, 0x30, 0x48, 0x39, 0xd1, 0x74, 0x05, 0xe8,
    0xec, 0x1f, 0x99, 0x00, 0x4c, 0x89, 0xe9, 0x49, 0x89, 0xdd, 0xe8, 0xe1,
    0x1f, 0x99, 0x00, 0x48, 0x85, 0xdb, 0x75, 0xbc, 0x48, 0x8b, 0x4e, 0x40,
    0x48, 0x85, 0xc9, 0x74, 0x05, 0xe8, 0xce, 0x1f, 0x99, 0x00, 0x48, 0x8b,
    0x5e, 0x30, 0x4c, 0x8b, 0x76, 0x28, 0x4c, 0x39, 0xf3, 0x74, 0x31, 0x90,
    0x49, 0x8b, 0x4e, 0x58, 0x49, 0x8d, 0x46, 0x68, 0x48, 0x39, 0xc1, 0x74,
    0x05, 0xe8, 0xae, 0x1f, 0x99, 0x00, 0x49, 0x8b, 0x0e, 0x49, 0x8d, 0x46,
    0x10, 0x48, 0x39, 0xc1, 0x74, 0x05, 0xe8, 0x9d, 0x1f, 0x99, 0x00, 0x49,
    0x83, 0xc6, 0x78, 0x4c, 0x39, 0xf3, 0x75, 0xd4, 0x4c, 0x8b, 0x76, 0x28,
    0x4d, 0x85, 0xf6, 0x74, 0x08, 0x4c, 0x89, 0xf1, 0xe8, 0x83, 0x1f, 0x99,
    0x00, 0x48, 0x8b, 0x0e, 0x48, 0x8d, 0x46, 0x10, 0x48, 0x39, 0xc1, 0x74,
    0x05, 0xe8, 0x72, 0x1f, 0x99, 0x00, 0x48, 0x81, 0xc6, 0x38, 0x01, 0x00,
    0x00, 0x49, 0x39, 0xf7, 0x0f, 0x85, 0x02, 0xff, 0xff, 0xff, 0x48, 0x8b,
    0xb7, 0xf8, 0x00, 0x00, 0x00, 0x48, 0x85, 0xf6, 0x74, 0x08, 0x48, 0x89,
    0xf1, 0xe8, 0x4e, 0x1f, 0x99, 0x00, 0x48, 0x8d, 0x8f, 0xe8, 0x00, 0x00,
    0x00, 0xe8, 0x22, 0xfa, 0x88, 0x00, 0x48, 0x8d, 0x8f, 0xe0, 0x00, 0x00,
    0x00, 0xe8, 0x56, 0x91, 0x63, 0x00, 0x48, 0x8d, 0x8f, 0xd8, 0x00, 0x00,
    0x00, 0xe8, 0x4a, 0x91, 0x63, 0x00, 0x48, 0x8d, 0x8f, 0xd0, 0x00, 0x00,
    0x00, 0xe8, 0x3e, 0x91, 0x63, 0x00, 0x48, 0x8d, 0x8f, 0xc8, 0x00, 0x00,
    0x00, 0xe8, 0x32, 0x91, 0x63, 0x00, 0x48, 0x8b, 0xb7, 0xb8, 0x00, 0x00,
    0x00, 0x48, 0x8b, 0x9f, 0xb0, 0x00, 0x00, 0x00, 0x48, 0x39, 0xde, 0x74,
    0x27, 0x48, 0x8b, 0x0b, 0x48, 0x85, 0xc9, 0x74, 0x0f, 0x48, 0x83, 0x39,
    0x00, 0x0f, 0x85, 0x54, 0x09, 0x00, 0x00, 0xe8, 0xe8, 0x1e, 0x99, 0x00,
    0x48, 0x83, 0xc3, 0x08, 0x48, 0x39, 0xde, 0x75, 0xe0, 0x48, 0x8b, 0x9f,
    0xb0, 0x00, 0x00, 0x00, 0x48, 0x85, 0xdb, 0x74, 0x08, 0x48, 0x89, 0xd9,
    0xe8, 0xcb, 0x1e, 0x99, 0x00, 0x48, 0x8b, 0x9f, 0x80, 0x00, 0x00, 0x00,
    0x4c, 0x8d, 0x77, 0x70, 0x48, 0x85, 0xdb, 0x74, 0x44, 0x48, 0x8b, 0x53,
    0x18, 0x4c, 0x89, 0xf1, 0xe8, 0xaf, 0x86, 0x92, 0x00, 0x48, 0x8b, 0x4b,
    0x40, 0x48, 0x8d, 0x43, 0x50, 0x48, 0x8b, 0x73, 0x10, 0x48, 0x39, 0xc1,
    0x74, 0x05, 0xe8, 0x99, 0x1e, 0x99, 0x00, 0x48, 0x8b, 0x4b, 0x20, 0x48,
    0x8d, 0x43, 0x30, 0x48, 0x39, 0xc1, 0x74, 0x05, 0xe8, 0x87, 0x1e, 0x99,
    0x00, 0x48, 0x89, 0xd9, 0x48, 0x89, 0xf3, 0xe8, 0x7c, 0x1e, 0x99, 0x00,
    0x48, 0x85, 0xf6, 0x75, 0xbc, 0x4c, 0x8b, 0x7f, 0x58, 0x48, 0x8b, 0x77,
    0x50, 0x49, 0x39, 0xf7, 0x0f, 0x84, 0x08, 0x01, 0x00, 0x00, 0x66, 0x0f,
    0x1f, 0x44, 0x00, 0x00, 0x48, 0x8b, 0x8e, 0x20, 0x01, 0x00, 0x00, 0x48,
    0x85, 0xc9, 0x74, 0x05, 0xe8, 0x4f, 0x1e, 0x99, 0x00, 0x48, 0x8b, 0x8e,
    0x00, 0x01, 0x00, 0x00, 0x48, 0x85, 0xc9, 0x74, 0x05, 0xe8, 0x3e, 0x1e,
    0x99, 0x00, 0x48, 0x8b, 0x8e, 0xb8, 0x00, 0x00, 0x00, 0x48, 0x85, 0xc9,
    0x74, 0x05, 0xe8, 0x2d, 0x1e, 0x99, 0x00, 0x4c, 0x8b, 0x6e, 0x78, 0x4c,
    0x8d, 0x76, 0x68, 0x4d, 0x85, 0xed, 0x74, 0x44, 0x49, 0x8b, 0x55, 0x18,
    0x4c, 0x89, 0xf1, 0xe8, 0x14, 0x86, 0x92, 0x00, 0x49, 0x8b, 0x4d, 0x40,
    0x49, 0x8d, 0x55, 0x50, 0x49, 0x8b, 0x5d, 0x10, 0x48, 0x39, 0xd1, 0x74,
    0x05, 0xe8, 0xfe, 0x1d, 0x99, 0x00, 0x49, 0x8b, 0x4d, 0x20, 0x49, 0x8d,
    0x55, 0x30, 0x48, 0x39, 0xd1, 0x74, 0x05, 0xe8, 0xec, 0x1d, 0x99, 0x00,
    0x4c, 0x89, 0xe9, 0x49, 0x89, 0xdd, 0xe8, 0xe1, 0x1d, 0x99, 0x00, 0x48,
    0x85, 0xdb, 0x75, 0xbc, 0x48, 0x8b, 0x4e, 0x40, 0x48, 0x85, 0xc9, 0x74,
    0x05, 0xe8, 0xce, 0x1d, 0x99, 0x00, 0x48, 0x8b, 0x5e, 0x30, 0x4c, 0x8b,
    0x76, 0x28, 0x4c, 0x39, 0xf3, 0x74, 0x31, 0x90, 0x49, 0x8b, 0x4e, 0x58,
    0x49, 0x8d, 0x46, 0x68, 0x48, 0x39, 0xc1, 0x74, 0x05, 0xe8, 0xae, 0x1d,
    0x99, 0x00, 0x49, 0x8b, 0x0e, 0x49, 0x8d, 0x46, 0x10, 0x48, 0x39, 0xc1,
    0x74, 0x05, 0xe8, 0x9d, 0x1d, 0x99, 0x00, 0x49, 0x83, 0xc6, 0x78, 0x4c,
    0x39, 0xf3, 0x75, 0xd4, 0x4c, 0x8b, 0x76, 0x28, 0x4d, 0x85, 0xf6, 0x74,
    0x08, 0x4c, 0x89, 0xf1, 0xe8, 0x83, 0x1d, 0x99, 0x00, 0x48, 0x8b, 0x0e,
    0x48, 0x8d, 0x46, 0x10, 0x48, 0x39, 0xc1, 0x74, 0x05, 0xe8, 0x72, 0x1d,
    0x99, 0x00, 0x48, 0x81, 0xc6, 0x38, 0x01, 0x00, 0x00, 0x49, 0x39, 0xf7,
    0x0f, 0x85, 0x02, 0xff, 0xff, 0xff, 0x48, 0x8b, 0x77, 0x50, 0x48, 0x85,
    0xf6, 0x74, 0x08, 0x48, 0x89, 0xf1, 0xe8, 0x51, 0x1d, 0x99, 0x00, 0x48,
    0x8b, 0x5f, 0x20, 0x4c, 0x8d, 0x77, 0x10, 0x48, 0x85, 0xdb, 0x74, 0x36,
    0x0f, 0x1f, 0x40, 0x00, 0x48, 0x8b, 0x53, 0x18, 0x4c, 0x89, 0xf1, 0xe8,
    0x44, 0xa1, 0x92, 0x00, 0x48, 0x8b, 0x4b, 0x20, 0x48, 0x8d, 0x43, 0x30,
    0x48, 0x8b, 0x73, 0x10, 0x48, 0x39, 0xc1, 0x74, 0x05, 0xe8, 0x1e, 0x1d,
    0x99, 0x00, 0x48, 0x89, 0xd9, 0x48, 0x89, 0xf3, 0xe8, 0x13, 0x1d, 0x99,
    0x00, 0x48, 0x85, 0xf6, 0x75, 0xce, 0x48, 0x8d, 0x4f, 0x08, 0xe8, 0x15,
    0xa0, 0x4f, 0x00, 0x48, 0x89, 0xf9, 0xe8, 0xfd, 0x1c, 0x99, 0x00, 0x48,
    0x8b, 0x84, 0x24, 0x38, 0x03, 0x00, 0x00, 0x45, 0x31, 0xc0, 0x48, 0xc7,
    0x84, 0x24, 0xd0, 0x00, 0x00, 0x00, 0x00, 0x00, 0x00, 0x00, 0x48, 0x8d,
    0xbc, 0x24, 0xd0, 0x00, 0x00, 0x00, 0x48, 0xc7, 0x44, 0x24, 0x50, 0x00,
    0x00, 0x00, 0x00, 0x48, 0x8d, 0x57, 0x01, 0x48, 0x89, 0xf9, 0x48, 0xc7,
    0x44, 0x24, 0x58, 0x00, 0x00, 0x00, 0x00, 0x48, 0xc7, 0x44, 0x24, 0x60,
    0x00, 0x00, 0x00, 0x00, 0x48, 0x89, 0x44, 0x24, 0x48, 0x48, 0xc7, 0x84,
    0x24, 0xe0, 0x00, 0x00, 0x00, 0x01, 0x00, 0x00, 0x00, 0xc6, 0x84, 0x24,
    0xd0, 0x00, 0x00, 0x00, 0x3b, 0xe8, 0x4e, 0xf7, 0xff, 0xff, 0x4c, 0x8b,
    0x84, 0x24, 0xe0, 0x00, 0x00, 0x00, 0x48, 0x8d, 0x8c, 0x24, 0x90, 0x00,
    0x00, 0x00, 0x48, 0x89, 0xfa, 0x48, 0xc7, 0x84, 0x24, 0x90, 0x00, 0x00,
    0x00, 0x00, 0x00, 0x00, 0x00, 0x49, 0x83, 0xf8, 0x10, 0x4c, 0x89, 0x84,
    0x24, 0xa0, 0x00, 0x00, 0x00, 0x0f, 0x87, 0xc9, 0x04, 0x00, 0x00, 0xe8,
    0xb0, 0x8a, 0x63, 0x00, 0x4c, 0x8b, 0x84, 0x24, 0xa0, 0x00, 0x00, 0x00,
    0x48, 0xc7, 0x84, 0x24, 0xb0, 0x00, 0x00, 0x00, 0x00, 0x00, 0x00, 0x00,
    0x48, 0x8d, 0x8c, 0x24, 0xb0, 0x00, 0x00, 0x00, 0x48, 0x8d, 0x94, 0x24,
    0x90, 0x00, 0x00, 0x00, 0x49, 0x83, 0xf8, 0x10, 0x4c, 0x89, 0x84, 0x24,
    0xc0, 0x00, 0x00, 0x00, 0x0f, 0x87, 0x66, 0x04, 0x00, 0x00, 0xe8, 0x75,
    0x8a, 0x63, 0x00, 0x4c, 0x8b, 0x84, 0x24, 0xc0, 0x00, 0x00, 0x00, 0x48,
    0xc7, 0x84, 0x24, 0xf0, 0x00, 0x00, 0x00, 0x00, 0x00, 0x00, 0x00, 0x49,
    0x83, 0xf8, 0x10, 0x4c, 0x89, 0x84, 0x24, 0x00, 0x01, 0x00, 0x00, 0x0f,
    0x87, 0xd3, 0x03, 0x00, 0x00, 0x48, 0x8d, 0xb4, 0x24, 0xf0, 0x00, 0x00,
    0x00, 0x48, 0x8d, 0x94, 0x24, 0xb0, 0x00, 0x00, 0x00, 0x48, 0x89, 0xf1,
    0xe8, 0x37, 0x8a, 0x63, 0x00, 0xc7, 0x84, 0x24, 0x08, 0x01, 0x00, 0x00,
    0x01, 0x00, 0x00, 0x00, 0x48, 0x8d, 0x54, 0x24, 0x48, 0x49, 0x89, 0xf0,
    0x48, 0x8d, 0x4c, 0x24, 0x50, 0xe8, 0x22, 0xc7, 0x74, 0x00, 0x48, 0x83,
    0xbc, 0x24, 0x00, 0x01, 0x00, 0x00, 0x10, 0x76, 0x12, 0x48, 0x8b, 0x8c,
    0x24, 0xf0, 0x00, 0x00, 0x00, 0x48, 0x85, 0xc9, 0x74, 0x05, 0xe8, 0xa5,
    0x1b, 0x99, 0x00, 0x48, 0x83, 0xbc, 0x24, 0xa0, 0x00, 0x00, 0x00, 0x10,
    0x76, 0x12, 0x48, 0x8b, 0x8c, 0x24, 0x90, 0x00, 0x00, 0x00, 0x48, 0x85,
    0xc9, 0x74, 0x05, 0xe8, 0x88, 0x1b, 0x99, 0x00, 0x48, 0x83, 0xbc, 0x24,
    0xe0, 0x00, 0x00, 0x00, 0x10, 0x76, 0x12, 0x48, 0x8b, 0x8c, 0x24, 0xd0,
    0x00, 0x00, 0x00, 0x48, 0x85, 0xc9, 0x74, 0x05, 0xe8, 0x6b, 0x1b, 0x99,
    0x00, 0x4c, 0x8d, 0x74, 0x24, 0x70, 0x48, 0x8b, 0x5c, 0x24, 0x58, 0x48,
    0xc7, 0x44, 0x24, 0x78, 0x00, 0x00, 0x00, 0x00, 0x49, 0x8d, 0x46, 0x10,
    0xc6, 0x84, 0x24, 0x80, 0x00, 0x00, 0x00, 0x00, 0x48, 0x89, 0x44, 0x24,
    0x70, 0x48, 0x8b, 0x44, 0x24, 0x50, 0x48, 0x39, 0xd8, 0x0f, 0x84, 0xb9,
    0x00, 0x00, 0x00, 0x48, 0x89, 0x44, 0x24, 0x28, 0x48, 0x8d, 0x47, 0x10,
    0x4c, 0x8d, 0x7e, 0x10, 0x48, 0x89, 0x44, 0x24, 0x30, 0x48, 0x8b, 0x54,
    0x24, 0x28, 0xb8, 0x6c, 0x74, 0x00, 0x00, 0x49, 0x89, 0xf0, 0x48, 0x89,
    0xf9, 0x4c, 0x89, 0xbc, 0x24, 0xf0, 0x00, 0x00, 0x00, 0x66, 0x0f, 0x28,
    0xdf, 0x41, 0xc7, 0x07, 0x2f, 0x68, 0x65, 0x61, 0x66, 0x41, 0x89, 0x47,
    0x04, 0x41, 0xc6, 0x47, 0x06, 0x68, 0x48, 0xc7, 0x84, 0x24, 0xf8, 0x00,
    0x00, 0x00, 0x07, 0x00, 0x00, 0x00, 0xc6, 0x84, 0x24, 0x07, 0x01, 0x00,
    0x00, 0x00, 0xe8, 0x71, 0x4c, 0x02, 0x00, 0x48, 0x8b, 0x8c, 0x24, 0xd0,
    0x00, 0x00, 0x00, 0x48, 0x3b, 0x4c, 0x24, 0x30, 0x74, 0x05, 0xe8, 0xdd,
    0x1a, 0x99, 0x00, 0x48, 0x8b, 0x8c, 0x24, 0xf0, 0x00, 0x00, 0x00, 0x4c,
    0x39, 0xf9, 0x74, 0x05, 0xe8, 0xcb, 0x1a, 0x99, 0x00, 0x48, 0x8b, 0x54,
    0x24, 0x28, 0x4c, 0x89, 0xf1, 0xe8, 0xfe, 0xa0, 0x90, 0x00, 0x48, 0x8b,
    0x7c, 0x24, 0x58, 0x48, 0x8b, 0x5c, 0x24, 0x50, 0x48, 0x39, 0xdf, 0x74,
    0x1f, 0x48, 0x8b, 0x0b, 0x48, 0x8d, 0x43, 0x10, 0x48, 0x39, 0xc1, 0x74,
    0x05, 0xe8, 0x9e, 0x1a, 0x99, 0x00, 0x48, 0x83, 0xc3, 0x20, 0x48, 0x39,
    0xdf, 0x75, 0xe6, 0x48, 0x8b, 0x5c, 0x24, 0x50, 0x48, 0x85, 0xdb, 0x74,
    0x08, 0x48, 0x89, 0xd9, 0xe8, 0x83, 0x1a, 0x99, 0x00, 0x48, 0x8d, 0x15,
    0x84, 0x59, 0x9a, 0x00, 0x4c, 0x89, 0xf1, 0xe8, 0xa4, 0x39, 0x82, 0x00,
    0x85, 0xc0, 0x0f, 0x84, 0x04, 0x03, 0x00, 0x00, 0x48, 0x8d, 0x8d, 0x80,
    0x01, 0x00, 0x00, 0x4c, 0x89, 0xf2, 0xe8, 0x9d, 0xa0, 0x90, 0x00, 0x48,
    0x8d, 0x9c, 0x24, 0x90, 0x00, 0x00, 0x00, 0x48, 0x89, 0xd9, 0xe8, 0x5d,
    0xe7, 0x0a, 0x00, 0x48, 0xb8, 0xff, 0xff, 0xff, 0xff, 0xff, 0xff, 0xff,
    0x7f, 0x48, 0x39, 0x84, 0x24, 0x98, 0x00, 0x00, 0x00, 0x0f, 0x84, 0xd6,
    0x03, 0x00, 0x00, 0x41, 0xb8, 0x01, 0x00, 0x00, 0x00, 0x48, 0x89, 0xd9,
    0x48, 0x8d, 0x15, 0x43, 0x59, 0x9a, 0x00, 0xe8, 0xd0, 0x9f, 0x90, 0x00,
    0x48, 0x8d, 0xbc, 0x24, 0xb0, 0x00, 0x00, 0x00, 0x48, 0x8d, 0x57, 0x10,
    0x48, 0x89, 0x94, 0x24, 0xb0, 0x00, 0x00, 0x00, 0x48, 0x8b, 0x08, 0x48,
    0x8d, 0x50, 0x10, 0x48, 0x39, 0xd1, 0x0f, 0x84, 0x3a, 0x03, 0x00, 0x00,
    0x48, 0x89, 0x8c, 0x24, 0xb0, 0x00, 0x00, 0x00, 0x48, 0x8b, 0x48, 0x10,
    0x48, 0x89, 0x8c, 0x24, 0xc0, 0x00, 0x00, 0x00, 0x48, 0x8b, 0x48, 0x08,
    0x48, 0x89, 0x8c, 0x24, 0xb8, 0x00, 0x00, 0x00, 0x48, 0x8b, 0x8c, 0x24,
    0x40, 0x03, 0x00, 0x00, 0x48, 0x89, 0x10, 0x48, 0xc7, 0x40, 0x08, 0x00,
    0x00, 0x00, 0x00, 0xc6, 0x40, 0x10, 0x00, 0xe8, 0x48, 0x87, 0x63, 0x00,
    0x48, 0xba, 0xff, 0xff, 0xff, 0xff, 0xff, 0xff, 0xff, 0x7f, 0x48, 0x2b,
    0x94, 0x24, 0xb8, 0x00, 0x00, 0x00, 0x49, 0x89, 0xc0, 0x48, 0x39, 0xd0,
    0x0f, 0x87, 0xc4, 0x04, 0x00, 0x00, 0x48, 0x8b, 0x94, 0x24, 0x40, 0x03,
    0x00, 0x00, 0x48, 0x89, 0xf9, 0xe8, 0x42, 0x9f, 0x90, 0x00, 0x48, 0x8d,
    0x56, 0x10, 0x48, 0x89, 0x94, 0x24, 0xf0, 0x00, 0x00, 0x00, 0x48, 0x8b,
    0x08, 0x48, 0x8d, 0x50, 0x10, 0x48, 0x39, 0xd1, 0x0f, 0x84, 0x97, 0x02,
    0x00, 0x00, 0x48, 0x89, 0x8c, 0x24, 0xf0, 0x00, 0x00, 0x00, 0x48, 0x8b,
    0x48, 0x10, 0x48, 0x89, 0x8c, 0x24, 0x00, 0x01, 0x00, 0x00, 0x48, 0x8b,
    0x48, 0x08, 0x4c, 0x8d, 0x4e, 0x10, 0x4c, 0x8d, 0x85, 0xb0, 0x01, 0x00,
    0x00, 0x48, 0x89, 0x8c, 0x24, 0xf8, 0x00, 0x00, 0x00, 0x48, 0x8d, 0x8d,
    0xa0, 0x01, 0x00, 0x00, 0x48, 0x89, 0x10, 0xc6, 0x40, 0x10, 0x00, 0x48,
    0x8b, 0x94, 0x24, 0xf0, 0x00, 0x00, 0x00, 0x48, 0xc7, 0x40, 0x08, 0x00,
    0x00, 0x00, 0x00, 0x48, 0x8b, 0x85, 0xa0, 0x01, 0x00, 0x00, 0x4c, 0x39,
    0xca, 0x0f, 0x84, 0x78, 0x02, 0x00, 0x00, 0x4c, 0x39, 0xc0, 0x0f, 0x84,
    0xd4, 0x01, 0x00, 0x00, 0xf3, 0x0f, 0x6f, 0x84, 0x24, 0xf8, 0x00, 0x00,
    0x00, 0x48, 0x85, 0xc0, 0x48, 0x89, 0x95, 0xa0, 0x01, 0x00, 0x00, 0x48,
    0x8b, 0x8d, 0xb0, 0x01, 0x00, 0x00, 0x0f, 0x11, 0x85, 0xa8, 0x01, 0x00,
    0x00, 0x0f, 0x84, 0xc4, 0x01, 0x00, 0x00, 0x48, 0x89, 0x84, 0x24, 0xf0,
    0x00, 0x00, 0x00, 0x48, 0x89, 0x8c, 0x24, 0x00, 0x01, 0x00, 0x00, 0x48,
    0xc7, 0x84, 0x24, 0xf8, 0x00, 0x00, 0x00, 0x00, 0x00, 0x00, 0x00, 0x48,
    0x83, 0xc6, 0x10, 0xc6, 0x00, 0x00, 0x48, 0x8b, 0x8c, 0x24, 0xf0, 0x00,
    0x00, 0x00, 0x48, 0x39, 0xf1, 0x74, 0x05, 0xe8, 0xb8, 0x18, 0x99, 0x00,
    0x48, 0x8b, 0x8c, 0x24, 0xb0, 0x00, 0x00, 0x00, 0x48, 0x83, 0xc7, 0x10,
    0x48, 0x39, 0xf9, 0x74, 0x05, 0xe8, 0xa2, 0x18, 0x99, 0x00, 0x48, 0x8b,
    0x8c, 0x24, 0x90, 0x00, 0x00, 0x00, 0x48, 0x83, 0xc3, 0x10, 0x48, 0x39,
    0xd9, 0x74, 0x05, 0xe8, 0x8c, 0x18, 0x99, 0x00, 0x48, 0x89, 0xea, 0x4c,
    0x89, 0xe1, 0xe8, 0x41, 0xb2, 0xff, 0xff, 0x48, 0x8d, 0x45, 0x4c, 0x8b,
    0x10, 0x48, 0x8d, 0x0d, 0x94, 0x57, 0x9a, 0x00, 0xe8, 0x9f, 0x40, 0x64,
    0x00, 0x48, 0x8b, 0x4c, 0x24, 0x70, 0x49, 0x83, 0xc6, 0x10, 0x4c, 0x39,
    0xf1, 0x74, 0x06, 0xe8, 0x5c, 0x18, 0x99, 0x00, 0x90, 0x0f, 0x28, 0xb4,
    0x24, 0xc0, 0x02, 0x00, 0x00, 0x48, 0x89, 0xe8, 0x0f, 0x28, 0xbc, 0x24,
    0xd0, 0x02, 0x00, 0x00, 0x48, 0x81, 0xc4, 0xe8, 0x02, 0x00, 0x00, 0x5b,
    0x5e, 0x5f, 0x5d, 0x41, 0x5c, 0x41, 0x5d, 0x41, 0x5e, 0x41, 0x5f, 0xc3,
    0x4c, 0x89, 0xc1, 0xe8, 0x5c, 0x18, 0x99, 0x00, 0x48, 0x8b, 0x9c, 0x24,
    0xc0, 0x00, 0x00, 0x00, 0x48, 0x89, 0xc1, 0x48, 0x89, 0x84, 0x24, 0xf0,
    0x00, 0x00, 0x00, 0x4c, 0x8b, 0x84, 0x24, 0x00, 0x01, 0x00, 0x00, 0x48,
    0x8b, 0x94, 0x24, 0xb0, 0x00, 0x00, 0x00, 0xe8, 0x4c, 0x86, 0x63, 0x00,
    0x48, 0x83, 0xfb, 0x10, 0xc7, 0x84, 0x24, 0x08, 0x01, 0x00, 0x00, 0x01,
    0x00, 0x00, 0x00, 0x0f, 0x86, 0xa2, 0x00, 0x00, 0x00, 0x48, 0x8b, 0x8c,
    0x24, 0xb0, 0x00, 0x00, 0x00, 0x48, 0x85, 0xc9, 0x0f, 0x84, 0x91, 0x00,
    0x00, 0x00, 0xe8, 0xc9, 0x17, 0x99, 0x00, 0x48, 0x8d, 0xb4, 0x24, 0xf0,
    0x00, 0x00, 0x00, 0xe9, 0xe8, 0xfb, 0xff, 0xff, 0x4c, 0x89, 0xc1, 0xe8,
    0xf4, 0x17, 0x99, 0x00, 0x48, 0x89, 0x84, 0x24, 0xb0, 0x00, 0x00, 0x00,
    0x48, 0x8b, 0x94, 0x24, 0x90, 0x00, 0x00, 0x00, 0x48, 0x89, 0xc1, 0x4c,
    0x8b, 0x84, 0x24, 0xc0, 0x00, 0x00, 0x00, 0xe9, 0x72, 0xfb, 0xff, 0xff,
    0x4c, 0x89, 0xc1, 0xe8, 0xcc, 0x17, 0x99, 0x00, 0x48, 0x89, 0x84, 0x24,
    0x90, 0x00, 0x00, 0x00, 0x48, 0x8b, 0x94, 0x24, 0xd0, 0x00, 0x00, 0x00,
    0x48, 0x89, 0xc1, 0x4c, 0x8b, 0x84, 0x24, 0xa0, 0x00, 0x00, 0x00, 0xe9,
    0x0f, 0xfb, 0xff, 0xff, 0x66, 0x0f, 0x28, 0xce, 0x4c, 0x89, 0xe1, 0xe8,
    0x70, 0xbd, 0xff, 0xff, 0x48, 0x89, 0xc5, 0xe9, 0x0d, 0xff, 0xff, 0xff,
    0xc7, 0x45, 0x4c, 0x03, 0x00, 0x00, 0x00, 0x48, 0x8d, 0x45, 0x4c, 0x0f,
    0xae, 0xf0, 0xe9, 0xd8, 0xfe, 0xff, 0xff, 0x48, 0x89, 0xef, 0xe9, 0x26,
    0xf6, 0xff, 0xff, 0x48, 0x8d, 0xb4, 0x24, 0xf0, 0x00, 0x00, 0x00, 0xe9,
    0x5c, 0xfb, 0xff, 0xff, 0xf3, 0x0f, 0x6f, 0x84, 0x24, 0xf8, 0x00, 0x00,
    0x00, 0x48, 0x89, 0x95, 0xa0, 0x01, 0x00, 0x00, 0x0f, 0x11, 0x85, 0xa8,
    0x01, 0x00, 0x00, 0x48, 0x8d, 0x46, 0x10, 0x48, 0x89, 0x84, 0x24, 0xf0,
    0x00, 0x00, 0x00, 0xe9, 0x3b, 0xfe, 0xff, 0xff, 0x48, 0x8d, 0xb4, 0x24,
    0xf0, 0x00, 0x00, 0x00, 0x49, 0x8d, 0x8c, 0x24, 0xc8, 0x01, 0x00, 0x00,
    0x48, 0x89, 0xf2, 0xe8, 0x70, 0x24, 0x8f, 0x00, 0x48, 0x8b, 0xbc, 0x24,
    0xf0, 0x00, 0x00, 0x00, 0xe9, 0xd8, 0xf5, 0xff, 0xff, 0x48, 0x03, 0x48,
    0xe8, 0x8b, 0x51, 0x20, 0x83, 0xca, 0x04, 0xe8, 0xd4, 0xe8, 0x93, 0x00,
    0xe9, 0x90, 0xf4, 0xff, 0xff, 0x4c, 0x8b, 0x48, 0x10, 0x4c, 0x8b, 0x50,
    0x18, 0x4c, 0x89, 0x8c, 0x24, 0x00, 0x01, 0x00, 0x00, 0x4c, 0x89, 0x94,
    0x24, 0x08, 0x01, 0x00, 0x00, 0xe9, 0x60, 0xfd, 0xff, 0xff, 0x4c, 0x8b,
    0x48, 0x10, 0x4c, 0x8b, 0x50, 0x18, 0x4c, 0x89, 0x8c, 0x24, 0xc0, 0x00,
    0x00, 0x00, 0x4c, 0x89, 0x94, 0x24, 0xc8, 0x00, 0x00, 0x00, 0xe9, 0xbd,
    0xfc, 0xff, 0xff, 0x48, 0x89, 0xf2, 0xe8, 0xdd, 0x9c, 0x90, 0x00, 0x48,
    0x8b, 0x84, 0x24, 0xf0, 0x00, 0x00, 0x00, 0xe9, 0xb3, 0xfd, 0xff, 0xff,
    0x48, 0x89, 0xc3, 0x48, 0x89, 0xf1, 0xe8, 0x45, 0x92, 0x86, 0x00, 0x48,
    0x89, 0xd9, 0xe8, 0x4d, 0x84, 0x62, 0x00, 0x48, 0x89, 0xc6, 0x48, 0x8b,
    0x4c, 0x24, 0x70, 0x49, 0x83, 0xc6, 0x10, 0x4c, 0x39, 0xf1, 0x74, 0x05,
    0xe8, 0x67, 0x16, 0x99, 0x00, 0x48, 0x89, 0xf1, 0xe8, 0x2f, 0x84, 0x62,
    0x00, 0x48, 0x8d, 0x0d, 0x61, 0x55, 0x9a, 0x00, 0xe8, 0xf3, 0x3c, 0x97,
    0x00, 0x48, 0x89, 0xc3, 0x48, 0x8b, 0x55, 0xe8, 0x48, 0x89, 0xac, 0x24,
    0xf0, 0x00, 0x00, 0x00, 0x4c, 0x89, 0xb4, 0x14, 0xf0, 0x00, 0x00, 0x00,
    0x48, 0x8d, 0x8e, 0xc8, 0x00, 0x00, 0x00, 0x49, 0x83, 0xc7, 0x10, 0x4c,
    0x89, 0xbc, 0x24, 0xb8, 0x01, 0x00, 0x00, 0xe8, 0x54, 0xd7, 0x93, 0x00,
    0x48, 0x89, 0xd9, 0xe8, 0xec, 0x83, 0x62, 0x00, 0x48, 0x8d, 0x4e, 0x08,
    0x48, 0x89, 0xc3, 0xe8, 0x00, 0x84, 0x87, 0x00, 0xeb, 0xbe, 0x48, 0x89,
    0xc3, 0x48, 0x89, 0xf1, 0xe8, 0xb3, 0x4f, 0x88, 0x00, 0x48, 0x89, 0xd9,
    0xe8, 0xcb, 0x83, 0x62, 0x00, 0x48, 0x8d, 0x8c, 0x24, 0xb0, 0x00, 0x00,
    0x00, 0x48, 0x89, 0xc3, 0xe8, 0x0b, 0xde, 0x74, 0x00, 0x48, 0x8d, 0x8c,
    0x24, 0x90, 0x00, 0x00, 0x00, 0xe8, 0xfe, 0xdd, 0x74, 0x00, 0x48, 0x89,
    0xf9, 0xe8, 0xf6, 0xdd, 0x74, 0x00, 0x48, 0x8b, 0x7c, 0x24, 0x58, 0x48,
    0x8b, 0x74, 0x24, 0x50, 0x48, 0x39, 0xf7, 0x74, 0x1f, 0x48, 0x8b, 0x0e,
    0x48, 0x8d, 0x46, 0x10, 0x48, 0x39, 0xc1, 0x74, 0x05, 0xe8, 0xb6, 0x15,
    0x99, 0x00, 0x48, 0x83, 0xc6, 0x20, 0x48, 0x39, 0xf7, 0x75, 0xe6, 0x48,
    0x8b, 0x74, 0x24, 0x50, 0x48, 0x85, 0xf6, 0x74, 0xa0, 0x48, 0x89, 0xf1,
    0xe8, 0x9b, 0x15, 0x99, 0x00, 0xeb, 0x96, 0xe8, 0x64, 0x9f, 0x98, 0x00,
    0x48, 0x89, 0xc3, 0xe9, 0x50, 0xff, 0xff, 0xff, 0x48, 0x89, 0xc3, 0xeb,
    0x9c, 0x48, 0x89, 0xc3, 0xeb, 0xa4, 0x48, 0x89, 0xf9, 0x48, 0x89, 0xc3,
    0xe8, 0x87, 0x98, 0x4f, 0x00, 0xe9, 0x67, 0xff, 0xff, 0xff, 0x48, 0x89,
    0xf1, 0x48, 0x89, 0xc3, 0xe8, 0x87, 0xdd, 0x74, 0x00, 0xe9, 0x77, 0xff,
    0xff, 0xff, 0x48, 0x8b, 0x8c, 0x24, 0xf0, 0x00, 0x00, 0x00, 0x49, 0x89,
    0xd5, 0x4c, 0x39, 0xf9, 0x74, 0x0f, 0x48, 0x89, 0x44, 0x24, 0x38, 0xe8,
    0x48, 0x15, 0x99, 0x00, 0x48, 0x8b, 0x44, 0x24, 0x38, 0x48, 0x89, 0xc1,
    0x4c, 0x89, 0xea, 0x48, 0x83, 0xfa, 0x01, 0x74, 0x4d, 0x48, 0x83, 0xfa,
    0x02, 0x74, 0x24, 0x48, 0x89, 0xcb, 0x48, 0x8b, 0x4c, 0x24, 0x70, 0x49,
    0x83, 0xc6, 0x10, 0x4c, 0x39, 0xf1, 0x0f, 0x84, 0x46, 0xff, 0xff, 0xff,
    0xe8, 0x17, 0x15, 0x99, 0x00, 0xe9, 0x3c, 0xff, 0xff, 0xff, 0x48, 0x89,
    0xc1, 0xeb, 0xd0, 0xe8, 0xf8, 0x19, 0x99, 0x00, 0xe8, 0x13, 0x1c, 0x99,
    0x00, 0x48, 0x83, 0x44, 0x24, 0x28, 0x20, 0x48, 0x8b, 0x44, 0x24, 0x28,
    0x48, 0x39, 0xc3, 0x0f, 0x85, 0xb8, 0xf9, 0xff, 0xff, 0xe9, 0x2c, 0xfa,
    0xff, 0xff, 0xe8, 0xd5, 0x19, 0x99, 0x00, 0xe8, 0xf0, 0x1b, 0x99, 0x00,
    0xeb, 0xdb, 0x48, 0x8d, 0x0d, 0xe0, 0x53, 0x9a, 0x00, 0xe8, 0x72, 0x3b,
    0x97, 0x00, 0x48, 0x89, 0xc3, 0x48, 0x89, 0xe9, 0xe8, 0xc7, 0x14, 0x99,
    0x00, 0x48, 0x89, 0xd9, 0xe8, 0x8f, 0x82, 0x62, 0x00, 0x48, 0x89, 0xc6,
    0x48, 0x8b, 0x8c, 0x24, 0x90, 0x00, 0x00, 0x00, 0x48, 0x83, 0xc3, 0x10,
    0x48, 0x39, 0xd9, 0x0f, 0x84, 0x2d, 0xfe, 0xff, 0xff, 0xe8, 0xa2, 0x14,
    0x99, 0x00, 0xe9, 0x23, 0xfe, 0xff, 0xff, 0x48, 0x8b, 0x8c, 0x24, 0xb0,
    0x00, 0x00, 0x00, 0x48, 0x83, 0xc7, 0x10, 0x48, 0x89, 0xc6, 0x48, 0x39,
    0xf9, 0x74, 0xcd, 0xe8, 0x84, 0x14, 0x99, 0x00, 0xeb, 0xc6, 0x48, 0x89,
    0xc3, 0xe9, 0x4c, 0xff, 0xff, 0xff,
};

// 0x14620  1081 bytes  export NewLaunchingOrder (ordinals 37,38)
// status: comment_only  -- call to 0x1BC20 outside the block; call to 0x62F280 outside the block; call to 0x64AEA0 outside the block; call to 0x8F97E0 outside the block (+4 more)
// sha256: c0a66fd036f087385796dcac12804403d7e14493f89416d2e1cb72e17c360bd1
alignas(16) const unsigned char kBytes_14620[1081] = {
    0x41, 0x54, 0x55, 0x57, 0x56, 0x53, 0x48, 0x83, 0xec, 0x20, 0x48, 0x8d,
    0x0d, 0x5e, 0x92, 0x99, 0x00, 0xe8, 0x6a, 0x68, 0x63, 0x00, 0xb9, 0xc0,
    0x02, 0x00, 0x00, 0xe8, 0xc0, 0x3e, 0x98, 0x00, 0x66, 0x0f, 0xef, 0xc0,
    0xf2, 0x0f, 0x10, 0x0d, 0xa4, 0x93, 0x99, 0x00, 0xf2, 0x0f, 0x11, 0x00,
    0x48, 0x8d, 0x88, 0xf8, 0x01, 0x00, 0x00, 0x48, 0x89, 0xc3, 0xc7, 0x40,
    0x08, 0x00, 0x00, 0x00, 0x00, 0xc7, 0x40, 0x0c, 0x00, 0x00, 0x00, 0x00,
    0xf2, 0x0f, 0x11, 0x40, 0x10, 0xc7, 0x40, 0x18, 0x00, 0x00, 0x00, 0x00,
    0xc7, 0x40, 0x1c, 0x00, 0x00, 0x00, 0x00, 0xc6, 0x40, 0x20, 0x00, 0xc6,
    0x40, 0x21, 0x00, 0xc6, 0x40, 0x22, 0x00, 0xc6, 0x40, 0x23, 0x00, 0xf2,
    0x0f, 0x11, 0x40, 0x28, 0xf2, 0x0f, 0x11, 0x40, 0x30, 0xf2, 0x0f, 0x11,
    0x40, 0x38, 0xc6, 0x40, 0x40, 0x00, 0xc6, 0x40, 0x41, 0x00, 0xc7, 0x40,
    0x44, 0x00, 0x00, 0x00, 0x00, 0xc7, 0x40, 0x48, 0x00, 0x00, 0x00, 0x00,
    0xf2, 0x0f, 0x11, 0x40, 0x50, 0xc7, 0x40, 0x58, 0x00, 0x00, 0x00, 0x00,
    0xc6, 0x40, 0x5c, 0x00, 0xf2, 0x0f, 0x11, 0x40, 0x60, 0xc6, 0x40, 0x68,
    0x01, 0xc7, 0x40, 0x6c, 0x01, 0x00, 0x00, 0x00, 0xf2, 0x0f, 0x11, 0x40,
    0x70, 0xf2, 0x0f, 0x11, 0x48, 0x78, 0xc7, 0x80, 0x80, 0x00, 0x00, 0x00,
    0x00, 0x00, 0x00, 0x00, 0xc6, 0x80, 0x84, 0x00, 0x00, 0x00, 0x00, 0xc6,
    0x80, 0x85, 0x00, 0x00, 0x00, 0x00, 0xc6, 0x80, 0x88, 0x00, 0x00, 0x00,
    0x01, 0xc7, 0x80, 0x8c, 0x00, 0x00, 0x00, 0x01, 0x00, 0x00, 0x00, 0xf2,
    0x0f, 0x11, 0x80, 0x90, 0x00, 0x00, 0x00, 0xc6, 0x80, 0x98, 0x00, 0x00,
    0x00, 0x01, 0xc7, 0x80, 0x9c, 0x00, 0x00, 0x00, 0x02, 0x00, 0x00, 0x00,
    0xc6, 0x80, 0xa0, 0x00, 0x00, 0x00, 0x00, 0xc7, 0x80, 0xa8, 0x00, 0x00,
    0x00, 0x00, 0x00, 0x00, 0x00, 0xf2, 0x0f, 0x11, 0x80, 0xb0, 0x00, 0x00,
    0x00, 0xf2, 0x0f, 0x11, 0x80, 0xb8, 0x00, 0x00, 0x00, 0xf2, 0x0f, 0x11,
    0x80, 0xc0, 0x00, 0x00, 0x00, 0xf2, 0x0f, 0x11, 0x80, 0xc8, 0x00, 0x00,
    0x00, 0xc6, 0x80, 0xd0, 0x00, 0x00, 0x00, 0x01, 0xf2, 0x0f, 0x11, 0x80,
    0xd8, 0x00, 0x00, 0x00, 0xc6, 0x80, 0xe0, 0x00, 0x00, 0x00, 0x00, 0xf2,
    0x0f, 0x11, 0x80, 0xe8, 0x00, 0x00, 0x00, 0xf2, 0x0f, 0x11, 0x80, 0xf0,
    0x00, 0x00, 0x00, 0xc6, 0x80, 0xf8, 0x00, 0x00, 0x00, 0x00, 0xc6, 0x80,
    0xf9, 0x00, 0x00, 0x00, 0x00, 0xf2, 0x0f, 0x11, 0x80, 0x00, 0x01, 0x00,
    0x00, 0xc7, 0x80, 0x08, 0x01, 0x00, 0x00, 0x00, 0x00, 0x00, 0x00, 0x48,
    0xc7, 0x80, 0x10, 0x01, 0x00, 0x00, 0x00, 0x00, 0x00, 0x00, 0x48, 0xc7,
    0x80, 0x18, 0x01, 0x00, 0x00, 0x00, 0x00, 0x00, 0x00, 0x48, 0xc7, 0x80,
    0x20, 0x01, 0x00, 0x00, 0x00, 0x00, 0x00, 0x00, 0xc6, 0x80, 0x28, 0x01,
    0x00, 0x00, 0x00, 0xf2, 0x0f, 0x11, 0x80, 0x30, 0x01, 0x00, 0x00, 0xf2,
    0x0f, 0x11, 0x80, 0x38, 0x01, 0x00, 0x00, 0xf2, 0x0f, 0x11, 0x80, 0x40,
    0x01, 0x00, 0x00, 0xf2, 0x0f, 0x11, 0x80, 0x48, 0x01, 0x00, 0x00, 0xc6,
    0x80, 0x50, 0x01, 0x00, 0x00, 0x00, 0xc6, 0x80, 0x58, 0x01, 0x00, 0x00,
    0x00, 0xf2, 0x0f, 0x11, 0x80, 0x60, 0x01, 0x00, 0x00, 0xf2, 0x0f, 0x11,
    0x80, 0x68, 0x01, 0x00, 0x00, 0xc6, 0x80, 0x70, 0x01, 0x00, 0x00, 0x00,
    0xf2, 0x0f, 0x11, 0x80, 0x78, 0x01, 0x00, 0x00, 0x48, 0xc7, 0x80, 0x80,
    0x01, 0x00, 0x00, 0x00, 0x00, 0x00, 0x00, 0x48, 0xc7, 0x80, 0x88, 0x01,
    0x00, 0x00, 0x00, 0x00, 0x00, 0x00, 0x48, 0xc7, 0x80, 0x90, 0x01, 0x00,
    0x00, 0x00, 0x00, 0x00, 0x00, 0x48, 0xc7, 0x80, 0x98, 0x01, 0x00, 0x00,
    0x00, 0x00, 0x00, 0x00, 0x48, 0xc7, 0x80, 0xa0, 0x01, 0x00, 0x00, 0x00,
    0x00, 0x00, 0x00, 0x48, 0xc7, 0x80, 0xa8, 0x01, 0x00, 0x00, 0x00, 0x00,
    0x00, 0x00, 0x48, 0xc7, 0x80, 0xb0, 0x01, 0x00, 0x00, 0x00, 0x00, 0x00,
    0x00, 0x48, 0xc7, 0x80, 0xb8, 0x01, 0x00, 0x00, 0x00, 0x00, 0x00, 0x00,
    0x48, 0xc7, 0x80, 0xc0, 0x01, 0x00, 0x00, 0x00, 0x00, 0x00, 0x00, 0x48,
    0xc7, 0x80, 0xc8, 0x01, 0x00, 0x00, 0x00, 0x00, 0x00, 0x00, 0x48, 0xc7,
    0x80, 0xd0, 0x01, 0x00, 0x00, 0x00, 0x00, 0x00, 0x00, 0x48, 0xc7, 0x80,
    0xd8, 0x01, 0x00, 0x00, 0x00, 0x00, 0x00, 0x00, 0x48, 0xc7, 0x80, 0xe0,
    0x01, 0x00, 0x00, 0x00, 0x00, 0x00, 0x00, 0x48, 0xc7, 0x80, 0xe8, 0x01,
    0x00, 0x00, 0x00, 0x00, 0x00, 0x00, 0x48, 0xc7, 0x80, 0xf0, 0x01, 0x00,
    0x00, 0x00, 0x00, 0x00, 0x00, 0xe8, 0x6e, 0x73, 0x00, 0x00, 0x48, 0x8d,
    0x83, 0x18, 0x02, 0x00, 0x00, 0xc7, 0x83, 0x18, 0x02, 0x00, 0x00, 0x00,
    0x00, 0x00, 0x00, 0x48, 0x89, 0x83, 0x28, 0x02, 0x00, 0x00, 0x48, 0x89,
    0x83, 0x30, 0x02, 0x00, 0x00, 0x48, 0x8d, 0x83, 0x58, 0x02, 0x00, 0x00,
    0x48, 0x89, 0x83, 0x48, 0x02, 0x00, 0x00, 0x48, 0x8d, 0x83, 0x78, 0x02,
    0x00, 0x00, 0x48, 0x89, 0x83, 0x68, 0x02, 0x00, 0x00, 0x48, 0x89, 0xd8,
    0x48, 0xc7, 0x83, 0x20, 0x02, 0x00, 0x00, 0x00, 0x00, 0x00, 0x00, 0x48,
    0xc7, 0x83, 0x38, 0x02, 0x00, 0x00, 0x00, 0x00, 0x00, 0x00, 0xc7, 0x83,
    0x40, 0x02, 0x00, 0x00, 0x00, 0x00, 0x00, 0x00, 0xc7, 0x83, 0x44, 0x02,
    0x00, 0x00, 0x00, 0x00, 0x00, 0x00, 0x48, 0xc7, 0x83, 0x50, 0x02, 0x00,
    0x00, 0x00, 0x00, 0x00, 0x00, 0xc6, 0x83, 0x58, 0x02, 0x00, 0x00, 0x00,
    0x48, 0xc7, 0x83, 0x70, 0x02, 0x00, 0x00, 0x00, 0x00, 0x00, 0x00, 0xc6,
    0x83, 0x78, 0x02, 0x00, 0x00, 0x00, 0xc6, 0x83, 0x88, 0x02, 0x00, 0x00,
    0x00, 0x48, 0xc7, 0x83, 0x90, 0x02, 0x00, 0x00, 0x00, 0x00, 0x00, 0x00,
    0x48, 0xc7, 0x83, 0x98, 0x02, 0x00, 0x00, 0x00, 0x00, 0x00, 0x00, 0x48,
    0xc7, 0x83, 0xa0, 0x02, 0x00, 0x00, 0x00, 0x00, 0x00, 0x00, 0x48, 0xc7,
    0x83, 0xa8, 0x02, 0x00, 0x00, 0x00, 0x00, 0x00, 0x00, 0x48, 0xc7, 0x83,
    0xb0, 0x02, 0x00, 0x00, 0x00, 0x00, 0x00, 0x00, 0x48, 0xc7, 0x83, 0xb8,
    0x02, 0x00, 0x00, 0x00, 0x00, 0x00, 0x00, 0x48, 0x83, 0xc4, 0x20, 0x5b,
    0x5e, 0x5f, 0x5d, 0x41, 0x5c, 0xc3, 0x48, 0x8b, 0xbb, 0xe8, 0x01, 0x00,
    0x00, 0x48, 0x89, 0xc5, 0x48, 0x8b, 0xb3, 0xe0, 0x01, 0x00, 0x00, 0x48,
    0x39, 0xf7, 0x74, 0x13, 0x48, 0x8b, 0x0e, 0x48, 0x85, 0xc9, 0x74, 0x05,
    0xe8, 0xfb, 0x3a, 0x98, 0x00, 0x48, 0x83, 0xc6, 0x08, 0xeb, 0xe8, 0x48,
    0x8b, 0x8b, 0xe0, 0x01, 0x00, 0x00, 0x48, 0x85, 0xc9, 0x74, 0x05, 0xe8,
    0xe4, 0x3a, 0x98, 0x00, 0x48, 0x8d, 0x8b, 0xc8, 0x01, 0x00, 0x00, 0xe8,
    0x08, 0x4e, 0x8e, 0x00, 0x48, 0x8d, 0x8b, 0xb0, 0x01, 0x00, 0x00, 0xe8,
    0x4c, 0x6b, 0x8e, 0x00, 0x4c, 0x8b, 0xa3, 0xa0, 0x01, 0x00, 0x00, 0x48,
    0x8b, 0xb3, 0x98, 0x01, 0x00, 0x00, 0x49, 0x39, 0xf4, 0x74, 0x23, 0x48,
    0x8b, 0x3e, 0x48, 0x85, 0xff, 0x74, 0x15, 0x48, 0x8b, 0x0f, 0x48, 0x85,
    0xc9, 0x74, 0x05, 0xe8, 0xa4, 0x3a, 0x98, 0x00, 0x48, 0x89, 0xf9, 0xe8,
    0x9c, 0x3a, 0x98, 0x00, 0x48, 0x83, 0xc6, 0x08, 0xeb, 0xd8, 0x48, 0x8b,
    0x8b, 0x98, 0x01, 0x00, 0x00, 0x48, 0x85, 0xc9, 0x74, 0x05, 0xe8, 0x85,
    0x3a, 0x98, 0x00, 0x48, 0x8d, 0x8b, 0x80, 0x01, 0x00, 0x00, 0xe8, 0x89,
    0x5f, 0x8e, 0x00, 0x48, 0x8b, 0x8b, 0x10, 0x01, 0x00, 0x00, 0x48, 0x85,
    0xc9, 0x74, 0x05, 0xe8, 0x68, 0x3a, 0x98, 0x00, 0x48, 0x89, 0xd9, 0xe8,
    0x60, 0x3a, 0x98, 0x00, 0x48, 0x89, 0xe9, 0xe8, 0x28, 0xa8, 0x61, 0x00,
    0x90,
};

// 0xcf20  303 bytes  export SetInterpartGap (ordinals 39,40)
// status: comment_only  -- call to 0x60A620 outside the block; call to 0x62F280 outside the block; call to 0x64ABF0 outside the block; call to 0x9984B0 outside the block (+1 more)
// sha256: 6b405e3b70e2907e83a6b03aada4f6d33eb3f3e0fbed49d552153baca41ef413
alignas(16) const unsigned char kBytes_cf20[303] = {
    0x55, 0x57, 0x56, 0x53, 0x48, 0x81, 0xec, 0x98, 0x00, 0x00, 0x00, 0x0f,
    0x29, 0xb4, 0x24, 0x80, 0x00, 0x00, 0x00, 0x48, 0x89, 0xcb, 0x66, 0x0f,
    0x28, 0xf1, 0x48, 0x8d, 0x0d, 0x23, 0xfd, 0x99, 0x00, 0xe8, 0xaa, 0xdc,
    0x63, 0x00, 0x66, 0x0f, 0x2e, 0x35, 0x7a, 0x07, 0x9a, 0x00, 0x72, 0x20,
    0xf2, 0x0f, 0x11, 0x33, 0x0f, 0x28, 0xb4, 0x24, 0x80, 0x00, 0x00, 0x00,
    0x48, 0x81, 0xc4, 0x98, 0x00, 0x00, 0x00, 0x5b, 0x5e, 0x5f, 0x5d, 0xc3,
    0x0f, 0x1f, 0x84, 0x00, 0x00, 0x00, 0x00, 0x00, 0x48, 0x8d, 0x74, 0x24,
    0x60, 0x48, 0x8d, 0x15, 0xfc, 0xfc, 0x99, 0x00, 0x48, 0x89, 0xf1, 0xe8,
    0xcc, 0xdc, 0xff, 0xff, 0x48, 0x8d, 0x7c, 0x24, 0x40, 0x48, 0x8d, 0x15,
    0x20, 0x07, 0x9a, 0x00, 0x48, 0x89, 0xf9, 0xe8, 0xb8, 0xdc, 0xff, 0xff,
    0x48, 0x8d, 0x6c, 0x24, 0x20, 0x48, 0x8d, 0x15, 0xdb, 0xfa, 0x99, 0x00,
    0x48, 0x89, 0xe9, 0xe8, 0xa4, 0xdc, 0xff, 0xff, 0x49, 0x89, 0xf1, 0x49,
    0x89, 0xf8, 0xba, 0xc1, 0x00, 0x00, 0x00, 0x48, 0x89, 0xe9, 0xe8, 0x61,
    0xd6, 0x5f, 0x00, 0x48, 0x8b, 0x4c, 0x24, 0x20, 0x48, 0x83, 0xc5, 0x10,
    0x48, 0x39, 0xe9, 0x74, 0x05, 0xe8, 0xde, 0xb4, 0x98, 0x00, 0x48, 0x8b,
    0x4c, 0x24, 0x40, 0x48, 0x83, 0xc7, 0x10, 0x48, 0x39, 0xf9, 0x74, 0x05,
    0xe8, 0xcb, 0xb4, 0x98, 0x00, 0x48, 0x8b, 0x4c, 0x24, 0x60, 0x48, 0x83,
    0xc6, 0x10, 0x48, 0x39, 0xf1, 0x0f, 0x84, 0x59, 0xff, 0xff, 0xff, 0xe8,
    0xb4, 0xb4, 0x98, 0x00, 0xe9, 0x4f, 0xff, 0xff, 0xff, 0x48, 0x89, 0xc3,
    0x48, 0x8b, 0x4c, 0x24, 0x60, 0x48, 0x83, 0xc6, 0x10, 0x48, 0x39, 0xf1,
    0x74, 0x05, 0xe8, 0x99, 0xb4, 0x98, 0x00, 0x48, 0x89, 0xd9, 0xe8, 0x61,
    0x22, 0x62, 0x00, 0x48, 0x8b, 0x4c, 0x24, 0x20, 0x48, 0x83, 0xc5, 0x10,
    0x48, 0x89, 0xc3, 0x48, 0x39, 0xe9, 0x74, 0x05, 0xe8, 0x7b, 0xb4, 0x98,
    0x00, 0x48, 0x8b, 0x4c, 0x24, 0x40, 0x48, 0x83, 0xc7, 0x10, 0x48, 0x39,
    0xf9, 0x74, 0xc1, 0xe8, 0x68, 0xb4, 0x98, 0x00, 0xeb, 0xba, 0x48, 0x89,
    0xc3, 0xeb, 0xe6,
};

// 0xc1a0  241 bytes  export SetPartAuthorizations (ordinals 41,42)
// status: comment_only  -- call to 0x5C3820 outside the block; call to 0x5C3D90 outside the block; call to 0x5C3F00 outside the block; call to 0x64CFA0 outside the block (+1 more)
// sha256: d32913503e7eb49f33f6bcad796b72196bb35e0421f8fadf1c11a9bb8787cc4d
alignas(16) const unsigned char kBytes_c1a0[241] = {
    0x57, 0x56, 0x53, 0x48, 0x83, 0xec, 0x60, 0x44, 0x89, 0xc6, 0xf2, 0x0f,
    0x11, 0x5c, 0x24, 0x20, 0x45, 0x89, 0xc1, 0x48, 0x89, 0xcb, 0x41, 0x89,
    0xd0, 0x89, 0xd7, 0x48, 0x89, 0xca, 0xf2, 0x0f, 0x11, 0x5c, 0x24, 0x38,
    0x48, 0x8d, 0x0d, 0xb5, 0x09, 0x9a, 0x00, 0xe8, 0xd0, 0x0d, 0x64, 0x00,
    0x85, 0xf6, 0xf2, 0x0f, 0x10, 0x5c, 0x24, 0x38, 0x48, 0x8d, 0x4c, 0x24,
    0x40, 0x74, 0x1b, 0x66, 0x0f, 0xef, 0xc0, 0x66, 0x0f, 0x2e, 0xd8, 0xba,
    0x00, 0x00, 0x00, 0x00, 0x0f, 0x9b, 0xc0, 0x0f, 0x45, 0xc2, 0x84, 0xc0,
    0x0f, 0x85, 0x86, 0x00, 0x00, 0x00, 0x31, 0xd2, 0x85, 0xff, 0x0f, 0x95,
    0xc2, 0x85, 0xf6, 0x75, 0x6d, 0xe8, 0x86, 0x7b, 0x5b, 0x00, 0x48, 0x8b,
    0x44, 0x24, 0x40, 0x48, 0xc7, 0x44, 0x24, 0x40, 0x00, 0x00, 0x00, 0x00,
    0x48, 0x8b, 0x8b, 0x88, 0x01, 0x00, 0x00, 0x48, 0x89, 0x83, 0x88, 0x01,
    0x00, 0x00, 0x48, 0x8b, 0x44, 0x24, 0x48, 0x48, 0xc7, 0x44, 0x24, 0x48,
    0x00, 0x00, 0x00, 0x00, 0x48, 0x85, 0xc9, 0x48, 0x89, 0x83, 0x90, 0x01,
    0x00, 0x00, 0x48, 0x8b, 0x44, 0x24, 0x50, 0x48, 0xc7, 0x44, 0x24, 0x50,
    0x00, 0x00, 0x00, 0x00, 0x48, 0x89, 0x83, 0x98, 0x01, 0x00, 0x00, 0x74,
    0x15, 0xe8, 0x56, 0xc2, 0x98, 0x00, 0x48, 0x8b, 0x4c, 0x24, 0x40, 0x48,
    0x85, 0xc9, 0x74, 0x06, 0xe8, 0x47, 0xc2, 0x98, 0x00, 0x90, 0x48, 0x83,
    0xc4, 0x60, 0x5b, 0x5e, 0x5f, 0xc3, 0x66, 0x0f, 0x28, 0xd3, 0xe8, 0xa5,
    0x75, 0x5b, 0x00, 0xeb, 0x8d, 0x0f, 0x1f, 0x00, 0x31, 0xd2, 0x85, 0xff,
    0x0f, 0x95, 0xc2, 0xe8, 0x74, 0x7c, 0x5b, 0x00, 0xe9, 0x79, 0xff, 0xff,
    0xff,
};

// 0xc420  446 bytes  export SetPartUserString (ordinals 43,44)
// status: comment_only  -- call to 0x1BF40 outside the block; call to 0x62F280 outside the block; call to 0x63F238 outside the block; call to 0x63F6B8 outside the block (+12 more)
// sha256: 4353217e894ff8916d3cdeff104cf789f314018d992d7e4984073af7cc16f475
alignas(16) const unsigned char kBytes_c420[446] = {
    0x55, 0x57, 0x56, 0x53, 0x48, 0x83, 0xec, 0x48, 0x48, 0x89, 0xce, 0x48,
    0x89, 0xd7, 0xe8, 0xed, 0xe6, 0xff, 0xff, 0xc6, 0x44, 0x24, 0x38, 0x00,
    0x48, 0x85, 0xc0, 0x48, 0x89, 0x44, 0x24, 0x30, 0x0f, 0x84, 0x6c, 0x01,
    0x00, 0x00, 0x48, 0x89, 0xc1, 0xe8, 0x72, 0x32, 0x63, 0x00, 0x85, 0xc0,
    0x0f, 0x85, 0x55, 0x01, 0x00, 0x00, 0xc6, 0x44, 0x24, 0x38, 0x01, 0xe8,
    0xe0, 0xfa, 0x00, 0x00, 0x48, 0x85, 0xc0, 0x48, 0x89, 0xc3, 0x0f, 0x84,
    0xb0, 0x00, 0x00, 0x00, 0x41, 0xb8, 0x03, 0x00, 0x00, 0x00, 0x48, 0x89,
    0xc1, 0x48, 0x8d, 0x15, 0x12, 0x04, 0x9a, 0x00, 0xe8, 0x8f, 0xbb, 0x96,
    0x00, 0x41, 0xb8, 0x11, 0x00, 0x00, 0x00, 0x48, 0x89, 0xd9, 0x48, 0x8d,
    0x15, 0x15, 0x07, 0x9a, 0x00, 0xe8, 0x7a, 0xbb, 0x96, 0x00, 0x41, 0xb8,
    0x01, 0x00, 0x00, 0x00, 0x48, 0x89, 0xd9, 0x48, 0x8d, 0x15, 0xd8, 0x06,
    0x9a, 0x00, 0xe8, 0x65, 0xbb, 0x96, 0x00, 0x48, 0x89, 0xf2, 0x48, 0x89,
    0xd9, 0xe8, 0xda, 0xbf, 0x85, 0x00, 0x41, 0xb8, 0x01, 0x00, 0x00, 0x00,
    0x48, 0x89, 0xd9, 0x48, 0x8d, 0x15, 0xb8, 0x06, 0x9a, 0x00, 0xe8, 0x45,
    0xbb, 0x96, 0x00, 0x48, 0x85, 0xff, 0x0f, 0x84, 0xbd, 0x00, 0x00, 0x00,
    0x48, 0x89, 0xf9, 0xe8, 0x5c, 0x2d, 0x63, 0x00, 0x48, 0x89, 0xfa, 0x48,
    0x89, 0xd9, 0x49, 0x89, 0xc0, 0xe8, 0x26, 0xbb, 0x96, 0x00, 0x48, 0x8b,
    0x03, 0x48, 0x8b, 0x40, 0xe8, 0x48, 0x8b, 0xac, 0x03, 0xf0, 0x00, 0x00,
    0x00, 0x48, 0x85, 0xed, 0x0f, 0x84, 0xba, 0x00, 0x00, 0x00, 0x80, 0x7d,
    0x38, 0x00, 0x74, 0x4a, 0x0f, 0xbe, 0x55, 0x43, 0x48, 0x89, 0xd9, 0xe8,
    0xdc, 0xb6, 0x85, 0x00, 0x48, 0x89, 0xc1, 0xe8, 0xd4, 0xb8, 0x85, 0x00,
    0x80, 0x7c, 0x24, 0x38, 0x00, 0x75, 0x5d, 0x48, 0x89, 0xf9, 0xe8, 0x0d,
    0x2d, 0x63, 0x00, 0x4c, 0x8b, 0x86, 0xc0, 0x01, 0x00, 0x00, 0x48, 0x8d,
    0x8e, 0xb8, 0x01, 0x00, 0x00, 0x31, 0xd2, 0x48, 0x89, 0x44, 0x24, 0x20,
    0x49, 0x89, 0xf9, 0xe8, 0x68, 0x27, 0x90, 0x00, 0x90, 0x48, 0x83, 0xc4,
    0x48, 0x5b, 0x5e, 0x5f, 0x5d, 0xc3, 0x48, 0x89, 0xe9, 0xe8, 0x86, 0x9f,
    0x81, 0x00, 0x48, 0x8b, 0x45, 0x00, 0x48, 0x8d, 0x0d, 0xbb, 0xa1, 0x81,
    0x00, 0xba, 0x0a, 0x00, 0x00, 0x00, 0x48, 0x8b, 0x40, 0x30, 0x48, 0x39,
    0xc8, 0x74, 0x99, 0x48, 0x89, 0xe9, 0xff, 0xd0, 0x0f, 0xbe, 0xd0, 0xeb,
    0x8f, 0x0f, 0x1f, 0x00, 0x48, 0x8b, 0x4c, 0x24, 0x30, 0x48, 0x85, 0xc9,
    0x74, 0x99, 0xe8, 0x29, 0x31, 0x63, 0x00, 0xeb, 0x92, 0x48, 0x8b, 0x03,
    0x48, 0x89, 0xd9, 0x48, 0x03, 0x48, 0xe8, 0x8b, 0x51, 0x20, 0x83, 0xca,
    0x01, 0xe8, 0xfa, 0x90, 0x93, 0x00, 0xe9, 0x3f, 0xff, 0xff, 0xff, 0x89,
    0xc1, 0xe8, 0x3e, 0xe6, 0x96, 0x00, 0xb9, 0x01, 0x00, 0x00, 0x00, 0xe8,
    0x34, 0xe6, 0x96, 0x00, 0xe8, 0x8f, 0xc1, 0x96, 0x00, 0x80, 0x7c, 0x24,
    0x38, 0x00, 0x48, 0x89, 0xc3, 0x74, 0x0a, 0x48, 0x8d, 0x4c, 0x24, 0x30,
    0xe8, 0xdb, 0x9b, 0x86, 0x00, 0x48, 0x89, 0xd9, 0xe8, 0xa3, 0x2c, 0x62,
    0x00, 0x90,
};

// 0xccb0  527 bytes  export SetSheetGaps (ordinals 45,46)
// status: comment_only  -- call to 0x1BF40 outside the block; call to 0x1C0C0 outside the block; call to 0x62F280 outside the block; call to 0x63F6B8 outside the block (+7 more)
// sha256: 5664ee26306eb3eadbea2bb5765d9e6e441c738a338ff0c7d8761c5a8c635db9
alignas(16) const unsigned char kBytes_ccb0[527] = {
    0x56, 0x53, 0x48, 0x81, 0xec, 0xb8, 0x00, 0x00, 0x00, 0x0f, 0x29, 0x74,
    0x24, 0x70, 0x0f, 0x29, 0xbc, 0x24, 0x80, 0x00, 0x00, 0x00, 0x44, 0x0f,
    0x29, 0x84, 0x24, 0x90, 0x00, 0x00, 0x00, 0x44, 0x0f, 0x29, 0x8c, 0x24,
    0xa0, 0x00, 0x00, 0x00, 0xf2, 0x0f, 0x10, 0xb4, 0x24, 0xf0, 0x00, 0x00,
    0x00, 0x48, 0x89, 0xce, 0x66, 0x44, 0x0f, 0x28, 0xc9, 0x66, 0x44, 0x0f,
    0x28, 0xc2, 0x66, 0x0f, 0x28, 0xfb, 0xe8, 0x29, 0xde, 0xff, 0xff, 0xc6,
    0x44, 0x24, 0x68, 0x00, 0x48, 0x85, 0xc0, 0x48, 0x89, 0x44, 0x24, 0x60,
    0x0f, 0x84, 0x8e, 0x01, 0x00, 0x00, 0x48, 0x89, 0xc1, 0xe8, 0xae, 0x29,
    0x63, 0x00, 0x85, 0xc0, 0x0f, 0x85, 0x77, 0x01, 0x00, 0x00, 0xc6, 0x44,
    0x24, 0x68, 0x01, 0xe8, 0x1c, 0xf2, 0x00, 0x00, 0x48, 0x85, 0xc0, 0x48,
    0x89, 0xc3, 0x0f, 0x84, 0xf4, 0x00, 0x00, 0x00, 0x41, 0xb8, 0x03, 0x00,
    0x00, 0x00, 0x48, 0x89, 0xc1, 0x48, 0x8d, 0x15, 0x4e, 0xfb, 0x99, 0x00,
    0xe8, 0xcb, 0xb2, 0x96, 0x00, 0x41, 0xb8, 0x0c, 0x00, 0x00, 0x00, 0x48,
    0x89, 0xd9, 0x48, 0x8d, 0x15, 0xe9, 0xfe, 0x99, 0x00, 0xe8, 0xb6, 0xb2,
    0x96, 0x00, 0x41, 0xb8, 0x01, 0x00, 0x00, 0x00, 0x48, 0x89, 0xd9, 0x48,
    0x8d, 0x15, 0x14, 0xfe, 0x99, 0x00, 0xe8, 0xa1, 0xb2, 0x96, 0x00, 0x48,
    0x89, 0xf2, 0x48, 0x89, 0xd9, 0xe8, 0x16, 0xb7, 0x85, 0x00, 0x41, 0xb8,
    0x01, 0x00, 0x00, 0x00, 0x48, 0x89, 0xd9, 0xf2, 0x44, 0x0f, 0x11, 0x4c,
    0x24, 0x20, 0x48, 0x8d, 0x15, 0xed, 0xfd, 0x99, 0x00, 0xe8, 0x7a, 0xb2,
    0x96, 0x00, 0x48, 0x8d, 0x54, 0x24, 0x20, 0x48, 0x89, 0xd9, 0xe8, 0x1d,
    0xf3, 0x00, 0x00, 0x41, 0xb8, 0x01, 0x00, 0x00, 0x00, 0x48, 0x89, 0xd9,
    0xf2, 0x44, 0x0f, 0x11, 0x44, 0x24, 0x30, 0x48, 0x8d, 0x15, 0xc4, 0xfd,
    0x99, 0x00, 0xe8, 0x51, 0xb2, 0x96, 0x00, 0x48, 0x8d, 0x54, 0x24, 0x30,
    0x48, 0x89, 0xd9, 0xe8, 0xf4, 0xf2, 0x00, 0x00, 0x41, 0xb8, 0x01, 0x00,
    0x00, 0x00, 0x48, 0x89, 0xd9, 0xf2, 0x0f, 0x11, 0x7c, 0x24, 0x40, 0x48,
    0x8d, 0x15, 0x9c, 0xfd, 0x99, 0x00, 0xe8, 0x29, 0xb2, 0x96, 0x00, 0x48,
    0x8d, 0x54, 0x24, 0x40, 0x48, 0x89, 0xd9, 0xe8, 0xcc, 0xf2, 0x00, 0x00,
    0x41, 0xb8, 0x01, 0x00, 0x00, 0x00, 0x48, 0x89, 0xd9, 0xf2, 0x0f, 0x11,
    0x74, 0x24, 0x50, 0x48, 0x8d, 0x15, 0x74, 0xfd, 0x99, 0x00, 0xe8, 0x01,
    0xb2, 0x96, 0x00, 0x48, 0x8d, 0x54, 0x24, 0x50, 0x48, 0x89, 0xd9, 0xe8,
    0xa4, 0xf2, 0x00, 0x00, 0x48, 0x89, 0xd9, 0xe8, 0x9c, 0xaa, 0x97, 0x00,
    0x80, 0x7c, 0x24, 0x68, 0x00, 0x75, 0x55, 0xf2, 0x44, 0x0f, 0x11, 0x8e,
    0xf8, 0x00, 0x00, 0x00, 0x44, 0x0f, 0x28, 0x8c, 0x24, 0xa0, 0x00, 0x00,
    0x00, 0xf2, 0x44, 0x0f, 0x11, 0x86, 0x00, 0x01, 0x00, 0x00, 0x44, 0x0f,
    0x28, 0x84, 0x24, 0x90, 0x00, 0x00, 0x00, 0xf2, 0x0f, 0x11, 0xbe, 0x08,
    0x01, 0x00, 0x00, 0x0f, 0x28, 0xbc, 0x24, 0x80, 0x00, 0x00, 0x00, 0xf2,
    0x0f, 0x11, 0xb6, 0x10, 0x01, 0x00, 0x00, 0x0f, 0x28, 0x74, 0x24, 0x70,
    0x48, 0x81, 0xc4, 0xb8, 0x00, 0x00, 0x00, 0x5b, 0x5e, 0xc3, 0x66, 0x2e,
    0x0f, 0x1f, 0x84, 0x00, 0x00, 0x00, 0x00, 0x00, 0x48, 0x8b, 0x4c, 0x24,
    0x60, 0x48, 0x85, 0xc9, 0x74, 0xa1, 0xe8, 0x29, 0x28, 0x63, 0x00, 0xeb,
    0x9a, 0x89, 0xc1, 0xe8, 0x58, 0xdd, 0x96, 0x00, 0xb9, 0x01, 0x00, 0x00,
    0x00, 0xe8, 0x4e, 0xdd, 0x96, 0x00, 0x80, 0x7c, 0x24, 0x68, 0x00, 0x48,
    0x89, 0xc3, 0x74, 0x0a, 0x48, 0x8d, 0x4c, 0x24, 0x60, 0xe8, 0xfa, 0x92,
    0x86, 0x00, 0x48, 0x89, 0xd9, 0xe8, 0xc2, 0x23, 0x62, 0x00, 0x90,
};

// 0x104d0  370 bytes  export WaitComputationTermination (ordinals 47,48)
// status: comment_only  -- call to 0x1BE50 outside the block; call to 0x1BF40 outside the block; call to 0x51BD10 outside the block; call to 0x62F280 outside the block (+10 more)
// sha256: 2eea7d72c4c74208c9f7736d931a61b70123d843e5285478e87d65b737f54ce8
alignas(16) const unsigned char kBytes_104d0[370] = {
    0x57, 0x56, 0x53, 0x48, 0x81, 0xec, 0xf0, 0x01, 0x00, 0x00, 0x48, 0x8d,
    0x05, 0xb8, 0xcd, 0x99, 0x00, 0x48, 0x8d, 0x15, 0xab, 0xcd, 0x99, 0x00,
    0x80, 0x79, 0x48, 0x00, 0x48, 0x8d, 0x5c, 0x24, 0x20, 0x48, 0x89, 0xce,
    0x48, 0x0f, 0x44, 0xd0, 0x48, 0x89, 0xd9, 0xe8, 0x50, 0xa7, 0xff, 0xff,
    0x48, 0x8d, 0x0d, 0x98, 0xcd, 0x99, 0x00, 0x48, 0x89, 0xda, 0xe8, 0x31,
    0xab, 0x63, 0x00, 0x48, 0x8b, 0x4c, 0x24, 0x20, 0x48, 0x8d, 0x43, 0x10,
    0x48, 0x39, 0xc1, 0x74, 0x05, 0xe8, 0x8e, 0x7f, 0x98, 0x00, 0x48, 0x89,
    0xf1, 0xe8, 0x26, 0xb9, 0x00, 0x00, 0x48, 0x8d, 0x0d, 0x89, 0xcd, 0x99,
    0x00, 0x89, 0xc2, 0x89, 0xc7, 0xe8, 0xa6, 0xa7, 0x63, 0x00, 0xe8, 0x01,
    0xba, 0x00, 0x00, 0x48, 0x85, 0xc0, 0x0f, 0x84, 0xc2, 0x00, 0x00, 0x00,
    0x85, 0xff, 0x0f, 0x85, 0xba, 0x00, 0x00, 0x00, 0x41, 0xb8, 0x30, 0x00,
    0x00, 0x00, 0x48, 0x89, 0xd9, 0x48, 0x8d, 0x15, 0x78, 0xcd, 0x99, 0x00,
    0xe8, 0x8b, 0xb1, 0x87, 0x00, 0x48, 0x8d, 0x56, 0x50, 0x41, 0xb8, 0x01,
    0x00, 0x00, 0x00, 0x48, 0x89, 0xd9, 0xe8, 0x99, 0xb7, 0x50, 0x00, 0x48,
    0x8b, 0x05, 0xd2, 0x85, 0x9f, 0x00, 0x48, 0x8d, 0x4b, 0x08, 0x48, 0x8d,
    0x50, 0x18, 0x48, 0x83, 0xc0, 0x40, 0x48, 0x89, 0x84, 0x24, 0xe8, 0x00,
    0x00, 0x00, 0x48, 0x8b, 0x05, 0x57, 0x85, 0x9f, 0x00, 0x48, 0x89, 0x54,
    0x24, 0x20, 0x48, 0x83, 0xc0, 0x10, 0x48, 0x89, 0x44, 0x24, 0x28, 0xe8,
    0x34, 0xd3, 0x86, 0x00, 0x48, 0x8d, 0x4b, 0x50, 0xe8, 0x3b, 0x6f, 0x86,
    0x00, 0x48, 0x8b, 0x05, 0xd4, 0x85, 0x9f, 0x00, 0x48, 0x8d, 0x4b, 0x40,
    0x48, 0x83, 0xc0, 0x10, 0x48, 0x89, 0x44, 0x24, 0x28, 0xe8, 0xf2, 0xa5,
    0x89, 0x00, 0x48, 0x8b, 0x05, 0xcb, 0x7c, 0x9f, 0x00, 0x48, 0x8d, 0x8b,
    0xc8, 0x00, 0x00, 0x00, 0x48, 0x8b, 0x50, 0x08, 0x48, 0x8b, 0x40, 0x10,
    0x48, 0x89, 0x54, 0x24, 0x20, 0x48, 0x8b, 0x52, 0xe8, 0x48, 0x89, 0x44,
    0x14, 0x20, 0x48, 0x8b, 0x05, 0xd7, 0x87, 0x9f, 0x00, 0x48, 0x83, 0xc0,
    0x10, 0x48, 0x89, 0x84, 0x24, 0xe8, 0x00, 0x00, 0x00, 0xe8, 0xd6, 0x3f,
    0x93, 0x00, 0x89, 0xf8, 0x48, 0x81, 0xc4, 0xf0, 0x01, 0x00, 0x00, 0x5b,
    0x5e, 0x5f, 0xc3, 0x48, 0x8b, 0x4c, 0x24, 0x20, 0x48, 0x83, 0xc3, 0x10,
    0x48, 0x89, 0xc6, 0x48, 0x39, 0xd9, 0x74, 0x05, 0xe8, 0x83, 0x7e, 0x98,
    0x00, 0x48, 0x89, 0xf1, 0xe8, 0x4b, 0xec, 0x61, 0x00, 0x48, 0x89, 0xd9,
    0x48, 0x89, 0xc6, 0xe8, 0x20, 0xb8, 0x87, 0x00, 0xeb, 0xeb,
};

// 0x10650  386 bytes  export WaitNextSolution (ordinals 49,50)
// status: comment_only  -- call to 0x1BE60 outside the block; call to 0x1BF40 outside the block; call to 0x51BD10 outside the block; call to 0x62F280 outside the block (+10 more)
// sha256: aaf7611237b22d883d8706cf07c1df615892c2db139566e44d7e5cac4a6c4671
alignas(16) const unsigned char kBytes_10650[386] = {
    0x57, 0x56, 0x53, 0x48, 0x81, 0xec, 0xf0, 0x01, 0x00, 0x00, 0x48, 0x8d,
    0x05, 0x38, 0xcc, 0x99, 0x00, 0x48, 0x8d, 0x15, 0x2b, 0xcc, 0x99, 0x00,
    0x80, 0x79, 0x48, 0x00, 0x48, 0x8d, 0x5c, 0x24, 0x20, 0x48, 0x89, 0xcf,
    0x48, 0x0f, 0x44, 0xd0, 0x48, 0x89, 0xd9, 0xe8, 0xd0, 0xa5, 0xff, 0xff,
    0x48, 0x8d, 0x0d, 0x73, 0xcc, 0x99, 0x00, 0x48, 0x89, 0xda, 0xe8, 0xb1,
    0xa9, 0x63, 0x00, 0x48, 0x8b, 0x4c, 0x24, 0x20, 0x48, 0x8d, 0x43, 0x10,
    0x48, 0x39, 0xc1, 0x74, 0x05, 0xe8, 0x0e, 0x7e, 0x98, 0x00, 0x48, 0x89,
    0xf9, 0xe8, 0xb6, 0xb7, 0x00, 0x00, 0x48, 0x8d, 0x0d, 0x5a, 0xcc, 0x99,
    0x00, 0x89, 0xc2, 0x89, 0xc6, 0xe8, 0x26, 0xa6, 0x63, 0x00, 0xe8, 0x81,
    0xb8, 0x00, 0x00, 0x48, 0x85, 0xc0, 0x74, 0x09, 0x85, 0xf6, 0x74, 0x18,
    0x83, 0xfe, 0x0a, 0x74, 0x13, 0x89, 0xf0, 0x48, 0x81, 0xc4, 0xf0, 0x01,
    0x00, 0x00, 0x5b, 0x5e, 0x5f, 0xc3, 0x66, 0x0f, 0x1f, 0x44, 0x00, 0x00,
    0x41, 0xb8, 0x30, 0x00, 0x00, 0x00, 0x48, 0x89, 0xd9, 0x48, 0x8d, 0x15,
    0xe8, 0xcb, 0x99, 0x00, 0xe8, 0xfb, 0xaf, 0x87, 0x00, 0x48, 0x8d, 0x57,
    0x50, 0x41, 0xb8, 0x01, 0x00, 0x00, 0x00, 0x48, 0x89, 0xd9, 0xe8, 0x09,
    0xb6, 0x50, 0x00, 0x48, 0x8b, 0x05, 0x42, 0x84, 0x9f, 0x00, 0x48, 0x8d,
    0x4b, 0x08, 0x48, 0x8d, 0x50, 0x18, 0x48, 0x83, 0xc0, 0x40, 0x48, 0x89,
    0x84, 0x24, 0xe8, 0x00, 0x00, 0x00, 0x48, 0x8b, 0x05, 0xc7, 0x83, 0x9f,
    0x00, 0x48, 0x89, 0x54, 0x24, 0x20, 0x48, 0x83, 0xc0, 0x10, 0x48, 0x89,
    0x44, 0x24, 0x28, 0xe8, 0xa4, 0xd1, 0x86, 0x00, 0x48, 0x8d, 0x4b, 0x50,
    0xe8, 0xab, 0x6d, 0x86, 0x00, 0x48, 0x8b, 0x05, 0x44, 0x84, 0x9f, 0x00,
    0x48, 0x8d, 0x4b, 0x40, 0x48, 0x83, 0xc0, 0x10, 0x48, 0x89, 0x44, 0x24,
    0x28, 0xe8, 0x62, 0xa4, 0x89, 0x00, 0x48, 0x8b, 0x05, 0x3b, 0x7b, 0x9f,
    0x00, 0x48, 0x8d, 0x8b, 0xc8, 0x00, 0x00, 0x00, 0x48, 0x8b, 0x50, 0x08,
    0x48, 0x8b, 0x40, 0x10, 0x48, 0x89, 0x54, 0x24, 0x20, 0x48, 0x8b, 0x52,
    0xe8, 0x48, 0x89, 0x44, 0x14, 0x20, 0x48, 0x8b, 0x05, 0x47, 0x86, 0x9f,
    0x00, 0x48, 0x83, 0xc0, 0x10, 0x48, 0x89, 0x84, 0x24, 0xe8, 0x00, 0x00,
    0x00, 0xe8, 0x46, 0x3e, 0x93, 0x00, 0x89, 0xf0, 0x48, 0x81, 0xc4, 0xf0,
    0x01, 0x00, 0x00, 0x5b, 0x5e, 0x5f, 0xc3, 0x48, 0x89, 0xd9, 0x48, 0x89,
    0xc6, 0xe8, 0xae, 0xb6, 0x87, 0x00, 0x48, 0x89, 0xf1, 0xe8, 0xc6, 0xea,
    0x61, 0x00, 0x48, 0x8b, 0x4c, 0x24, 0x20, 0x48, 0x83, 0xc3, 0x10, 0x48,
    0x89, 0xc6, 0x48, 0x39, 0xd9, 0x74, 0xe7, 0xe8, 0xe0, 0x7c, 0x98, 0x00,
    0xeb, 0xe0,
};

// 0x2ab0  2134 bytes  export LaunchLocalComputation (ordinals 51,52)
// status: comment_only  -- call to 0x1BF00 outside the block; call to 0x1BF40 outside the block; call to 0x1E70 outside the block; call to 0x1EE50 outside the block (+41 more)
// sha256: 44a46d4bb2d88a5f368416dbbc0167f34bcfd770729f5000d24537039516ba60
alignas(16) const unsigned char kBytes_2ab0[2134] = {
    0x41, 0x57, 0x41, 0x56, 0x41, 0x55, 0x41, 0x54, 0x55, 0x57, 0x56, 0x53,
    0x48, 0x81, 0xec, 0x08, 0x02, 0x00, 0x00, 0x48, 0x89, 0xcd, 0x66, 0x49,
    0x0f, 0x7e, 0xcd, 0xe8, 0x30, 0x94, 0x01, 0x00, 0x84, 0xc0, 0x0f, 0x85,
    0xf1, 0x06, 0x00, 0x00, 0x0f, 0xb6, 0x05, 0x39, 0xc5, 0xb1, 0x00, 0x84,
    0xc0, 0x0f, 0x84, 0xa3, 0x06, 0x00, 0x00, 0x48, 0x8d, 0x0d, 0x32, 0xc5,
    0xb1, 0x00, 0xc6, 0x44, 0x24, 0x38, 0x00, 0x48, 0x89, 0x4c, 0x24, 0x30,
    0xe8, 0xc3, 0xcb, 0x63, 0x00, 0x85, 0xc0, 0x0f, 0x85, 0xf5, 0x07, 0x00,
    0x00, 0xc6, 0x44, 0x24, 0x38, 0x01, 0xe8, 0x31, 0x94, 0x01, 0x00, 0x48,
    0x85, 0xc0, 0x48, 0x89, 0xc3, 0x0f, 0x84, 0x82, 0x00, 0x00, 0x00, 0x41,
    0xb8, 0x03, 0x00, 0x00, 0x00, 0x48, 0x89, 0xc1, 0x48, 0x8d, 0x15, 0x66,
    0x95, 0x9a, 0x00, 0xe8, 0xe0, 0x54, 0x97, 0x00, 0x41, 0xb8, 0x16, 0x00,
    0x00, 0x00, 0x48, 0x89, 0xd9, 0x48, 0x8d, 0x15, 0x32, 0x96, 0x9a, 0x00,
    0xe8, 0xcb, 0x54, 0x97, 0x00, 0x41, 0xb8, 0x01, 0x00, 0x00, 0x00, 0x48,
    0x89, 0xd9, 0x48, 0x8d, 0x15, 0x40, 0x95, 0x9a, 0x00, 0xe8, 0xb6, 0x54,
    0x97, 0x00, 0x66, 0x49, 0x0f, 0x6e, 0xcd, 0x48, 0x89, 0xd9, 0xe8, 0x79,
    0x5d, 0x86, 0x00, 0x48, 0x8b, 0x03, 0x48, 0x8b, 0x40, 0xe8, 0x48, 0x8b,
    0xb4, 0x03, 0xf0, 0x00, 0x00, 0x00, 0x48, 0x85, 0xf6, 0x0f, 0x84, 0x2d,
    0x07, 0x00, 0x00, 0x80, 0x7e, 0x38, 0x00, 0x0f, 0x84, 0x74, 0x06, 0x00,
    0x00, 0x0f, 0xbe, 0x56, 0x43, 0x48, 0x89, 0xd9, 0xe8, 0x5b, 0x50, 0x86,
    0x00, 0x48, 0x89, 0xc1, 0xe8, 0x53, 0x52, 0x86, 0x00, 0x80, 0x7c, 0x24,
    0x38, 0x00, 0x0f, 0x85, 0xca, 0x05, 0x00, 0x00, 0xe8, 0x93, 0x93, 0x01,
    0x00, 0x48, 0x85, 0xc0, 0x0f, 0x84, 0x7b, 0x01, 0x00, 0x00, 0x48, 0x8d,
    0x5c, 0x24, 0x30, 0x48, 0x8d, 0x8b, 0xc8, 0x00, 0x00, 0x00, 0xe8, 0x69,
    0x19, 0x94, 0x00, 0x66, 0x0f, 0xef, 0xc0, 0x48, 0x89, 0xd9, 0x48, 0x8b,
    0x3d, 0xfb, 0x61, 0xa0, 0x00, 0xc6, 0x84, 0x24, 0xd8, 0x01, 0x00, 0x00,
    0x00, 0x31, 0xd2, 0x0f, 0x29, 0x84, 0x24, 0xe0, 0x01, 0x00, 0x00, 0x0f,
    0x29, 0x84, 0x24, 0xf0, 0x01, 0x00, 0x00, 0x48, 0x8d, 0x47, 0x10, 0xc6,
    0x84, 0x24, 0xd9, 0x01, 0x00, 0x00, 0x00, 0x48, 0x89, 0x84, 0x24, 0xf8,
    0x00, 0x00, 0x00, 0x48, 0x8b, 0x05, 0x96, 0x56, 0xa0, 0x00, 0x48, 0xc7,
    0x84, 0x24, 0xd0, 0x01, 0x00, 0x00, 0x00, 0x00, 0x00, 0x00, 0x4c, 0x8b,
    0x60, 0x08, 0x4c, 0x8b, 0x70, 0x10, 0x49, 0x03, 0x4c, 0x24, 0xe8, 0x4c,
    0x89, 0x64, 0x24, 0x30, 0x4c, 0x89, 0x31, 0xe8, 0xa0, 0x28, 0x94, 0x00,
    0x48, 0x8b, 0x35, 0x19, 0x5f, 0xa0, 0x00, 0x48, 0x8d, 0x4b, 0x08, 0x48,
    0x8d, 0x46, 0x18, 0x48, 0x89, 0x44, 0x24, 0x30, 0x48, 0x8d, 0x46, 0x40,
    0x48, 0x89, 0x84, 0x24, 0xf8, 0x00, 0x00, 0x00, 0xe8, 0x9b, 0xc1, 0x87,
    0x00, 0x48, 0x8d, 0x53, 0x08, 0x48, 0x8d, 0x8b, 0xc8, 0x00, 0x00, 0x00,
    0xe8, 0x6b, 0x28, 0x94, 0x00, 0x48, 0x8d, 0x4b, 0x08, 0x41, 0xb8, 0x30,
    0x00, 0x00, 0x00, 0x48, 0x8d, 0x15, 0x13, 0x95, 0x9a, 0x00, 0xe8, 0x15,
    0xa9, 0x87, 0x00, 0x48, 0x85, 0xc0, 0x48, 0x89, 0xd9, 0x48, 0x8b, 0x44,
    0x24, 0x30, 0x0f, 0x84, 0x5d, 0x05, 0x00, 0x00, 0x48, 0x03, 0x48, 0xe8,
    0x31, 0xd2, 0xe8, 0x09, 0x2a, 0x94, 0x00, 0x4c, 0x8d, 0x7c, 0x24, 0x20,
    0x48, 0x89, 0xea, 0x4c, 0x89, 0xf9, 0xe8, 0xa9, 0xc1, 0x01, 0x00, 0x4c,
    0x89, 0xfa, 0x48, 0x89, 0xd9, 0xe8, 0x2e, 0x44, 0x50, 0x00, 0x4c, 0x89,
    0xf9, 0x48, 0x83, 0xc7, 0x10, 0xe8, 0x02, 0xdb, 0x4f, 0x00, 0x48, 0x8d,
    0x46, 0x18, 0x48, 0x83, 0xc6, 0x40, 0x48, 0x89, 0x44, 0x24, 0x30, 0x48,
    0x8b, 0x05, 0x1e, 0x5e, 0xa0, 0x00, 0x48, 0x8d, 0x4b, 0x08, 0x48, 0x89,
    0xb4, 0x24, 0xf8, 0x00, 0x00, 0x00, 0x48, 0x83, 0xc0, 0x10, 0x48, 0x89,
    0x44, 0x24, 0x38, 0xe8, 0xf4, 0xab, 0x87, 0x00, 0x48, 0x8d, 0x4b, 0x50,
    0xe8, 0xfb, 0x47, 0x87, 0x00, 0x48, 0x8b, 0x05, 0x94, 0x5e, 0xa0, 0x00,
    0x48, 0x8d, 0x4b, 0x40, 0x48, 0x83, 0xc0, 0x10, 0x48, 0x89, 0x44, 0x24,
    0x38, 0xe8, 0xb2, 0x7e, 0x8a, 0x00, 0x49, 0x8b, 0x44, 0x24, 0xe8, 0x4c,
    0x89, 0x64, 0x24, 0x30, 0x48, 0x8d, 0x8b, 0xc8, 0x00, 0x00, 0x00, 0x4c,
    0x89, 0x74, 0x04, 0x30, 0x48, 0x89, 0xbc, 0x24, 0xf8, 0x00, 0x00, 0x00,
    0xe8, 0xaf, 0x18, 0x94, 0x00, 0xb9, 0xc8, 0x01, 0x00, 0x00, 0xe8, 0xc5,
    0x57, 0x99, 0x00, 0x41, 0xb9, 0x01, 0x00, 0x00, 0x00, 0x66, 0x49, 0x0f,
    0x6e, 0xd5, 0x48, 0x89, 0xea, 0x48, 0x89, 0xc1, 0x48, 0x89, 0xc7, 0xe8,
    0xdc, 0x00, 0x02, 0x00, 0x48, 0x8b, 0x85, 0xd0, 0x01, 0x00, 0x00, 0x48,
    0x89, 0x7c, 0x24, 0x30, 0x48, 0x3b, 0x85, 0xd8, 0x01, 0x00, 0x00, 0x0f,
    0x84, 0xc9, 0x04, 0x00, 0x00, 0x48, 0x85, 0xc0, 0x0f, 0x84, 0xb8, 0x04,
    0x00, 0x00, 0x48, 0xc7, 0x44, 0x24, 0x30, 0x00, 0x00, 0x00, 0x00, 0x48,
    0x89, 0x38, 0x48, 0x8b, 0x74, 0x24, 0x30, 0x48, 0x83, 0xc0, 0x08, 0x48,
    0x89, 0x85, 0xd0, 0x01, 0x00, 0x00, 0x48, 0x85, 0xf6, 0x0f, 0x84, 0xa9,
    0x03, 0x00, 0x00, 0x48, 0x8b, 0x8e, 0xa0, 0x01, 0x00, 0x00, 0x48, 0x8d,
    0x86, 0xb0, 0x01, 0x00, 0x00, 0x48, 0x39, 0xc1, 0x74, 0x05, 0xe8, 0xfd,
    0x56, 0x99, 0x00, 0x48, 0x8b, 0x8e, 0x80, 0x01, 0x00, 0x00, 0x48, 0x8d,
    0x86, 0x90, 0x01, 0x00, 0x00, 0x48, 0x39, 0xc1, 0x74, 0x05, 0xe8, 0xe5,
    0x56, 0x99, 0x00, 0x48, 0x8d, 0x8e, 0x78, 0x01, 0x00, 0x00, 0xe8, 0x89,
    0x0b, 0x5f, 0x00, 0x48, 0x8b, 0x96, 0x28, 0x01, 0x00, 0x00, 0x48, 0x8d,
    0x8e, 0x18, 0x01, 0x00, 0x00, 0xe8, 0xc6, 0xbe, 0x92, 0x00, 0x4c, 0x8b,
    0xae, 0x00, 0x01, 0x00, 0x00, 0x4c, 0x8b, 0xa6, 0xf8, 0x00, 0x00, 0x00,
    0x4d, 0x39, 0xe5, 0x0f, 0x84, 0x19, 0x01, 0x00, 0x00, 0x49, 0x8b, 0x8c,
    0x24, 0x20, 0x01, 0x00, 0x00, 0x48, 0x85, 0xc9, 0x74, 0x05, 0xe8, 0x9d,
    0x56, 0x99, 0x00, 0x49, 0x8b, 0x8c, 0x24, 0x00, 0x01, 0x00, 0x00, 0x48,
    0x85, 0xc9, 0x74, 0x05, 0xe8, 0x8b, 0x56, 0x99, 0x00, 0x49, 0x8b, 0x8c,
    0x24, 0xb8, 0x00, 0x00, 0x00, 0x48, 0x85, 0xc9, 0x74, 0x05, 0xe8, 0x79,
    0x56, 0x99, 0x00, 0x49, 0x8b, 0x5c, 0x24, 0x78, 0x4d, 0x8d, 0x7c, 0x24,
    0x68, 0x48, 0x85, 0xdb, 0x74, 0x4e, 0x66, 0x2e, 0x0f, 0x1f, 0x84, 0x00,
    0x00, 0x00, 0x00, 0x00, 0x48, 0x8b, 0x53, 0x18, 0x4c, 0x89, 0xf9, 0xe8,
    0x54, 0xbe, 0x92, 0x00, 0x48, 0x8b, 0x4b, 0x40, 0x48, 0x8d, 0x43, 0x50,
    0x4c, 0x8b, 0x73, 0x10, 0x48, 0x39, 0xc1, 0x74, 0x05, 0xe8, 0x3e, 0x56,
    0x99, 0x00, 0x48, 0x8b, 0x4b, 0x20, 0x48, 0x8d, 0x43, 0x30, 0x48, 0x39,
    0xc1, 0x74, 0x05, 0xe8, 0x2c, 0x56, 0x99, 0x00, 0x48, 0x89, 0xd9, 0x4c,
    0x89, 0xf3, 0xe8, 0x21, 0x56, 0x99, 0x00, 0x4d, 0x85, 0xf6, 0x75, 0xbc,
    0x49, 0x8b, 0x4c, 0x24, 0x40, 0x48, 0x85, 0xc9, 0x74, 0x05, 0xe8, 0x0d,
    0x56, 0x99, 0x00, 0x4d, 0x8b, 0x74, 0x24, 0x30, 0x49, 0x8b, 0x5c, 0x24,
    0x28, 0x49, 0x39, 0xde, 0x74, 0x31, 0x48, 0x8b, 0x4b, 0x58, 0x48, 0x8d,
    0x43, 0x68, 0x48, 0x39, 0xc1, 0x74, 0x05, 0xe8, 0xec, 0x55, 0x99, 0x00,
    0x48, 0x8b, 0x0b, 0x48, 0x8d, 0x43, 0x10, 0x48, 0x39, 0xc1, 0x74, 0x05,
    0xe8, 0xdb, 0x55, 0x99, 0x00, 0x48, 0x83, 0xc3, 0x78, 0x49, 0x39, 0xde,
    0x75, 0xd4, 0x49, 0x8b, 0x5c, 0x24, 0x28, 0x48, 0x85, 0xdb, 0x74, 0x08,
    0x48, 0x89, 0xd9, 0xe8, 0xc0, 0x55, 0x99, 0x00, 0x49, 0x8b, 0x0c, 0x24,
    0x49, 0x8d, 0x44, 0x24, 0x10, 0x48, 0x39, 0xc1, 0x74, 0x05, 0xe8, 0xad,
    0x55, 0x99, 0x00, 0x49, 0x81, 0xc4, 0x38, 0x01, 0x00, 0x00, 0x4d, 0x39,
    0xe5, 0x0f, 0x85, 0xee, 0xfe, 0xff, 0xff, 0x4c, 0x8b, 0xa6, 0xf8, 0x00,
    0x00, 0x00, 0x4d, 0x85, 0xe4, 0x74, 0x08, 0x4c, 0x89, 0xe1, 0xe8, 0x89,
    0x55, 0x99, 0x00, 0x48, 0x8d, 0x8e, 0xe8, 0x00, 0x00, 0x00, 0xe8, 0x5d,
    0x30, 0x89, 0x00, 0x48, 0x8d, 0x8e, 0xe0, 0x00, 0x00, 0x00, 0xe8, 0x91,
    0xc7, 0x63, 0x00, 0x48, 0x8d, 0x8e, 0xd8, 0x00, 0x00, 0x00, 0xe8, 0x85,
    0xc7, 0x63, 0x00, 0x48, 0x8d, 0x8e, 0xd0, 0x00, 0x00, 0x00, 0xe8, 0x79,
    0xc7, 0x63, 0x00, 0x48, 0x8d, 0x8e, 0xc8, 0x00, 0x00, 0x00, 0xe8, 0x6d,
    0xc7, 0x63, 0x00, 0x4c, 0x8b, 0xa6, 0xb8, 0x00, 0x00, 0x00, 0x48, 0x8b,
    0x9e, 0xb0, 0x00, 0x00, 0x00, 0x49, 0x39, 0xdc, 0x74, 0x31, 0x66, 0x2e,
    0x0f, 0x1f, 0x84, 0x00, 0x00, 0x00, 0x00, 0x00, 0x48, 0x8b, 0x0b, 0x48,
    0x85, 0xc9, 0x74, 0x0f, 0x48, 0x83, 0x39, 0x00, 0x0f, 0x85, 0x3a, 0x03,
    0x00, 0x00, 0xe8, 0x19, 0x55, 0x99, 0x00, 0x48, 0x83, 0xc3, 0x08, 0x49,
    0x39, 0xdc, 0x75, 0xe0, 0x48, 0x8b, 0x9e, 0xb0, 0x00, 0x00, 0x00, 0x48,
    0x85, 0xdb, 0x74, 0x08, 0x48, 0x89, 0xd9, 0xe8, 0xfc, 0x54, 0x99, 0x00,
    0x48, 0x8b, 0x96, 0x80, 0x00, 0x00, 0x00, 0x48, 0x8d, 0x4e, 0x70, 0xe8,
    0xec, 0xbc, 0x92, 0x00, 0x4c, 0x8b, 0x6e, 0x58, 0x4c, 0x8b, 0x66, 0x50,
    0x4d, 0x39, 0xe5, 0x0f, 0x84, 0x12, 0x01, 0x00, 0x00, 0x49, 0x8b, 0x8c,
    0x24, 0x20, 0x01, 0x00, 0x00, 0x48, 0x85, 0xc9, 0x74, 0x05, 0xe8, 0xc9,
    0x54, 0x99, 0x00, 0x49, 0x8b, 0x8c, 0x24, 0x00, 0x01, 0x00, 0x00, 0x48,
    0x85, 0xc9, 0x74, 0x05, 0xe8, 0xb7, 0x54, 0x99, 0x00, 0x49, 0x8b, 0x8c,
    0x24, 0xb8, 0x00, 0x00, 0x00, 0x48, 0x85, 0xc9, 0x74, 0x05, 0xe8, 0xa5,
    0x54, 0x99, 0x00, 0x49, 0x8b, 0x5c, 0x24, 0x78, 0x4d, 0x8d, 0x7c, 0x24,
    0x68, 0x48, 0x85, 0xdb, 0x74, 0x4a, 0x66, 0x0f, 0x1f, 0x44, 0x00, 0x00,
    0x48, 0x8b, 0x53, 0x18, 0x4c, 0x89, 0xf9, 0xe8, 0x84, 0xbc, 0x92, 0x00,
    0x48, 0x8b, 0x4b, 0x40, 0x48, 0x8d, 0x43, 0x50, 0x4c, 0x8b, 0x73, 0x10,
    0x48, 0x39, 0xc1, 0x74, 0x05, 0xe8, 0x6e, 0x54, 0x99, 0x00, 0x48, 0x8b,
    0x4b, 0x20, 0x48, 0x8d, 0x43, 0x30, 0x48, 0x39, 0xc1, 0x74, 0x05, 0xe8,
    0x5c, 0x54, 0x99, 0x00, 0x48, 0x89, 0xd9, 0x4c, 0x89, 0xf3, 0xe8, 0x51,
    0x54, 0x99, 0x00, 0x4d, 0x85, 0xf6, 0x75, 0xbc, 0x49, 0x8b, 0x4c, 0x24,
    0x40, 0x48, 0x85, 0xc9, 0x74, 0x05, 0xe8, 0x3d, 0x54, 0x99, 0x00, 0x4d,
    0x8b, 0x74, 0x24, 0x30, 0x49, 0x8b, 0x5c, 0x24, 0x28, 0x49, 0x39, 0xde,
    0x74, 0x31, 0x48, 0x8b, 0x4b, 0x58, 0x48, 0x8d, 0x43, 0x68, 0x48, 0x39,
    0xc1, 0x74, 0x05, 0xe8, 0x1c, 0x54, 0x99, 0x00, 0x48, 0x8b, 0x0b, 0x48,
    0x8d, 0x43, 0x10, 0x48, 0x39, 0xc1, 0x74, 0x05, 0xe8, 0x0b, 0x54, 0x99,
    0x00, 0x48, 0x83, 0xc3, 0x78, 0x49, 0x39, 0xde, 0x75, 0xd4, 0x49, 0x8b,
    0x5c, 0x24, 0x28, 0x48, 0x85, 0xdb, 0x74, 0x08, 0x48, 0x89, 0xd9, 0xe8,
    0xf0, 0x53, 0x99, 0x00, 0x49, 0x8b, 0x0c, 0x24, 0x49, 0x8d, 0x44, 0x24,
    0x10, 0x48, 0x39, 0xc1, 0x74, 0x05, 0xe8, 0xdd, 0x53, 0x99, 0x00, 0x49,
    0x81, 0xc4, 0x38, 0x01, 0x00, 0x00, 0x4d, 0x39, 0xe5, 0x0f, 0x85, 0xf2,
    0xfe, 0xff, 0xff, 0x4c, 0x8b, 0x66, 0x50, 0x4d, 0x85, 0xe4, 0x74, 0x08,
    0x4c, 0x89, 0xe1, 0xe8, 0xbc, 0x53, 0x99, 0x00, 0x48, 0x8b, 0x5e, 0x20,
    0x4c, 0x8d, 0x6e, 0x10, 0x48, 0x85, 0xdb, 0x74, 0x32, 0x48, 0x8b, 0x53,
    0x18, 0x4c, 0x89, 0xe9, 0xe8, 0xb3, 0xd7, 0x92, 0x00, 0x48, 0x8b, 0x4b,
    0x20, 0x48, 0x8d, 0x43, 0x30, 0x4c, 0x8b, 0x63, 0x10, 0x48, 0x39, 0xc1,
    0x74, 0x05, 0xe8, 0x8d, 0x53, 0x99, 0x00, 0x48, 0x89, 0xd9, 0x4c, 0x89,
    0xe3, 0xe8, 0x82, 0x53, 0x99, 0x00, 0x4d, 0x85, 0xe4, 0x75, 0xce, 0x48,
    0x8d, 0x4e, 0x08, 0xe8, 0x84, 0xd6, 0x4f, 0x00, 0x48, 0x89, 0xf1, 0xe8,
    0x6c, 0x53, 0x99, 0x00, 0x48, 0x89, 0xfa, 0x48, 0x89, 0xe9, 0xe8, 0x21,
    0xed, 0xff, 0xff, 0x48, 0x8d, 0x0d, 0x47, 0x90, 0x9a, 0x00, 0xe8, 0x45,
    0x7d, 0x64, 0x00, 0x48, 0x89, 0xf8, 0x48, 0x81, 0xc4, 0x08, 0x02, 0x00,
    0x00, 0x5b, 0x5e, 0x5f, 0x5d, 0x41, 0x5c, 0x41, 0x5d, 0x41, 0x5e, 0x41,
    0x5f, 0xc3, 0x48, 0x8b, 0x4c, 0x24, 0x30, 0x48, 0x85, 0xc9, 0x0f, 0x84,
    0x28, 0xfa, 0xff, 0xff, 0xe8, 0x33, 0xc5, 0x63, 0x00, 0xe9, 0x1e, 0xfa,
    0xff, 0xff, 0x48, 0x8d, 0x0d, 0x87, 0xbe, 0xb1, 0x00, 0xe8, 0x0a, 0x5c,
    0x99, 0x00, 0x85, 0xc0, 0x0f, 0x84, 0x49, 0xf9, 0xff, 0xff, 0x48, 0x8d,
    0x0d, 0x7b, 0xbe, 0xb1, 0x00, 0x31, 0xd2, 0xe8, 0x1c, 0xc5, 0x63, 0x00,
    0x48, 0x8d, 0x0d, 0x65, 0xbe, 0xb1, 0x00, 0xe8, 0x28, 0x5d, 0x99, 0x00,
    0x48, 0x8d, 0x0d, 0xf1, 0xe2, 0xff, 0xff, 0xe8, 0x9c, 0xa6, 0x62, 0x00,
    0xe9, 0x1e, 0xf9, 0xff, 0xff, 0x4c, 0x8d, 0x05, 0x69, 0x8f, 0x9a, 0x00,
    0x66, 0x49, 0x0f, 0x6e, 0xdd, 0x48, 0x89, 0xe9, 0x48, 0x8d, 0x15, 0x71,
    0x8f, 0x9a, 0x00, 0xe8, 0x1c, 0x2f, 0x00, 0x00, 0xe9, 0x75, 0xff, 0xff,
    0xff, 0x48, 0x03, 0x48, 0xe8, 0x8b, 0x51, 0x20, 0x83, 0xca, 0x04, 0xe8,
    0xa8, 0x24, 0x94, 0x00, 0xe9, 0x9a, 0xfa, 0xff, 0xff, 0x48, 0x89, 0xf1,
    0xe8, 0xdb, 0x32, 0x82, 0x00, 0x48, 0x8b, 0x06, 0x48, 0x8d, 0x0d, 0x11,
    0x35, 0x82, 0x00, 0xba, 0x0a, 0x00, 0x00, 0x00, 0x48, 0x8b, 0x40, 0x30,
    0x48, 0x39, 0xc8, 0x0f, 0x84, 0x6c, 0xf9, 0xff, 0xff, 0x48, 0x89, 0xf1,
    0xff, 0xd0, 0x0f, 0xbe, 0xd0, 0xe9, 0x5f, 0xf9, 0xff, 0xff, 0x48, 0x89,
    0xfe, 0xe9, 0x51, 0xfb, 0xff, 0xff, 0x48, 0x8d, 0x5c, 0x24, 0x30, 0x48,
    0x8d, 0x8d, 0xc8, 0x01, 0x00, 0x00, 0x48, 0x89, 0xda, 0xe8, 0xd6, 0x5f,
    0x8f, 0x00, 0x48, 0x8b, 0x74, 0x24, 0x30, 0xe9, 0x3e, 0xfb, 0xff, 0xff,
    0x48, 0x89, 0xc6, 0x48, 0x8d, 0x8b, 0xc8, 0x00, 0x00, 0x00, 0x48, 0x83,
    0xc7, 0x10, 0x48, 0x89, 0xbc, 0x24, 0xf8, 0x00, 0x00, 0x00, 0xe8, 0x71,
    0x13, 0x94, 0x00, 0x48, 0x89, 0xf1, 0xe8, 0x09, 0xc0, 0x62, 0x00, 0x48,
    0x8d, 0x4b, 0x08, 0x48, 0x89, 0xc6, 0xe8, 0x1d, 0xc0, 0x87, 0x00, 0x49,
    0x8b, 0x54, 0x24, 0xe8, 0x4c, 0x89, 0x64, 0x24, 0x30, 0x4c, 0x89, 0x74,
    0x14, 0x30, 0xeb, 0xc3, 0x48, 0x89, 0xc6, 0x48, 0x89, 0xd9, 0xe8, 0xd1,
    0xcd, 0x86, 0x00, 0x48, 0x89, 0xf1, 0xe8, 0xd9, 0xbf, 0x62, 0x00, 0x48,
    0x89, 0xc6, 0xeb, 0xd7, 0xe8, 0x9f, 0x54, 0x97, 0x00, 0x4c, 0x89, 0xf9,
    0x48, 0x89, 0xc6, 0xe8, 0x04, 0xd5, 0x4f, 0x00, 0x48, 0x89, 0xd9, 0xe8,
    0x9c, 0x8b, 0x88, 0x00, 0x48, 0x89, 0xf1, 0xe8, 0xb4, 0xbf, 0x62, 0x00,
    0xe8, 0xaf, 0xdb, 0x98, 0x00, 0x48, 0x89, 0xf9, 0x48, 0x89, 0xc3, 0xe8,
    0xd4, 0x51, 0x99, 0x00, 0x48, 0x89, 0xd9, 0xe8, 0x9c, 0xbf, 0x62, 0x00,
    0x80, 0x7c, 0x24, 0x38, 0x00, 0x48, 0x89, 0xc3, 0x74, 0xee, 0x48, 0x8d,
    0x4c, 0x24, 0x30, 0xe8, 0xb8, 0x2e, 0x87, 0x00, 0xeb, 0xe2, 0x89, 0xc1,
    0xe8, 0xef, 0x78, 0x97, 0x00, 0x48, 0x89, 0xc6, 0xeb, 0xb6,
};

// 0x10880  155 bytes  export CancelComputation (ordinals 53,54)
// status: comment_only  -- call to 0x1BE30 outside the block; call to 0x62F280 outside the block; call to 0x64ACE0 outside the block; call to 0x64B040 outside the block (+2 more)
// sha256: 9f3f5817253424fa765c45972c61e6d32b5953f5ce01d219e47138c185bdbe6c
alignas(16) const unsigned char kBytes_10880[155] = {
    0x56, 0x53, 0x48, 0x83, 0xec, 0x48, 0x48, 0x8d, 0x05, 0x0c, 0xca, 0x99,
    0x00, 0x48, 0x8d, 0x15, 0xff, 0xc9, 0x99, 0x00, 0x80, 0x79, 0x48, 0x00,
    0x48, 0x0f, 0x44, 0xd0, 0x48, 0x89, 0xce, 0x48, 0x8d, 0x5c, 0x24, 0x20,
    0x48, 0x8d, 0x43, 0x10, 0x48, 0x89, 0xd9, 0x4c, 0x8d, 0x42, 0x05, 0x48,
    0x89, 0x44, 0x24, 0x20, 0xe8, 0xd7, 0xa2, 0xff, 0xff, 0x48, 0x8d, 0x0d,
    0x8c, 0xca, 0x99, 0x00, 0x48, 0x89, 0xda, 0xe8, 0x78, 0xa7, 0x63, 0x00,
    0x48, 0x8b, 0x4c, 0x24, 0x20, 0x48, 0x83, 0xc3, 0x10, 0x48, 0x39, 0xd9,
    0x74, 0x05, 0xe8, 0xd5, 0x7b, 0x98, 0x00, 0x48, 0x89, 0xf1, 0xe8, 0x4d,
    0xb5, 0x00, 0x00, 0x48, 0x8d, 0x0d, 0x75, 0xca, 0x99, 0x00, 0x89, 0xc3,
    0x89, 0xc2, 0xe8, 0xed, 0xa3, 0x63, 0x00, 0x89, 0xd8, 0x48, 0x83, 0xc4,
    0x48, 0x5b, 0x5e, 0xc3, 0x48, 0x8b, 0x4c, 0x24, 0x20, 0x48, 0x83, 0xc3,
    0x10, 0x48, 0x89, 0xc6, 0x48, 0x39, 0xd9, 0x74, 0x05, 0xe8, 0x9e, 0x7b,
    0x98, 0x00, 0x48, 0x89, 0xf1, 0xe8, 0x66, 0xe9, 0x61, 0x00, 0x90,
};

// 0xb020  52 bytes  export GetPartUserStringEx (ordinals 55,56)
// status: comment_only  -- call to 0x64AEA0 outside the block; jmp to 0x63F228 outside the block
// sha256: 73078a5b4154b917fdd247239b7330908f2908c92e881ec2ff22a42edacc8a6c
alignas(16) const unsigned char kBytes_b020[52] = {
    0x57, 0x56, 0x53, 0x48, 0x83, 0xec, 0x20, 0x48, 0x89, 0xcf, 0x89, 0xd6,
    0x4c, 0x89, 0xc3, 0x48, 0x8d, 0x0d, 0x5c, 0x18, 0x9a, 0x00, 0xe8, 0x65,
    0xfe, 0x63, 0x00, 0x48, 0x8b, 0x97, 0xb8, 0x01, 0x00, 0x00, 0x41, 0x89,
    0xf0, 0x48, 0x89, 0xd9, 0x48, 0x83, 0xc4, 0x20, 0x5b, 0x5e, 0x5f, 0xe9,
    0xd4, 0x41, 0x63, 0x00,
};

// 0xc670  446 bytes  export SetSheetUserString (ordinals 57,58)
// status: comment_only  -- call to 0x1BF40 outside the block; call to 0x62F280 outside the block; call to 0x63F238 outside the block; call to 0x63F6B8 outside the block (+12 more)
// sha256: 62f72cf320cec4bc63074ef88267af25e688446acfbe9c8bbffda2fffe51f7a5
alignas(16) const unsigned char kBytes_c670[446] = {
    0x55, 0x57, 0x56, 0x53, 0x48, 0x83, 0xec, 0x48, 0x48, 0x89, 0xce, 0x48,
    0x89, 0xd7, 0xe8, 0x9d, 0xe4, 0xff, 0xff, 0xc6, 0x44, 0x24, 0x38, 0x00,
    0x48, 0x85, 0xc0, 0x48, 0x89, 0x44, 0x24, 0x30, 0x0f, 0x84, 0x6c, 0x01,
    0x00, 0x00, 0x48, 0x89, 0xc1, 0xe8, 0x22, 0x30, 0x63, 0x00, 0x85, 0xc0,
    0x0f, 0x85, 0x55, 0x01, 0x00, 0x00, 0xc6, 0x44, 0x24, 0x38, 0x01, 0xe8,
    0x90, 0xf8, 0x00, 0x00, 0x48, 0x85, 0xc0, 0x48, 0x89, 0xc3, 0x0f, 0x84,
    0xb0, 0x00, 0x00, 0x00, 0x41, 0xb8, 0x03, 0x00, 0x00, 0x00, 0x48, 0x89,
    0xc1, 0x48, 0x8d, 0x15, 0xc2, 0x01, 0x9a, 0x00, 0xe8, 0x3f, 0xb9, 0x96,
    0x00, 0x41, 0xb8, 0x12, 0x00, 0x00, 0x00, 0x48, 0x89, 0xd9, 0x48, 0x8d,
    0x15, 0x12, 0x05, 0x9a, 0x00, 0xe8, 0x2a, 0xb9, 0x96, 0x00, 0x41, 0xb8,
    0x01, 0x00, 0x00, 0x00, 0x48, 0x89, 0xd9, 0x48, 0x8d, 0x15, 0x88, 0x04,
    0x9a, 0x00, 0xe8, 0x15, 0xb9, 0x96, 0x00, 0x48, 0x89, 0xf2, 0x48, 0x89,
    0xd9, 0xe8, 0x8a, 0xbd, 0x85, 0x00, 0x41, 0xb8, 0x01, 0x00, 0x00, 0x00,
    0x48, 0x89, 0xd9, 0x48, 0x8d, 0x15, 0x68, 0x04, 0x9a, 0x00, 0xe8, 0xf5,
    0xb8, 0x96, 0x00, 0x48, 0x85, 0xff, 0x0f, 0x84, 0xbd, 0x00, 0x00, 0x00,
    0x48, 0x89, 0xf9, 0xe8, 0x0c, 0x2b, 0x63, 0x00, 0x48, 0x89, 0xfa, 0x48,
    0x89, 0xd9, 0x49, 0x89, 0xc0, 0xe8, 0xd6, 0xb8, 0x96, 0x00, 0x48, 0x8b,
    0x03, 0x48, 0x8b, 0x40, 0xe8, 0x48, 0x8b, 0xac, 0x03, 0xf0, 0x00, 0x00,
    0x00, 0x48, 0x85, 0xed, 0x0f, 0x84, 0xba, 0x00, 0x00, 0x00, 0x80, 0x7d,
    0x38, 0x00, 0x74, 0x4a, 0x0f, 0xbe, 0x55, 0x43, 0x48, 0x89, 0xd9, 0xe8,
    0x8c, 0xb4, 0x85, 0x00, 0x48, 0x89, 0xc1, 0xe8, 0x84, 0xb6, 0x85, 0x00,
    0x80, 0x7c, 0x24, 0x38, 0x00, 0x75, 0x5d, 0x48, 0x89, 0xf9, 0xe8, 0xbd,
    0x2a, 0x63, 0x00, 0x4c, 0x8b, 0x86, 0x48, 0x01, 0x00, 0x00, 0x48, 0x8d,
    0x8e, 0x40, 0x01, 0x00, 0x00, 0x31, 0xd2, 0x48, 0x89, 0x44, 0x24, 0x20,
    0x49, 0x89, 0xf9, 0xe8, 0x18, 0x25, 0x90, 0x00, 0x90, 0x48, 0x83, 0xc4,
    0x48, 0x5b, 0x5e, 0x5f, 0x5d, 0xc3, 0x48, 0x89, 0xe9, 0xe8, 0x36, 0x9d,
    0x81, 0x00, 0x48, 0x8b, 0x45, 0x00, 0x48, 0x8d, 0x0d, 0x6b, 0x9f, 0x81,
    0x00, 0xba, 0x0a, 0x00, 0x00, 0x00, 0x48, 0x8b, 0x40, 0x30, 0x48, 0x39,
    0xc8, 0x74, 0x99, 0x48, 0x89, 0xe9, 0xff, 0xd0, 0x0f, 0xbe, 0xd0, 0xeb,
    0x8f, 0x0f, 0x1f, 0x00, 0x48, 0x8b, 0x4c, 0x24, 0x30, 0x48, 0x85, 0xc9,
    0x74, 0x99, 0xe8, 0xd9, 0x2e, 0x63, 0x00, 0xeb, 0x92, 0x48, 0x8b, 0x03,
    0x48, 0x89, 0xd9, 0x48, 0x03, 0x48, 0xe8, 0x8b, 0x51, 0x20, 0x83, 0xca,
    0x01, 0xe8, 0xaa, 0x8e, 0x93, 0x00, 0xe9, 0x3f, 0xff, 0xff, 0xff, 0x89,
    0xc1, 0xe8, 0xee, 0xe3, 0x96, 0x00, 0xb9, 0x01, 0x00, 0x00, 0x00, 0xe8,
    0xe4, 0xe3, 0x96, 0x00, 0xe8, 0x3f, 0xbf, 0x96, 0x00, 0x80, 0x7c, 0x24,
    0x38, 0x00, 0x48, 0x89, 0xc3, 0x74, 0x0a, 0x48, 0x8d, 0x4c, 0x24, 0x30,
    0xe8, 0x8b, 0x99, 0x86, 0x00, 0x48, 0x89, 0xd9, 0xe8, 0x53, 0x2a, 0x62,
    0x00, 0x90,
};

// 0xc830  353 bytes  export GetSheetUserString (ordinals 59,60)
// status: comment_only  -- call to 0x1BF40 outside the block; call to 0x62F280 outside the block; call to 0x63F6B8 outside the block; call to 0x63F6C0 outside the block (+9 more)
// sha256: d53838c48a3437aaf1c371ebb918cce35835fe419fd93e7df8dc535134ad4156
alignas(16) const unsigned char kBytes_c830[353] = {
    0x57, 0x56, 0x53, 0x48, 0x83, 0xec, 0x30, 0x48, 0x89, 0xcf, 0xe8, 0xe1,
    0xe2, 0xff, 0xff, 0xc6, 0x44, 0x24, 0x28, 0x00, 0x48, 0x85, 0xc0, 0x48,
    0x89, 0x44, 0x24, 0x20, 0x0f, 0x84, 0x0c, 0x01, 0x00, 0x00, 0x48, 0x89,
    0xc1, 0xe8, 0x66, 0x2e, 0x63, 0x00, 0x85, 0xc0, 0x0f, 0x85, 0x06, 0x01,
    0x00, 0x00, 0xc6, 0x44, 0x24, 0x28, 0x01, 0xe8, 0xd4, 0xf6, 0x00, 0x00,
    0x48, 0x85, 0xc0, 0x48, 0x89, 0xc3, 0x74, 0x7c, 0x41, 0xb8, 0x03, 0x00,
    0x00, 0x00, 0x48, 0x89, 0xc1, 0x48, 0x8d, 0x15, 0x0a, 0x00, 0x9a, 0x00,
    0xe8, 0x87, 0xb7, 0x96, 0x00, 0x41, 0xb8, 0x12, 0x00, 0x00, 0x00, 0x48,
    0x89, 0xd9, 0x48, 0x8d, 0x15, 0x6d, 0x03, 0x9a, 0x00, 0xe8, 0x72, 0xb7,
    0x96, 0x00, 0x41, 0xb8, 0x01, 0x00, 0x00, 0x00, 0x48, 0x89, 0xd9, 0x48,
    0x8d, 0x15, 0xd0, 0x02, 0x9a, 0x00, 0xe8, 0x5d, 0xb7, 0x96, 0x00, 0x48,
    0x89, 0xfa, 0x48, 0x89, 0xd9, 0xe8, 0xd2, 0xbb, 0x85, 0x00, 0x48, 0x8b,
    0x03, 0x48, 0x8b, 0x40, 0xe8, 0x48, 0x8b, 0xb4, 0x03, 0xf0, 0x00, 0x00,
    0x00, 0x48, 0x85, 0xf6, 0x0f, 0x84, 0x99, 0x00, 0x00, 0x00, 0x80, 0x7e,
    0x38, 0x00, 0x74, 0x34, 0x0f, 0xbe, 0x56, 0x43, 0x48, 0x89, 0xd9, 0xe8,
    0x08, 0xb3, 0x85, 0x00, 0x48, 0x89, 0xc1, 0xe8, 0x00, 0xb5, 0x85, 0x00,
    0x80, 0x7c, 0x24, 0x28, 0x00, 0x75, 0x49, 0x48, 0x8b, 0x87, 0x40, 0x01,
    0x00, 0x00, 0x48, 0x83, 0xc4, 0x30, 0x5b, 0x5e, 0x5f, 0xc3, 0x66, 0x2e,
    0x0f, 0x1f, 0x84, 0x00, 0x00, 0x00, 0x00, 0x00, 0x48, 0x89, 0xf1, 0xe8,
    0xc8, 0x9b, 0x81, 0x00, 0x48, 0x8b, 0x06, 0x48, 0x8d, 0x0d, 0xfe, 0x9d,
    0x81, 0x00, 0xba, 0x0a, 0x00, 0x00, 0x00, 0x48, 0x8b, 0x40, 0x30, 0x48,
    0x39, 0xc8, 0x74, 0xb0, 0x48, 0x89, 0xf1, 0xff, 0xd0, 0x0f, 0xbe, 0xd0,
    0xeb, 0xa6, 0x66, 0x0f, 0x1f, 0x44, 0x00, 0x00, 0x48, 0x8b, 0x4c, 0x24,
    0x20, 0x48, 0x85, 0xc9, 0x74, 0xad, 0xe8, 0x69, 0x2d, 0x63, 0x00, 0x48,
    0x8b, 0x87, 0x40, 0x01, 0x00, 0x00, 0x48, 0x83, 0xc4, 0x30, 0x5b, 0x5e,
    0x5f, 0xc3, 0xb9, 0x01, 0x00, 0x00, 0x00, 0xe8, 0x88, 0xe2, 0x96, 0x00,
    0x89, 0xc1, 0xe8, 0x81, 0xe2, 0x96, 0x00, 0xe8, 0xdc, 0xbd, 0x96, 0x00,
    0x80, 0x7c, 0x24, 0x28, 0x00, 0x48, 0x89, 0xc3, 0x74, 0x0a, 0x48, 0x8d,
    0x4c, 0x24, 0x20, 0xe8, 0x28, 0x98, 0x86, 0x00, 0x48, 0x89, 0xd9, 0xe8,
    0xf0, 0x28, 0x62, 0x00, 0x90,
};

// 0xb060  52 bytes  export GetSheetUserStringEx (ordinals 61,62)
// status: comment_only  -- call to 0x64AEA0 outside the block; jmp to 0x63F228 outside the block
// sha256: 64d45de2b313837c3a5295fccc8cb60c79667071596c9a917053545c1a1c799a
alignas(16) const unsigned char kBytes_b060[52] = {
    0x57, 0x56, 0x53, 0x48, 0x83, 0xec, 0x20, 0x48, 0x89, 0xcf, 0x89, 0xd6,
    0x4c, 0x89, 0xc3, 0x48, 0x8d, 0x0d, 0x30, 0x18, 0x9a, 0x00, 0xe8, 0x25,
    0xfe, 0x63, 0x00, 0x48, 0x8b, 0x97, 0x40, 0x01, 0x00, 0x00, 0x41, 0x89,
    0xf0, 0x48, 0x89, 0xd9, 0x48, 0x83, 0xc4, 0x20, 0x5b, 0x5e, 0x5f, 0xe9,
    0x94, 0x41, 0x63, 0x00,
};

// 0x11120  868 bytes  export SetExtraParameters (ordinals 65,66)
// status: comment_only  -- call to 0x1BF40 outside the block; call to 0x608F60 outside the block; call to 0x62F280 outside the block; call to 0x63F6C0 outside the block (+10 more)
// sha256: 0040454fa3c0a3d0514c6cd4972f4c4e6aa74b145097d96f699c3c496ed4af65
alignas(16) const unsigned char kBytes_11120[868] = {
    0x41, 0x54, 0x55, 0x57, 0x56, 0x53, 0x48, 0x81, 0xec, 0xd0, 0x00, 0x00,
    0x00, 0x48, 0x89, 0xcb, 0x48, 0x89, 0xd5, 0xe8, 0xe8, 0x99, 0xff, 0xff,
    0xc6, 0x84, 0x24, 0x98, 0x00, 0x00, 0x00, 0x00, 0x48, 0x85, 0xc0, 0x48,
    0x89, 0x84, 0x24, 0x90, 0x00, 0x00, 0x00, 0x0f, 0x84, 0xc2, 0x02, 0x00,
    0x00, 0x48, 0x89, 0xc1, 0xe8, 0x67, 0xe5, 0x62, 0x00, 0x85, 0xc0, 0x0f,
    0x85, 0xbc, 0x02, 0x00, 0x00, 0xc6, 0x84, 0x24, 0x98, 0x00, 0x00, 0x00,
    0x01, 0xe8, 0xd2, 0xad, 0x00, 0x00, 0x48, 0x85, 0xc0, 0x48, 0x89, 0xc6,
    0x74, 0x52, 0x41, 0xb8, 0x03, 0x00, 0x00, 0x00, 0x48, 0x89, 0xc1, 0x48,
    0x8d, 0x15, 0x08, 0xb7, 0x99, 0x00, 0xe8, 0x85, 0x6e, 0x96, 0x00, 0x41,
    0xb8, 0x12, 0x00, 0x00, 0x00, 0x48, 0x89, 0xf1, 0x48, 0x8d, 0x15, 0x9a,
    0xc2, 0x99, 0x00, 0xe8, 0x70, 0x6e, 0x96, 0x00, 0x41, 0xb8, 0x01, 0x00,
    0x00, 0x00, 0x48, 0x89, 0xf1, 0x48, 0x8d, 0x15, 0xce, 0xb9, 0x99, 0x00,
    0xe8, 0x5b, 0x6e, 0x96, 0x00, 0x48, 0x89, 0xea, 0x48, 0x89, 0xf1, 0xe8,
    0x00, 0x0f, 0x98, 0x00, 0x48, 0x89, 0xf1, 0xe8, 0xf8, 0x66, 0x97, 0x00,
    0x80, 0xbc, 0x24, 0x98, 0x00, 0x00, 0x00, 0x00, 0x74, 0x0d, 0x48, 0x8d,
    0x8c, 0x24, 0x90, 0x00, 0x00, 0x00, 0xe8, 0xd1, 0x4f, 0x86, 0x00, 0x48,
    0x8d, 0x7c, 0x24, 0x60, 0x48, 0x89, 0xea, 0xc7, 0x44, 0x24, 0x68, 0x00,
    0x00, 0x00, 0x00, 0x48, 0xc7, 0x44, 0x24, 0x70, 0x00, 0x00, 0x00, 0x00,
    0x48, 0x8d, 0x47, 0x08, 0x48, 0x8d, 0x74, 0x24, 0x40, 0x48, 0x89, 0x44,
    0x24, 0x78, 0x48, 0x89, 0xf1, 0x48, 0x89, 0x84, 0x24, 0x80, 0x00, 0x00,
    0x00, 0x48, 0xc7, 0x84, 0x24, 0x88, 0x00, 0x00, 0x00, 0x00, 0x00, 0x00,
    0x00, 0xe8, 0x2e, 0x9a, 0xff, 0xff, 0x48, 0x8d, 0xac, 0x24, 0x90, 0x00,
    0x00, 0x00, 0x48, 0x89, 0xf2, 0x48, 0x89, 0xe9, 0xe8, 0x2b, 0x7d, 0x5f,
    0x00, 0x48, 0x8b, 0x54, 0x24, 0x70, 0x48, 0x89, 0xf9, 0x44, 0x0f, 0xb6,
    0xa4, 0x24, 0x90, 0x00, 0x00, 0x00, 0xe8, 0x75, 0xf6, 0x91, 0x00, 0x48,
    0x8b, 0x94, 0x24, 0xa8, 0x00, 0x00, 0x00, 0x48, 0x8d, 0x47, 0x08, 0x48,
    0xc7, 0x44, 0x24, 0x70, 0x00, 0x00, 0x00, 0x00, 0x48, 0x89, 0x44, 0x24,
    0x78, 0x48, 0x89, 0x84, 0x24, 0x80, 0x00, 0x00, 0x00, 0x48, 0xc7, 0x84,
    0x24, 0x88, 0x00, 0x00, 0x00, 0x00, 0x00, 0x00, 0x00, 0x48, 0x85, 0xd2,
    0x74, 0x62, 0x48, 0x8b, 0x8c, 0x24, 0xb0, 0x00, 0x00, 0x00, 0x48, 0x89,
    0x54, 0x24, 0x70, 0x48, 0x89, 0x4c, 0x24, 0x78, 0x48, 0x8b, 0x8c, 0x24,
    0xb8, 0x00, 0x00, 0x00, 0x48, 0x89, 0x8c, 0x24, 0x80, 0x00, 0x00, 0x00,
    0x48, 0x89, 0x42, 0x08, 0x48, 0x8d, 0x45, 0x10, 0x48, 0x89, 0x84, 0x24,
    0xb0, 0x00, 0x00, 0x00, 0x48, 0x89, 0x84, 0x24, 0xb8, 0x00, 0x00, 0x00,
    0x48, 0x8b, 0x84, 0x24, 0xc0, 0x00, 0x00, 0x00, 0x48, 0xc7, 0x84, 0x24,
    0xa8, 0x00, 0x00, 0x00, 0x00, 0x00, 0x00, 0x00, 0x48, 0xc7, 0x84, 0x24,
    0xc0, 0x00, 0x00, 0x00, 0x00, 0x00, 0x00, 0x00, 0x48, 0x89, 0x84, 0x24,
    0x88, 0x00, 0x00, 0x00, 0x48, 0x8d, 0x4d, 0x08, 0x31, 0xd2, 0x48, 0x83,
    0xc6, 0x10, 0xe8, 0xd1, 0xf5, 0x91, 0x00, 0x48, 0x8b, 0x4c, 0x24, 0x40,
    0x48, 0x39, 0xf1, 0x74, 0x05, 0xe8, 0xb2, 0x71, 0x98, 0x00, 0x45, 0x84,
    0xe4, 0x0f, 0x84, 0xe2, 0x00, 0x00, 0x00, 0x48, 0x8d, 0x8b, 0x10, 0x02,
    0x00, 0x00, 0x48, 0x39, 0xf9, 0x0f, 0x84, 0xd2, 0x00, 0x00, 0x00, 0x48,
    0x8b, 0x83, 0x20, 0x02, 0x00, 0x00, 0x48, 0x89, 0x4c, 0x24, 0x30, 0x48,
    0x8b, 0x93, 0x30, 0x02, 0x00, 0x00, 0x48, 0x85, 0xc0, 0x48, 0x89, 0x44,
    0x24, 0x20, 0x48, 0x89, 0x54, 0x24, 0x28, 0x0f, 0x84, 0xc8, 0x00, 0x00,
    0x00, 0x48, 0x8b, 0x52, 0x10, 0x48, 0xc7, 0x40, 0x08, 0x00, 0x00, 0x00,
    0x00, 0x48, 0x85, 0xd2, 0x74, 0x05, 0x48, 0x89, 0x54, 0x24, 0x28, 0x48,
    0x8b, 0x54, 0x24, 0x70, 0x4c, 0x8d, 0x83, 0x18, 0x02, 0x00, 0x00, 0x48,
    0xc7, 0x83, 0x20, 0x02, 0x00, 0x00, 0x00, 0x00, 0x00, 0x00, 0x4c, 0x89,
    0x83, 0x28, 0x02, 0x00, 0x00, 0x4c, 0x89, 0x83, 0x30, 0x02, 0x00, 0x00,
    0x48, 0xc7, 0x83, 0x38, 0x02, 0x00, 0x00, 0x00, 0x00, 0x00, 0x00, 0x48,
    0x85, 0xd2, 0x74, 0x59, 0x4c, 0x8d, 0x4c, 0x24, 0x20, 0xe8, 0xbe, 0xf0,
    0x91, 0x00, 0x48, 0x89, 0x83, 0x20, 0x02, 0x00, 0x00, 0x48, 0x89, 0xc1,
    0xeb, 0x05, 0x66, 0x90, 0x48, 0x89, 0xd1, 0x48, 0x8b, 0x51, 0x10, 0x48,
    0x85, 0xd2, 0x75, 0xf4, 0x48, 0x89, 0x8b, 0x28, 0x02, 0x00, 0x00, 0xeb,
    0x03, 0x48, 0x89, 0xd0, 0x48, 0x8b, 0x50, 0x18, 0x48, 0x85, 0xd2, 0x75,
    0xf4, 0x48, 0x89, 0x83, 0x30, 0x02, 0x00, 0x00, 0x48, 0x8b, 0x84, 0x24,
    0x88, 0x00, 0x00, 0x00, 0x48, 0x8b, 0x4c, 0x24, 0x30, 0x48, 0x89, 0x83,
    0x38, 0x02, 0x00, 0x00, 0x48, 0x8b, 0x44, 0x24, 0x20, 0x48, 0x89, 0xc2,
    0xe8, 0xd7, 0xf4, 0x91, 0x00, 0x48, 0x8b, 0x54, 0x24, 0x70, 0x48, 0x89,
    0xf9, 0xe8, 0xca, 0xf4, 0x91, 0x00, 0x90, 0x48, 0x81, 0xc4, 0xd0, 0x00,
    0x00, 0x00, 0x5b, 0x5e, 0x5f, 0x5d, 0x41, 0x5c, 0xc3, 0x48, 0xc7, 0x44,
    0x24, 0x28, 0x00, 0x00, 0x00, 0x00, 0xe9, 0x40, 0xff, 0xff, 0xff, 0xb9,
    0x01, 0x00, 0x00, 0x00, 0xe8, 0xd3, 0x97, 0x96, 0x00, 0x89, 0xc1, 0xe8,
    0xcc, 0x97, 0x96, 0x00, 0x80, 0xbc, 0x24, 0x98, 0x00, 0x00, 0x00, 0x00,
    0x48, 0x89, 0xc3, 0x74, 0x0d, 0x48, 0x8d, 0x8c, 0x24, 0x90, 0x00, 0x00,
    0x00, 0xe8, 0x72, 0x4d, 0x86, 0x00, 0x48, 0x89, 0xd9, 0xe8, 0x3a, 0xde,
    0x61, 0x00, 0x48, 0x8b, 0x54, 0x24, 0x20, 0x48, 0x89, 0xc3, 0x48, 0x8b,
    0x4c, 0x24, 0x30, 0xe8, 0x68, 0xf4, 0x91, 0x00, 0x48, 0x8b, 0x54, 0x24,
    0x70, 0x48, 0x89, 0xf9, 0xe8, 0x5b, 0xf4, 0x91, 0x00, 0xeb, 0xd7, 0x48,
    0x8b, 0x4c, 0x24, 0x40, 0x48, 0x83, 0xc6, 0x10, 0x48, 0x89, 0xc3, 0x48,
    0x39, 0xf1, 0x74, 0xe0, 0xe8, 0x33, 0x70, 0x98, 0x00, 0xeb, 0xd9, 0x48,
    0x89, 0xc3, 0xeb, 0xd4,
};

// 0x13c90  411 bytes  export SetSheetPriority (ordinals 67,68)
// status: comment_only  -- call to 0x1BF40 outside the block; call to 0x62D860 outside the block; call to 0x62F280 outside the block; call to 0x63F6B8 outside the block (+12 more)
// sha256: 7b835d6e352f31a6f4ced5b6d87bdb59e32e212b87f4232fd6ad1cf3b6263362
alignas(16) const unsigned char kBytes_13c90[411] = {
    0x55, 0x57, 0x56, 0x53, 0x48, 0x83, 0xec, 0x38, 0x0f, 0xb6, 0x05, 0x41,
    0xb4, 0xb0, 0x00, 0x84, 0xc0, 0x48, 0x89, 0xcd, 0x89, 0xd7, 0x0f, 0x84,
    0xf4, 0x00, 0x00, 0x00, 0x48, 0x8d, 0x0d, 0x35, 0xb4, 0xb0, 0x00, 0xc6,
    0x44, 0x24, 0x28, 0x00, 0x48, 0x89, 0x4c, 0x24, 0x20, 0xe8, 0xfe, 0xb9,
    0x62, 0x00, 0x85, 0xc0, 0x0f, 0x85, 0x38, 0x01, 0x00, 0x00, 0xc6, 0x44,
    0x24, 0x28, 0x01, 0xe8, 0x6c, 0x82, 0x00, 0x00, 0x48, 0x85, 0xc0, 0x48,
    0x89, 0xc3, 0x74, 0x7b, 0x41, 0xb8, 0x03, 0x00, 0x00, 0x00, 0x48, 0x89,
    0xc1, 0x48, 0x8d, 0x15, 0x54, 0x9a, 0x99, 0x00, 0xe8, 0x1f, 0x43, 0x96,
    0x00, 0x41, 0xb8, 0x10, 0x00, 0x00, 0x00, 0x48, 0x89, 0xd9, 0x48, 0x8d,
    0x15, 0xf4, 0x9a, 0x99, 0x00, 0xe8, 0x0a, 0x43, 0x96, 0x00, 0x41, 0xb8,
    0x01, 0x00, 0x00, 0x00, 0x48, 0x89, 0xd9, 0x48, 0x8d, 0x15, 0x2e, 0x9a,
    0x99, 0x00, 0xe8, 0xf5, 0x42, 0x96, 0x00, 0x89, 0xfa, 0x48, 0x89, 0xd9,
    0xe8, 0x4b, 0x52, 0x85, 0x00, 0x48, 0x8b, 0x03, 0x48, 0x8b, 0x40, 0xe8,
    0x48, 0x8b, 0xb4, 0x03, 0xf0, 0x00, 0x00, 0x00, 0x48, 0x85, 0xf6, 0x0f,
    0x84, 0xcc, 0x00, 0x00, 0x00, 0x80, 0x7e, 0x38, 0x00, 0x74, 0x2e, 0x0f,
    0xbe, 0x56, 0x43, 0x48, 0x89, 0xd9, 0xe8, 0xa1, 0x3e, 0x85, 0x00, 0x48,
    0x89, 0xc1, 0xe8, 0x99, 0x40, 0x85, 0x00, 0x80, 0x7c, 0x24, 0x28, 0x00,
    0x0f, 0x85, 0x7e, 0x00, 0x00, 0x00, 0x89, 0xbd, 0x20, 0x01, 0x00, 0x00,
    0x48, 0x83, 0xc4, 0x38, 0x5b, 0x5e, 0x5f, 0x5d, 0xc3, 0x48, 0x89, 0xf1,
    0xe8, 0x67, 0x27, 0x81, 0x00, 0x48, 0x8b, 0x06, 0x48, 0x8d, 0x0d, 0x9d,
    0x29, 0x81, 0x00, 0xba, 0x0a, 0x00, 0x00, 0x00, 0x48, 0x8b, 0x40, 0x30,
    0x48, 0x39, 0xc8, 0x74, 0xb6, 0x48, 0x89, 0xf1, 0xff, 0xd0, 0x0f, 0xbe,
    0xd0, 0xeb, 0xac, 0x0f, 0x1f, 0x44, 0x00, 0x00, 0x48, 0x8d, 0x0d, 0x39,
    0xb3, 0xb0, 0x00, 0xe8, 0xf4, 0x4f, 0x98, 0x00, 0x85, 0xc0, 0x0f, 0x84,
    0xf8, 0xfe, 0xff, 0xff, 0x48, 0x8d, 0x0d, 0x2d, 0xb3, 0xb0, 0x00, 0x31,
    0xd2, 0xe8, 0x06, 0xb9, 0x62, 0x00, 0x48, 0x8d, 0x0d, 0x17, 0xb3, 0xb0,
    0x00, 0xe8, 0x12, 0x51, 0x98, 0x00, 0x48, 0x8d, 0x0d, 0xeb, 0xf4, 0xff,
    0xff, 0xe8, 0x86, 0x9a, 0x61, 0x00, 0xe9, 0xcd, 0xfe, 0xff, 0xff, 0x90,
    0x48, 0x8b, 0x4c, 0x24, 0x20, 0x48, 0x85, 0xc9, 0x0f, 0x84, 0x74, 0xff,
    0xff, 0xff, 0xe8, 0xc5, 0xb8, 0x62, 0x00, 0x89, 0xbd, 0x20, 0x01, 0x00,
    0x00, 0x48, 0x83, 0xc4, 0x38, 0x5b, 0x5e, 0x5f, 0x5d, 0xc3, 0x89, 0xc1,
    0xe8, 0xe7, 0x6d, 0x96, 0x00, 0xe8, 0x42, 0x49, 0x96, 0x00, 0x80, 0x7c,
    0x24, 0x28, 0x00, 0x48, 0x89, 0xc3, 0x74, 0x0a, 0x48, 0x8d, 0x4c, 0x24,
    0x20, 0xe8, 0x8e, 0x23, 0x86, 0x00, 0x48, 0x89, 0xd9, 0xe8, 0x56, 0xb4,
    0x61, 0x00, 0x90,
};

// 0x16b20  353 bytes  export AddNonRectangularPolygonSheet (ordinals 69,70)
// status: comment_only  -- call to 0x157A0 outside the block; call to 0x62F280 outside the block; call to 0x64AEA0 outside the block; call to 0x8ADF30 outside the block (+1 more)
// sha256: 8a42b4444484070069f8e8a6986fde0e0bd259836c7ea7e4f185a8558f4852c8
alignas(16) const unsigned char kBytes_16b20[353] = {
    0x41, 0x55, 0x41, 0x54, 0x55, 0x57, 0x56, 0x53, 0x48, 0x81, 0xec, 0x88,
    0x00, 0x00, 0x00, 0x0f, 0x29, 0x74, 0x24, 0x70, 0x48, 0x89, 0xce, 0x44,
    0x89, 0x44, 0x24, 0x2c, 0x89, 0xd7, 0x4c, 0x89, 0xcb, 0x48, 0x8d, 0x0d,
    0x58, 0x6e, 0x99, 0x00, 0xe8, 0x53, 0x43, 0x63, 0x00, 0x44, 0x8b, 0x44,
    0x24, 0x2c, 0x48, 0xc7, 0x44, 0x24, 0x30, 0x00, 0x00, 0x00, 0x00, 0x48,
    0xc7, 0x44, 0x24, 0x38, 0x00, 0x00, 0x00, 0x00, 0x48, 0xc7, 0x44, 0x24,
    0x40, 0x00, 0x00, 0x00, 0x00, 0x45, 0x85, 0xc0, 0x0f, 0x84, 0xea, 0x00,
    0x00, 0x00, 0x41, 0x8d, 0x68, 0xff, 0x31, 0xc0, 0x45, 0x31, 0xc0, 0x66,
    0x0f, 0xef, 0xf6, 0x4c, 0x8d, 0x6c, 0x24, 0x50, 0x48, 0xc1, 0xe5, 0x04,
    0x4c, 0x8d, 0x64, 0x24, 0x30, 0x48, 0x01, 0xdd, 0xeb, 0x40, 0x66, 0x2e,
    0x0f, 0x1f, 0x84, 0x00, 0x00, 0x00, 0x00, 0x00, 0x4d, 0x85, 0xc0, 0x74,
    0x1a, 0x48, 0x8b, 0x44, 0x24, 0x50, 0x49, 0x89, 0x00, 0x48, 0x8b, 0x44,
    0x24, 0x58, 0x49, 0x89, 0x40, 0x08, 0x48, 0x8b, 0x44, 0x24, 0x60, 0x49,
    0x89, 0x40, 0x10, 0x49, 0x83, 0xc0, 0x18, 0x48, 0x39, 0xeb, 0x4c, 0x89,
    0x44, 0x24, 0x38, 0x74, 0x43, 0x48, 0x8b, 0x44, 0x24, 0x40, 0x48, 0x83,
    0xc3, 0x10, 0xf2, 0x0f, 0x10, 0x03, 0x49, 0x39, 0xc0, 0xf2, 0x0f, 0x11,
    0x74, 0x24, 0x60, 0xf2, 0x0f, 0x11, 0x44, 0x24, 0x50, 0xf2, 0x0f, 0x10,
    0x43, 0x08, 0xf2, 0x0f, 0x11, 0x44, 0x24, 0x58, 0x75, 0xaa, 0x4c, 0x89,
    0xea, 0x4c, 0x89, 0xe1, 0xe8, 0x2f, 0x73, 0x89, 0x00, 0x48, 0x39, 0xeb,
    0x4c, 0x8b, 0x44, 0x24, 0x38, 0x75, 0xc2, 0x0f, 0x1f, 0x44, 0x00, 0x00,
    0x4c, 0x8b, 0x4c, 0x24, 0x30, 0x4d, 0x39, 0xc1, 0x74, 0x43, 0x4d, 0x29,
    0xc8, 0x49, 0xc1, 0xf8, 0x03, 0x45, 0x69, 0xc0, 0xab, 0xaa, 0xaa, 0xaa,
    0x89, 0xfa, 0x48, 0x89, 0xf1, 0xe8, 0x6e, 0xeb, 0xff, 0xff, 0x48, 0x8b,
    0x4c, 0x24, 0x30, 0x48, 0x89, 0xc3, 0x48, 0x85, 0xc9, 0x74, 0x06, 0xe8,
    0x6c, 0x18, 0x98, 0x00, 0x90, 0x0f, 0x28, 0x74, 0x24, 0x70, 0x48, 0x89,
    0xd8, 0x48, 0x81, 0xc4, 0x88, 0x00, 0x00, 0x00, 0x5b, 0x5e, 0x5f, 0x5d,
    0x41, 0x5c, 0x41, 0x5d, 0xc3, 0x45, 0x31, 0xc0, 0x45, 0x31, 0xc9, 0xeb,
    0xc3, 0x48, 0x8b, 0x4c, 0x24, 0x30, 0x48, 0x89, 0xc3, 0x48, 0x85, 0xc9,
    0x74, 0x05, 0xe8, 0x39, 0x18, 0x98, 0x00, 0x48, 0x89, 0xd9, 0xe8, 0x01,
    0x86, 0x61, 0x00, 0xeb, 0xe4,
};

// 0x16970  426 bytes  export AddPolygonDefectToSheet (ordinals 71,72)
// status: comment_only  -- call to 0x1BA30 outside the block; call to 0x23BF0 outside the block; call to 0x62F280 outside the block; call to 0x64AEA0 outside the block (+3 more)
// sha256: 8cab4e140db9e70ac41318aef265ecaa02d47f2ff8b970d48a867fa02704274b
alignas(16) const unsigned char kBytes_16970[426] = {
    0x41, 0x54, 0x55, 0x57, 0x56, 0x53, 0x48, 0x81, 0xec, 0xa0, 0x00, 0x00,
    0x00, 0x0f, 0x29, 0xb4, 0x24, 0x90, 0x00, 0x00, 0x00, 0x89, 0xd3, 0x48,
    0x89, 0xcf, 0x4c, 0x89, 0xc6, 0x48, 0x8d, 0x0d, 0xf0, 0x6f, 0x99, 0x00,
    0xe8, 0x07, 0x45, 0x63, 0x00, 0x85, 0xdb, 0x48, 0xc7, 0x44, 0x24, 0x50,
    0x00, 0x00, 0x00, 0x00, 0x48, 0xc7, 0x44, 0x24, 0x58, 0x00, 0x00, 0x00,
    0x00, 0x48, 0xc7, 0x44, 0x24, 0x60, 0x00, 0x00, 0x00, 0x00, 0x0f, 0x84,
    0x3b, 0x01, 0x00, 0x00, 0x83, 0xeb, 0x01, 0x31, 0xd2, 0x31, 0xc0, 0x66,
    0x0f, 0xef, 0xf6, 0x4c, 0x8d, 0x64, 0x24, 0x70, 0x48, 0xc1, 0xe3, 0x04,
    0x48, 0x8d, 0x6c, 0x24, 0x50, 0x48, 0x01, 0xf3, 0xeb, 0x3f, 0x66, 0x0f,
    0x1f, 0x44, 0x00, 0x00, 0x48, 0x85, 0xc0, 0x74, 0x1d, 0x48, 0x8b, 0x54,
    0x24, 0x70, 0x48, 0x89, 0x10, 0x48, 0x8b, 0x54, 0x24, 0x78, 0x48, 0x89,
    0x50, 0x08, 0x48, 0x8b, 0x94, 0x24, 0x80, 0x00, 0x00, 0x00, 0x48, 0x89,
    0x50, 0x10, 0x48, 0x83, 0xc0, 0x18, 0x48, 0x39, 0xde, 0x48, 0x89, 0x44,
    0x24, 0x58, 0x74, 0x41, 0x48, 0x8b, 0x54, 0x24, 0x60, 0x48, 0x83, 0xc6,
    0x10, 0xf2, 0x0f, 0x11, 0xb4, 0x24, 0x80, 0x00, 0x00, 0x00, 0xf2, 0x0f,
    0x10, 0x06, 0x48, 0x39, 0xd0, 0xf2, 0x0f, 0x11, 0x44, 0x24, 0x70, 0xf2,
    0x0f, 0x10, 0x46, 0x08, 0xf2, 0x0f, 0x11, 0x44, 0x24, 0x78, 0x75, 0xa4,
    0x4c, 0x89, 0xe2, 0x48, 0x89, 0xe9, 0xe8, 0xe9, 0x74, 0x89, 0x00, 0x48,
    0x39, 0xde, 0x48, 0x8b, 0x44, 0x24, 0x58, 0x75, 0xbf, 0x48, 0x8b, 0x74,
    0x24, 0x50, 0x48, 0x39, 0xc6, 0x0f, 0x84, 0x96, 0x00, 0x00, 0x00, 0x48,
    0x29, 0xf0, 0x48, 0xc1, 0xf8, 0x03, 0x69, 0xd8, 0xab, 0xaa, 0xaa, 0xaa,
    0x4c, 0x8d, 0x44, 0x24, 0x40, 0x89, 0xd8, 0x48, 0x89, 0xfa, 0x48, 0x89,
    0x74, 0x24, 0x48, 0x48, 0x8d, 0x0d, 0xb5, 0x6d, 0x99, 0x00, 0x48, 0x89,
    0x44, 0x24, 0x40, 0xe8, 0x84, 0x68, 0x63, 0x00, 0x48, 0x89, 0xf2, 0x89,
    0xd9, 0xe8, 0x9a, 0x4f, 0x00, 0x00, 0xf2, 0x0f, 0x10, 0x1d, 0x2a, 0x6f,
    0x99, 0x00, 0x48, 0x8d, 0x87, 0x60, 0x01, 0x00, 0x00, 0x48, 0x83, 0xc7,
    0x18, 0x48, 0x89, 0xf2, 0x48, 0x89, 0x44, 0x24, 0x30, 0x41, 0xb8, 0x01,
    0x00, 0x00, 0x00, 0x89, 0xd9, 0xf2, 0x0f, 0x59, 0xd8, 0xc7, 0x44, 0x24,
    0x28, 0x00, 0x00, 0x00, 0x00, 0x48, 0x89, 0x7c, 0x24, 0x20, 0xe8, 0x21,
    0xd1, 0x00, 0x00, 0x48, 0x8b, 0x4c, 0x24, 0x50, 0x48, 0x85, 0xc9, 0x74,
    0x06, 0xe8, 0xd2, 0x19, 0x98, 0x00, 0x90, 0x0f, 0x28, 0xb4, 0x24, 0x90,
    0x00, 0x00, 0x00, 0x48, 0x81, 0xc4, 0xa0, 0x00, 0x00, 0x00, 0x5b, 0x5e,
    0x5f, 0x5d, 0x41, 0x5c, 0xc3, 0x31, 0xdb, 0x31, 0xf6, 0xe9, 0x6e, 0xff,
    0xff, 0xff, 0x48, 0x8b, 0x4c, 0x24, 0x50, 0x48, 0x89, 0xc3, 0x48, 0x85,
    0xc9, 0x74, 0x05, 0xe8, 0xa0, 0x19, 0x98, 0x00, 0x48, 0x89, 0xd9, 0xe8,
    0x68, 0x87, 0x61, 0x00, 0xeb, 0xe4,
};

// 0xd370  61 bytes  export SetLocalEngine (ordinals 73,74)
// status: comment_only  -- call to 0x64E630 outside the block
// sha256: ffea491deaa94dbca7da4f49403f5a7686bbc24ee9be6fac2db184ad38e6f779
alignas(16) const unsigned char kBytes_d370[61] = {
    0x56, 0x53, 0x48, 0x83, 0xec, 0x28, 0x48, 0x89, 0xce, 0x89, 0xd3, 0x48,
    0x8d, 0x0d, 0x81, 0xf9, 0x99, 0x00, 0xe8, 0xa9, 0x12, 0x64, 0x00, 0x89,
    0xd8, 0xd1, 0xeb, 0xf7, 0xd0, 0x83, 0xf3, 0x01, 0x88, 0x86, 0x00, 0x02,
    0x00, 0x00, 0x83, 0xe3, 0x01, 0x80, 0xa6, 0x00, 0x02, 0x00, 0x00, 0x01,
    0x88, 0x9e, 0x01, 0x02, 0x00, 0x00, 0x48, 0x83, 0xc4, 0x28, 0x5b, 0x5e,
    0xc3,
};

// 0xd430  36 bytes  export UnLockLaunchingOrder (ordinals 76,77)
// status: comment_only  -- call to 0x64E630 outside the block
// sha256: cdcd88810b89a4be0d17e45b2a1f00b7b01d13defd6c686cc5bb0650bdb42a2d
alignas(16) const unsigned char kBytes_d430[36] = {
    0x56, 0x53, 0x48, 0x83, 0xec, 0x28, 0x48, 0x89, 0xce, 0x89, 0xd3, 0x48,
    0x8d, 0x0d, 0x01, 0xf9, 0x99, 0x00, 0xe8, 0xe9, 0x11, 0x64, 0x00, 0x89,
    0x9e, 0x44, 0x02, 0x00, 0x00, 0x48, 0x83, 0xc4, 0x28, 0x5b, 0x5e, 0xc3,
};

// 0xcec0  45 bytes  export SetObjective (ordinals 78,79)
// status: comment_only  -- call to 0x64ABF0 outside the block
// sha256: 2789d569b95070c5aaa831c42c8ffbdbaa04716b94ebf25f0581773c268c3aaf
alignas(16) const unsigned char kBytes_cec0[45] = {
    0x56, 0x53, 0x48, 0x83, 0xec, 0x28, 0x66, 0x0f, 0xef, 0xc9, 0x89, 0xd0,
    0x48, 0x89, 0xce, 0xf2, 0x48, 0x0f, 0x2a, 0xc8, 0x48, 0x89, 0xc3, 0x48,
    0x8d, 0x0d, 0x6d, 0xfd, 0x99, 0x00, 0xe8, 0x0d, 0xdd, 0x63, 0x00, 0x89,
    0x5e, 0x08, 0x48, 0x83, 0xc4, 0x28, 0x5b, 0x5e, 0xc3,
};

// 0x109c0  388 bytes  export SetDefectGap (ordinals 80,81)
// status: comment_only  -- call to 0x1BF40 outside the block; call to 0x1C0C0 outside the block; call to 0x62F280 outside the block; call to 0x63F6B8 outside the block (+10 more)
// sha256: 913f5c5cdb070d879df5e72a21930b2d9f004f7c4aeb1d9e2e5e662f3df8814e
alignas(16) const unsigned char kBytes_109c0[388] = {
    0x57, 0x56, 0x53, 0x48, 0x83, 0xec, 0x50, 0x0f, 0x29, 0x74, 0x24, 0x40,
    0x48, 0x89, 0xcf, 0x66, 0x0f, 0x28, 0xf1, 0xe8, 0x48, 0xa1, 0xff, 0xff,
    0xc6, 0x44, 0x24, 0x38, 0x00, 0x48, 0x85, 0xc0, 0x48, 0x89, 0x44, 0x24,
    0x30, 0x0f, 0x84, 0x26, 0x01, 0x00, 0x00, 0x48, 0x89, 0xc1, 0xe8, 0xcd,
    0xec, 0x62, 0x00, 0x85, 0xc0, 0x0f, 0x85, 0x20, 0x01, 0x00, 0x00, 0xc6,
    0x44, 0x24, 0x38, 0x01, 0xe8, 0x3b, 0xb5, 0x00, 0x00, 0x48, 0x85, 0xc0,
    0x48, 0x89, 0xc3, 0x0f, 0x84, 0xa4, 0x00, 0x00, 0x00, 0x41, 0xb8, 0x03,
    0x00, 0x00, 0x00, 0x48, 0x89, 0xc1, 0x48, 0x8d, 0x15, 0x6d, 0xbe, 0x99,
    0x00, 0xe8, 0xea, 0x75, 0x96, 0x00, 0x41, 0xb8, 0x0c, 0x00, 0x00, 0x00,
    0x48, 0x89, 0xd9, 0x48, 0x8d, 0x15, 0x6c, 0xc9, 0x99, 0x00, 0xe8, 0xd5,
    0x75, 0x96, 0x00, 0x41, 0xb8, 0x01, 0x00, 0x00, 0x00, 0x48, 0x89, 0xd9,
    0x48, 0x8d, 0x15, 0x33, 0xc1, 0x99, 0x00, 0xe8, 0xc0, 0x75, 0x96, 0x00,
    0x48, 0x89, 0xfa, 0x48, 0x89, 0xd9, 0xe8, 0x35, 0x7a, 0x85, 0x00, 0x41,
    0xb8, 0x01, 0x00, 0x00, 0x00, 0x48, 0x89, 0xd9, 0xf2, 0x0f, 0x11, 0x74,
    0x24, 0x20, 0x48, 0x8d, 0x15, 0x0d, 0xc1, 0x99, 0x00, 0xe8, 0x9a, 0x75,
    0x96, 0x00, 0x48, 0x8d, 0x54, 0x24, 0x20, 0x48, 0x89, 0xd9, 0xe8, 0x3d,
    0xb6, 0x00, 0x00, 0x48, 0x8b, 0x03, 0x48, 0x8b, 0x40, 0xe8, 0x48, 0x8b,
    0xb4, 0x03, 0xf0, 0x00, 0x00, 0x00, 0x48, 0x85, 0xf6, 0x0f, 0x84, 0x87,
    0x00, 0x00, 0x00, 0x80, 0x7e, 0x38, 0x00, 0x74, 0x30, 0x0f, 0xbe, 0x56,
    0x43, 0x48, 0x89, 0xd9, 0xe8, 0x43, 0x71, 0x85, 0x00, 0x48, 0x89, 0xc1,
    0xe8, 0x3b, 0x73, 0x85, 0x00, 0x80, 0x7c, 0x24, 0x38, 0x00, 0x75, 0x44,
    0xf2, 0x0f, 0x11, 0xb7, 0x18, 0x01, 0x00, 0x00, 0x0f, 0x28, 0x74, 0x24,
    0x40, 0x48, 0x83, 0xc4, 0x50, 0x5b, 0x5e, 0x5f, 0xc3, 0x48, 0x89, 0xf1,
    0xe8, 0x07, 0x5a, 0x81, 0x00, 0x48, 0x8b, 0x06, 0x48, 0x8d, 0x0d, 0x3d,
    0x5c, 0x81, 0x00, 0xba, 0x0a, 0x00, 0x00, 0x00, 0x48, 0x8b, 0x40, 0x30,
    0x48, 0x39, 0xc8, 0x74, 0xb4, 0x48, 0x89, 0xf1, 0xff, 0xd0, 0x0f, 0xbe,
    0xd0, 0xeb, 0xaa, 0x0f, 0x1f, 0x44, 0x00, 0x00, 0x48, 0x8b, 0x4c, 0x24,
    0x30, 0x48, 0x85, 0xc9, 0x74, 0xb2, 0xe8, 0xa9, 0xeb, 0x62, 0x00, 0xeb,
    0xab, 0xb9, 0x01, 0x00, 0x00, 0x00, 0xe8, 0xd5, 0xa0, 0x96, 0x00, 0x89,
    0xc1, 0xe8, 0xce, 0xa0, 0x96, 0x00, 0xe8, 0x29, 0x7c, 0x96, 0x00, 0x80,
    0x7c, 0x24, 0x38, 0x00, 0x48, 0x89, 0xc3, 0x74, 0x0a, 0x48, 0x8d, 0x4c,
    0x24, 0x30, 0xe8, 0x75, 0x56, 0x86, 0x00, 0x48, 0x89, 0xd9, 0xe8, 0x3d,
    0xe7, 0x61, 0x00, 0x90,
};

// 0xd3b0  68 bytes  export SetLocalMaximumThreads (ordinals 82,83)
// status: comment_only  -- call to 0x64E630 outside the block; call to 0xB5B50 outside the block; call to 0xB5B70 outside the block
// sha256: 46854e664099e2ee0711a885759dae2f9071054eb995940c5989d64eba7a0588
alignas(16) const unsigned char kBytes_d3b0[68] = {
    0x56, 0x53, 0x48, 0x83, 0xec, 0x28, 0x89, 0xd3, 0x48, 0x89, 0xce, 0x48,
    0x8d, 0x0d, 0x50, 0xf9, 0x99, 0x00, 0xe8, 0x69, 0x12, 0x64, 0x00, 0x85,
    0xdb, 0x74, 0x17, 0xe8, 0xa0, 0x87, 0x0a, 0x00, 0x39, 0xd8, 0x0f, 0x47,
    0xc3, 0x89, 0x86, 0xf8, 0x01, 0x00, 0x00, 0x48, 0x83, 0xc4, 0x28, 0x5b,
    0x5e, 0xc3, 0xe8, 0x69, 0x87, 0x0a, 0x00, 0x89, 0x86, 0xf8, 0x01, 0x00,
    0x00, 0x48, 0x83, 0xc4, 0x28, 0x5b, 0x5e, 0xc3,
};

// 0xd400  36 bytes  export SetLocalMaximumIterations (ordinals 84,85)
// status: comment_only  -- call to 0x64E630 outside the block
// sha256: b54864e4f29bbb92d325ff3e0dfab120961840419241cf527455a21e89b89ff5
alignas(16) const unsigned char kBytes_d400[36] = {
    0x56, 0x53, 0x48, 0x83, 0xec, 0x28, 0x48, 0x89, 0xce, 0x89, 0xd3, 0x48,
    0x8d, 0x0d, 0x17, 0xf9, 0x99, 0x00, 0xe8, 0x19, 0x12, 0x64, 0x00, 0x89,
    0x9e, 0xfc, 0x01, 0x00, 0x00, 0x48, 0x83, 0xc4, 0x28, 0x5b, 0x5e, 0xc3,
};

// 0xd050  334 bytes  export SetOrigin (ordinals 86,87)
// status: comment_only  -- call to 0x1BF40 outside the block; call to 0x62F280 outside the block; call to 0x63F6B8 outside the block; call to 0x63F6C0 outside the block (+9 more)
// sha256: 722cd6f8891596d41e0a7aa57b677bd88862181c1cc2386d4a2e3cbeb3e2cf15
alignas(16) const unsigned char kBytes_d050[334] = {
    0x55, 0x57, 0x56, 0x53, 0x48, 0x83, 0xec, 0x38, 0x48, 0x89, 0xcd, 0x89,
    0xd7, 0xe8, 0xbe, 0xda, 0xff, 0xff, 0xc6, 0x44, 0x24, 0x28, 0x00, 0x48,
    0x85, 0xc0, 0x48, 0x89, 0x44, 0x24, 0x20, 0x0f, 0x84, 0xf6, 0x00, 0x00,
    0x00, 0x48, 0x89, 0xc1, 0xe8, 0x43, 0x26, 0x63, 0x00, 0x85, 0xc0, 0x0f,
    0x85, 0xf0, 0x00, 0x00, 0x00, 0xc6, 0x44, 0x24, 0x28, 0x01, 0xe8, 0xb1,
    0xee, 0x00, 0x00, 0x48, 0x85, 0xc0, 0x48, 0x89, 0xc3, 0x74, 0x7b, 0x41,
    0xb8, 0x03, 0x00, 0x00, 0x00, 0x48, 0x89, 0xc1, 0x48, 0x8d, 0x15, 0xe7,
    0xf7, 0x99, 0x00, 0xe8, 0x64, 0xaf, 0x96, 0x00, 0x41, 0xb8, 0x09, 0x00,
    0x00, 0x00, 0x48, 0x89, 0xd9, 0x48, 0x8d, 0x15, 0xec, 0xfb, 0x99, 0x00,
    0xe8, 0x4f, 0xaf, 0x96, 0x00, 0x41, 0xb8, 0x01, 0x00, 0x00, 0x00, 0x48,
    0x89, 0xd9, 0x48, 0x8d, 0x15, 0xad, 0xfa, 0x99, 0x00, 0xe8, 0x3a, 0xaf,
    0x96, 0x00, 0x89, 0xfa, 0x48, 0x89, 0xd9, 0xe8, 0x20, 0xcc, 0x85, 0x00,
    0x48, 0x8b, 0x03, 0x48, 0x8b, 0x40, 0xe8, 0x48, 0x8b, 0xb4, 0x03, 0xf0,
    0x00, 0x00, 0x00, 0x48, 0x85, 0xf6, 0x0f, 0x84, 0x84, 0x00, 0x00, 0x00,
    0x80, 0x7e, 0x38, 0x00, 0x74, 0x27, 0x0f, 0xbe, 0x56, 0x43, 0x48, 0x89,
    0xd9, 0xe8, 0xe6, 0xaa, 0x85, 0x00, 0x48, 0x89, 0xc1, 0xe8, 0xde, 0xac,
    0x85, 0x00, 0x80, 0x7c, 0x24, 0x28, 0x00, 0x75, 0x37, 0x89, 0x7d, 0x0c,
    0x48, 0x83, 0xc4, 0x38, 0x5b, 0x5e, 0x5f, 0x5d, 0xc3, 0x48, 0x89, 0xf1,
    0xe8, 0xb3, 0x93, 0x81, 0x00, 0x48, 0x8b, 0x06, 0x48, 0x8d, 0x0d, 0xe9,
    0x95, 0x81, 0x00, 0xba, 0x0a, 0x00, 0x00, 0x00, 0x48, 0x8b, 0x40, 0x30,
    0x48, 0x39, 0xc8, 0x74, 0xbd, 0x48, 0x89, 0xf1, 0xff, 0xd0, 0x0f, 0xbe,
    0xd0, 0xeb, 0xb3, 0x90, 0x48, 0x8b, 0x4c, 0x24, 0x20, 0x48, 0x85, 0xc9,
    0x74, 0xbf, 0xe8, 0x59, 0x25, 0x63, 0x00, 0x89, 0x7d, 0x0c, 0x48, 0x83,
    0xc4, 0x38, 0x5b, 0x5e, 0x5f, 0x5d, 0xc3, 0xb9, 0x01, 0x00, 0x00, 0x00,
    0xe8, 0x7b, 0xda, 0x96, 0x00, 0x89, 0xc1, 0xe8, 0x74, 0xda, 0x96, 0x00,
    0xe8, 0xcf, 0xb5, 0x96, 0x00, 0x80, 0x7c, 0x24, 0x28, 0x00, 0x48, 0x89,
    0xc3, 0x74, 0x0a, 0x48, 0x8d, 0x4c, 0x24, 0x20, 0xe8, 0x1b, 0x90, 0x86,
    0x00, 0x48, 0x89, 0xd9, 0xe8, 0xe3, 0x20, 0x62, 0x00, 0x90,
};

// 0xb490  31 bytes  export GetBuildVersion (ordinals 88,89)
// status: comment_only  -- call to 0x64AEA0 outside the block
// sha256: 065b58dbbbe428759a0bc3a36a32c23bdb32fb81c39c49c10197f9cce34533da
alignas(16) const unsigned char kBytes_b490[31] = {
    0x48, 0x83, 0xec, 0x28, 0x48, 0x8d, 0x0d, 0x39, 0x15, 0x9a, 0x00, 0xe8,
    0x00, 0xfa, 0x63, 0x00, 0x48, 0x8b, 0x05, 0xb9, 0xc1, 0x9f, 0x00, 0x48,
    0x8b, 0x00, 0x48, 0x83, 0xc4, 0x28, 0xc3,
};

// 0xb470  31 bytes  export GetBuildDate (ordinals 90,91)
// status: comment_only  -- call to 0x64AEA0 outside the block
// sha256: 7421a7e1a122277b3a65485ecb6eb3bfc6d351cadae764803bac2055ee1dc809
alignas(16) const unsigned char kBytes_b470[31] = {
    0x48, 0x83, 0xec, 0x28, 0x48, 0x8d, 0x0d, 0x4c, 0x15, 0x9a, 0x00, 0xe8,
    0x20, 0xfa, 0x63, 0x00, 0x48, 0x8b, 0x05, 0x09, 0xc2, 0x9f, 0x00, 0x48,
    0x8b, 0x00, 0x48, 0x83, 0xc4, 0x28, 0xc3,
};

// 0xb450  31 bytes  export GetMajorVersion (ordinals 92,93)
// status: comment_only  -- call to 0x64AEA0 outside the block
// sha256: 9e830b1f0e910d708f31d086c013c5c8e27761b1668e0a633006c6b09245f4fe
alignas(16) const unsigned char kBytes_b450[31] = {
    0x48, 0x83, 0xec, 0x28, 0x48, 0x8d, 0x0d, 0x5c, 0x15, 0x9a, 0x00, 0xe8,
    0x40, 0xfa, 0x63, 0x00, 0x48, 0x8b, 0x05, 0x09, 0xc2, 0x9f, 0x00, 0x48,
    0x8b, 0x00, 0x48, 0x83, 0xc4, 0x28, 0xc3,
};

// 0x10ce0  584 bytes  export AddPartSpecificAuthorizations (ordinals 94,95)
// status: comment_only  -- call to 0x5C3E80 outside the block; call to 0x5C3F00 outside the block; call to 0x62F280 outside the block; call to 0x62FA20 outside the block (+4 more)
// sha256: 11d14d01f8a40759e3d9b1e394767752ec92eb416202618413454c9e0e0cff00
alignas(16) const unsigned char kBytes_10ce0[584] = {
    0x56, 0x53, 0x48, 0x81, 0xec, 0xb8, 0x00, 0x00, 0x00, 0x0f, 0x29, 0x74,
    0x24, 0x70, 0x0f, 0x29, 0xbc, 0x24, 0x80, 0x00, 0x00, 0x00, 0x44, 0x0f,
    0x29, 0x84, 0x24, 0x90, 0x00, 0x00, 0x00, 0x44, 0x0f, 0x29, 0x8c, 0x24,
    0xa0, 0x00, 0x00, 0x00, 0x66, 0x0f, 0x28, 0xfb, 0xf2, 0x0f, 0x11, 0x5c,
    0x24, 0x20, 0x41, 0x89, 0xd0, 0x48, 0x89, 0xcb, 0x89, 0xd6, 0x66, 0x0f,
    0x28, 0xda, 0x48, 0x89, 0xca, 0x48, 0x8d, 0x0d, 0xbb, 0xc6, 0x99, 0x00,
    0x66, 0x0f, 0x28, 0xf2, 0xe8, 0xff, 0xbe, 0x63, 0x00, 0x66, 0x0f, 0x28,
    0xc7, 0xf2, 0x0f, 0x5c, 0xc6, 0x66, 0x0f, 0x2e, 0x05, 0xdf, 0xc9, 0x99,
    0x00, 0x72, 0x7d, 0x48, 0x8d, 0x4c, 0x24, 0x50, 0x85, 0xf6, 0x75, 0x64,
    0x31, 0xd2, 0xe8, 0xad, 0x31, 0x5b, 0x00, 0x48, 0x8b, 0x93, 0xa8, 0x01,
    0x00, 0x00, 0x48, 0x8d, 0x8b, 0xa0, 0x01, 0x00, 0x00, 0xc6, 0x44, 0x24,
    0x20, 0x00, 0x4c, 0x8b, 0x4c, 0x24, 0x58, 0x4c, 0x8b, 0x44, 0x24, 0x50,
    0xe8, 0x1b, 0xec, 0x8a, 0x00, 0x48, 0x8b, 0x4c, 0x24, 0x50, 0x48, 0x85,
    0xc9, 0x74, 0x06, 0xe8, 0x2c, 0x77, 0x98, 0x00, 0x90, 0x0f, 0x28, 0x74,
    0x24, 0x70, 0x0f, 0x28, 0xbc, 0x24, 0x80, 0x00, 0x00, 0x00, 0x44, 0x0f,
    0x28, 0x84, 0x24, 0x90, 0x00, 0x00, 0x00, 0x44, 0x0f, 0x28, 0x8c, 0x24,
    0xa0, 0x00, 0x00, 0x00, 0x48, 0x81, 0xc4, 0xb8, 0x00, 0x00, 0x00, 0x5b,
    0x5e, 0xc3, 0x66, 0x90, 0xe8, 0xcb, 0x30, 0x5b, 0x00, 0xeb, 0x9c, 0x66,
    0x0f, 0x1f, 0x84, 0x00, 0x00, 0x00, 0x00, 0x00, 0xf2, 0x44, 0x0f, 0x10,
    0x0d, 0x2f, 0xc9, 0x99, 0x00, 0xf2, 0x44, 0x0f, 0x10, 0x05, 0x1e, 0xc9,
    0x99, 0x00, 0xf2, 0x41, 0x0f, 0x5e, 0xf9, 0x66, 0x0f, 0x28, 0xc7, 0xf2,
    0x0f, 0x10, 0x3d, 0x45, 0xc9, 0x99, 0x00, 0xf2, 0x41, 0x0f, 0x59, 0xc0,
    0xf2, 0x0f, 0x58, 0xc7, 0xe8, 0x2f, 0xec, 0x61, 0x00, 0x48, 0xba, 0x00,
    0xa0, 0xb8, 0x30, 0x46, 0x03, 0x00, 0x00, 0xf2, 0x48, 0x0f, 0x2c, 0xc0,
    0x48, 0x85, 0xc0, 0x0f, 0x89, 0x8f, 0x00, 0x00, 0x00, 0x0f, 0x1f, 0x80,
    0x00, 0x00, 0x00, 0x00, 0x48, 0x01, 0xd0, 0x78, 0xfb, 0xf2, 0x41, 0x0f,
    0x5e, 0xf1, 0x48, 0x89, 0x44, 0x24, 0x50, 0xf2, 0x41, 0x0f, 0x59, 0xf0,
    0xf2, 0x0f, 0x58, 0xf7, 0x66, 0x0f, 0x28, 0xc6, 0xe8, 0xef, 0xeb, 0x61,
    0x00, 0x48, 0xba, 0x00, 0xa0, 0xb8, 0x30, 0x46, 0x03, 0x00, 0x00, 0xf2,
    0x48, 0x0f, 0x2c, 0xc0, 0x48, 0x85, 0xc0, 0x79, 0x7d, 0x48, 0x01, 0xd0,
    0x78, 0xfb, 0x85, 0xf6, 0x48, 0x89, 0x44, 0x24, 0x40, 0x0f, 0x95, 0xc2,
    0x0f, 0xb6, 0xc2, 0x89, 0x44, 0x24, 0x3c, 0x48, 0x8b, 0x83, 0xa8, 0x01,
    0x00, 0x00, 0x48, 0x3b, 0x83, 0xb0, 0x01, 0x00, 0x00, 0x0f, 0x84, 0x7e,
    0x00, 0x00, 0x00, 0x48, 0x85, 0xc0, 0x74, 0x14, 0x88, 0x10, 0x48, 0x8b,
    0x54, 0x24, 0x40, 0x48, 0x89, 0x50, 0x08, 0x48, 0x8b, 0x54, 0x24, 0x50,
    0x48, 0x89, 0x50, 0x10, 0x48, 0x83, 0xc0, 0x18, 0x48, 0x89, 0x83, 0xa8,
    0x01, 0x00, 0x00, 0xe9, 0xed, 0xfe, 0xff, 0xff, 0x48, 0xba, 0xff, 0x9f,
    0xb8, 0x30, 0x46, 0x03, 0x00, 0x00, 0x48, 0x39, 0xd0, 0x0f, 0x8e, 0x6a,
    0xff, 0xff, 0xff, 0x48, 0xb9, 0x00, 0x60, 0x47, 0xcf, 0xb9, 0xfc, 0xff,
    0xff, 0x48, 0x01, 0xc8, 0x48, 0x39, 0xd0, 0x7f, 0xf8, 0xe9, 0x53, 0xff,
    0xff, 0xff, 0x48, 0xba, 0xff, 0x9f, 0xb8, 0x30, 0x46, 0x03, 0x00, 0x00,
    0x48, 0x39, 0xd0, 0x0f, 0x8e, 0x75, 0xff, 0xff, 0xff, 0x48, 0xb9, 0x00,
    0x60, 0x47, 0xcf, 0xb9, 0xfc, 0xff, 0xff, 0x90, 0x48, 0x01, 0xc8, 0x48,
    0x39, 0xd0, 0x7f, 0xf8, 0xe9, 0x5d, 0xff, 0xff, 0xff, 0x48, 0x8d, 0x54,
    0x24, 0x3c, 0x48, 0x8d, 0x8b, 0xa0, 0x01, 0x00, 0x00, 0x4c, 0x8d, 0x4c,
    0x24, 0x50, 0x4c, 0x8d, 0x44, 0x24, 0x40, 0xe8, 0xe8, 0xf1, 0x8a, 0x00,
    0xe9, 0x78, 0xfe, 0xff, 0xff, 0x48, 0x8b, 0x4c, 0x24, 0x50, 0x48, 0x89,
    0xc3, 0x48, 0x85, 0xc9, 0x74, 0x05, 0xe8, 0x91, 0x75, 0x98, 0x00, 0x48,
    0x89, 0xd9, 0xe8, 0x59, 0xe3, 0x61, 0x00, 0x90,
};

// 0xb130  36 bytes  export GetLength (ordinals 96,97)
// status: comment_only  -- call to 0x64AEA0 outside the block; jmp to 0x526160 outside the block
// sha256: 5401f63622ea13e7be0b617dc9a7de5bb714ce084fcb7c7bdb5e5b6e3663ec88
alignas(16) const unsigned char kBytes_b130[36] = {
    0x53, 0x48, 0x83, 0xec, 0x20, 0x48, 0x89, 0xcb, 0x48, 0x8d, 0x0d, 0xac,
    0x17, 0x9a, 0x00, 0xe8, 0x5c, 0xfd, 0x63, 0x00, 0x48, 0x8b, 0x4b, 0x08,
    0x31, 0xd2, 0x48, 0x83, 0xc4, 0x20, 0x5b, 0xe9, 0x0c, 0xb0, 0x51, 0x00,
};

// 0xc9a0  372 bytes  export SetSheetGrainDirection (ordinals 98,99)
// status: comment_only  -- call to 0x1BF40 outside the block; call to 0x62F280 outside the block; call to 0x63F6B8 outside the block; call to 0x63F6C0 outside the block (+10 more)
// sha256: c13290423bbc1d57ef7d466af20d5c9df0a0b2941a825537dce47e11013d6171
alignas(16) const unsigned char kBytes_c9a0[372] = {
    0x55, 0x57, 0x56, 0x53, 0x48, 0x83, 0xec, 0x38, 0x48, 0x89, 0xcf, 0x89,
    0xd5, 0xe8, 0x6e, 0xe1, 0xff, 0xff, 0xc6, 0x44, 0x24, 0x28, 0x00, 0x48,
    0x85, 0xc0, 0x48, 0x89, 0x44, 0x24, 0x20, 0x0f, 0x84, 0x1c, 0x01, 0x00,
    0x00, 0x48, 0x89, 0xc1, 0xe8, 0xf3, 0x2c, 0x63, 0x00, 0x85, 0xc0, 0x0f,
    0x85, 0x16, 0x01, 0x00, 0x00, 0xc6, 0x44, 0x24, 0x28, 0x01, 0xe8, 0x61,
    0xf5, 0x00, 0x00, 0x48, 0x85, 0xc0, 0x48, 0x89, 0xc3, 0x0f, 0x84, 0x9b,
    0x00, 0x00, 0x00, 0x41, 0xb8, 0x03, 0x00, 0x00, 0x00, 0x48, 0x89, 0xc1,
    0x48, 0x8d, 0x15, 0x93, 0xfe, 0x99, 0x00, 0xe8, 0x10, 0xb6, 0x96, 0x00,
    0x41, 0xb8, 0x16, 0x00, 0x00, 0x00, 0x48, 0x89, 0xd9, 0x48, 0x8d, 0x15,
    0x09, 0x02, 0x9a, 0x00, 0xe8, 0xfb, 0xb5, 0x96, 0x00, 0x41, 0xb8, 0x01,
    0x00, 0x00, 0x00, 0x48, 0x89, 0xd9, 0x48, 0x8d, 0x15, 0x59, 0x01, 0x9a,
    0x00, 0xe8, 0xe6, 0xb5, 0x96, 0x00, 0x48, 0x89, 0xfa, 0x48, 0x89, 0xd9,
    0xe8, 0x5b, 0xba, 0x85, 0x00, 0x41, 0xb8, 0x01, 0x00, 0x00, 0x00, 0x48,
    0x89, 0xd9, 0x48, 0x8d, 0x15, 0x39, 0x01, 0x9a, 0x00, 0xe8, 0xc6, 0xb5,
    0x96, 0x00, 0x89, 0xea, 0x48, 0x89, 0xd9, 0xe8, 0xac, 0xd2, 0x85, 0x00,
    0x48, 0x8b, 0x03, 0x48, 0x8b, 0x40, 0xe8, 0x48, 0x8b, 0xb4, 0x03, 0xf0,
    0x00, 0x00, 0x00, 0x48, 0x85, 0xf6, 0x0f, 0x84, 0x86, 0x00, 0x00, 0x00,
    0x80, 0x7e, 0x38, 0x00, 0x74, 0x2e, 0x0f, 0xbe, 0x56, 0x43, 0x48, 0x89,
    0xd9, 0xe8, 0x72, 0xb1, 0x85, 0x00, 0x48, 0x89, 0xc1, 0xe8, 0x6a, 0xb3,
    0x85, 0x00, 0x80, 0x7c, 0x24, 0x28, 0x00, 0x75, 0x43, 0x83, 0xfd, 0x01,
    0x0f, 0x94, 0x87, 0x34, 0x01, 0x00, 0x00, 0x48, 0x83, 0xc4, 0x38, 0x5b,
    0x5e, 0x5f, 0x5d, 0xc3, 0x48, 0x89, 0xf1, 0xe8, 0x38, 0x9a, 0x81, 0x00,
    0x48, 0x8b, 0x06, 0x48, 0x8d, 0x0d, 0x6e, 0x9c, 0x81, 0x00, 0xba, 0x0a,
    0x00, 0x00, 0x00, 0x48, 0x8b, 0x40, 0x30, 0x48, 0x39, 0xc8, 0x74, 0xb6,
    0x48, 0x89, 0xf1, 0xff, 0xd0, 0x0f, 0xbe, 0xd0, 0xeb, 0xac, 0x66, 0x0f,
    0x1f, 0x44, 0x00, 0x00, 0x48, 0x8b, 0x4c, 0x24, 0x20, 0x48, 0x85, 0xc9,
    0x74, 0xb3, 0xe8, 0xd9, 0x2b, 0x63, 0x00, 0xeb, 0xac, 0xb9, 0x01, 0x00,
    0x00, 0x00, 0xe8, 0x05, 0xe1, 0x96, 0x00, 0x89, 0xc1, 0xe8, 0xfe, 0xe0,
    0x96, 0x00, 0xe8, 0x59, 0xbc, 0x96, 0x00, 0x80, 0x7c, 0x24, 0x28, 0x00,
    0x48, 0x89, 0xc3, 0x74, 0x0a, 0x48, 0x8d, 0x4c, 0x24, 0x20, 0xe8, 0xa5,
    0x96, 0x86, 0x00, 0x48, 0x89, 0xd9, 0xe8, 0x6d, 0x27, 0x62, 0x00, 0x90,
};

// 0xb160  36 bytes  export GetHeight (ordinals 100,101)
// status: comment_only  -- call to 0x64AEA0 outside the block; jmp to 0x5266A0 outside the block
// sha256: 18025d49bdc7c9f6cb7ff5f996347b963246be350610448d4065c9160de643b6
alignas(16) const unsigned char kBytes_b160[36] = {
    0x53, 0x48, 0x83, 0xec, 0x20, 0x48, 0x89, 0xcb, 0x48, 0x8d, 0x0d, 0x86,
    0x17, 0x9a, 0x00, 0xe8, 0x2c, 0xfd, 0x63, 0x00, 0x48, 0x8b, 0x4b, 0x08,
    0x31, 0xd2, 0x48, 0x83, 0xc4, 0x20, 0x5b, 0xe9, 0x1c, 0xb5, 0x51, 0x00,
};

// 0x16610  419 bytes  export AddExternalPolygonBoundaryToSheet (ordinals 102,103)
// status: comment_only  -- call to 0x1BA30 outside the block; call to 0x23BF0 outside the block; call to 0x62F280 outside the block; call to 0x64AEA0 outside the block (+3 more)
// sha256: 2c42d831754ced2081c24cb99a86870cdf8b496b1a7df9446edf9857ffcef6ff
alignas(16) const unsigned char kBytes_16610[419] = {
    0x41, 0x54, 0x55, 0x57, 0x56, 0x53, 0x48, 0x81, 0xec, 0xa0, 0x00, 0x00,
    0x00, 0x0f, 0x29, 0xb4, 0x24, 0x90, 0x00, 0x00, 0x00, 0x89, 0xd3, 0x48,
    0x89, 0xcf, 0x4c, 0x89, 0xc6, 0x48, 0x8d, 0x0d, 0x04, 0x73, 0x99, 0x00,
    0xe8, 0x67, 0x48, 0x63, 0x00, 0x85, 0xdb, 0x48, 0xc7, 0x44, 0x24, 0x50,
    0x00, 0x00, 0x00, 0x00, 0x48, 0xc7, 0x44, 0x24, 0x58, 0x00, 0x00, 0x00,
    0x00, 0x48, 0xc7, 0x44, 0x24, 0x60, 0x00, 0x00, 0x00, 0x00, 0x0f, 0x84,
    0x34, 0x01, 0x00, 0x00, 0x83, 0xeb, 0x01, 0x31, 0xd2, 0x31, 0xc0, 0x66,
    0x0f, 0xef, 0xf6, 0x4c, 0x8d, 0x64, 0x24, 0x70, 0x48, 0xc1, 0xe3, 0x04,
    0x48, 0x8d, 0x6c, 0x24, 0x50, 0x48, 0x01, 0xf3, 0xeb, 0x3f, 0x66, 0x0f,
    0x1f, 0x44, 0x00, 0x00, 0x48, 0x85, 0xc0, 0x74, 0x1d, 0x48, 0x8b, 0x54,
    0x24, 0x70, 0x48, 0x89, 0x10, 0x48, 0x8b, 0x54, 0x24, 0x78, 0x48, 0x89,
    0x50, 0x08, 0x48, 0x8b, 0x94, 0x24, 0x80, 0x00, 0x00, 0x00, 0x48, 0x89,
    0x50, 0x10, 0x48, 0x83, 0xc0, 0x18, 0x48, 0x39, 0xde, 0x48, 0x89, 0x44,
    0x24, 0x58, 0x74, 0x41, 0x48, 0x8b, 0x54, 0x24, 0x60, 0x48, 0x83, 0xc6,
    0x10, 0xf2, 0x0f, 0x11, 0xb4, 0x24, 0x80, 0x00, 0x00, 0x00, 0xf2, 0x0f,
    0x10, 0x06, 0x48, 0x39, 0xd0, 0xf2, 0x0f, 0x11, 0x44, 0x24, 0x70, 0xf2,
    0x0f, 0x10, 0x46, 0x08, 0xf2, 0x0f, 0x11, 0x44, 0x24, 0x78, 0x75, 0xa4,
    0x4c, 0x89, 0xe2, 0x48, 0x89, 0xe9, 0xe8, 0x49, 0x78, 0x89, 0x00, 0x48,
    0x39, 0xde, 0x48, 0x8b, 0x44, 0x24, 0x58, 0x75, 0xbf, 0x48, 0x8b, 0x74,
    0x24, 0x50, 0x48, 0x39, 0xc6, 0x0f, 0x84, 0x8f, 0x00, 0x00, 0x00, 0x48,
    0x29, 0xf0, 0x48, 0xc1, 0xf8, 0x03, 0x69, 0xd8, 0xab, 0xaa, 0xaa, 0xaa,
    0x4c, 0x8d, 0x44, 0x24, 0x40, 0x89, 0xd8, 0x48, 0x89, 0xfa, 0x48, 0x89,
    0x74, 0x24, 0x48, 0x48, 0x8d, 0x0d, 0x26, 0x71, 0x99, 0x00, 0x48, 0x89,
    0x44, 0x24, 0x40, 0xe8, 0xe4, 0x6b, 0x63, 0x00, 0x48, 0x89, 0xf2, 0x89,
    0xd9, 0xe8, 0xfa, 0x52, 0x00, 0x00, 0xc7, 0x44, 0x24, 0x28, 0x00, 0x00,
    0x00, 0x00, 0x45, 0x31, 0xc0, 0x48, 0x89, 0xf2, 0x89, 0xd9, 0xf2, 0x0f,
    0x10, 0x1d, 0x7a, 0x72, 0x99, 0x00, 0x48, 0x8d, 0x87, 0x60, 0x01, 0x00,
    0x00, 0x48, 0x89, 0x7c, 0x24, 0x20, 0x48, 0x89, 0x44, 0x24, 0x30, 0xf2,
    0x0f, 0x59, 0xd8, 0xe8, 0x88, 0xd4, 0x00, 0x00, 0x48, 0x8b, 0x4c, 0x24,
    0x50, 0x48, 0x85, 0xc9, 0x74, 0x06, 0xe8, 0x39, 0x1d, 0x98, 0x00, 0x90,
    0x0f, 0x28, 0xb4, 0x24, 0x90, 0x00, 0x00, 0x00, 0x48, 0x81, 0xc4, 0xa0,
    0x00, 0x00, 0x00, 0x5b, 0x5e, 0x5f, 0x5d, 0x41, 0x5c, 0xc3, 0x31, 0xdb,
    0x31, 0xf6, 0xe9, 0x75, 0xff, 0xff, 0xff, 0x48, 0x8b, 0x4c, 0x24, 0x50,
    0x48, 0x89, 0xc3, 0x48, 0x85, 0xc9, 0x74, 0x05, 0xe8, 0x07, 0x1d, 0x98,
    0x00, 0x48, 0x89, 0xd9, 0xe8, 0xcf, 0x8a, 0x61, 0x00, 0xeb, 0xe4,
};

// 0x167c0  426 bytes  export AddExternalPolygonBoundaryToPart (ordinals 104,105)
// status: comment_only  -- call to 0x1BA30 outside the block; call to 0x23BF0 outside the block; call to 0x62F280 outside the block; call to 0x64AEA0 outside the block (+3 more)
// sha256: f30fb50e6b73ed959096cda81c7ffb9f71a77e51135a19c454bd690f9763b500
alignas(16) const unsigned char kBytes_167c0[426] = {
    0x41, 0x54, 0x55, 0x57, 0x56, 0x53, 0x48, 0x81, 0xec, 0xa0, 0x00, 0x00,
    0x00, 0x0f, 0x29, 0xb4, 0x24, 0x90, 0x00, 0x00, 0x00, 0x89, 0xd3, 0x48,
    0x89, 0xcf, 0x4c, 0x89, 0xc6, 0x48, 0x8d, 0x0d, 0x7c, 0x71, 0x99, 0x00,
    0xe8, 0xb7, 0x46, 0x63, 0x00, 0x85, 0xdb, 0x48, 0xc7, 0x44, 0x24, 0x50,
    0x00, 0x00, 0x00, 0x00, 0x48, 0xc7, 0x44, 0x24, 0x58, 0x00, 0x00, 0x00,
    0x00, 0x48, 0xc7, 0x44, 0x24, 0x60, 0x00, 0x00, 0x00, 0x00, 0x0f, 0x84,
    0x3b, 0x01, 0x00, 0x00, 0x83, 0xeb, 0x01, 0x31, 0xd2, 0x31, 0xc0, 0x66,
    0x0f, 0xef, 0xf6, 0x4c, 0x8d, 0x64, 0x24, 0x70, 0x48, 0xc1, 0xe3, 0x04,
    0x48, 0x8d, 0x6c, 0x24, 0x50, 0x48, 0x01, 0xf3, 0xeb, 0x3f, 0x66, 0x0f,
    0x1f, 0x44, 0x00, 0x00, 0x48, 0x85, 0xc0, 0x74, 0x1d, 0x48, 0x8b, 0x54,
    0x24, 0x70, 0x48, 0x89, 0x10, 0x48, 0x8b, 0x54, 0x24, 0x78, 0x48, 0x89,
    0x50, 0x08, 0x48, 0x8b, 0x94, 0x24, 0x80, 0x00, 0x00, 0x00, 0x48, 0x89,
    0x50, 0x10, 0x48, 0x83, 0xc0, 0x18, 0x48, 0x39, 0xde, 0x48, 0x89, 0x44,
    0x24, 0x58, 0x74, 0x41, 0x48, 0x8b, 0x54, 0x24, 0x60, 0x48, 0x83, 0xc6,
    0x10, 0xf2, 0x0f, 0x11, 0xb4, 0x24, 0x80, 0x00, 0x00, 0x00, 0xf2, 0x0f,
    0x10, 0x06, 0x48, 0x39, 0xd0, 0xf2, 0x0f, 0x11, 0x44, 0x24, 0x70, 0xf2,
    0x0f, 0x10, 0x46, 0x08, 0xf2, 0x0f, 0x11, 0x44, 0x24, 0x78, 0x75, 0xa4,
    0x4c, 0x89, 0xe2, 0x48, 0x89, 0xe9, 0xe8, 0x99, 0x76, 0x89, 0x00, 0x48,
    0x39, 0xde, 0x48, 0x8b, 0x44, 0x24, 0x58, 0x75, 0xbf, 0x48, 0x8b, 0x74,
    0x24, 0x50, 0x48, 0x39, 0xc6, 0x0f, 0x84, 0x96, 0x00, 0x00, 0x00, 0x48,
    0x29, 0xf0, 0x48, 0xc1, 0xf8, 0x03, 0x69, 0xd8, 0xab, 0xaa, 0xaa, 0xaa,
    0x4c, 0x8d, 0x44, 0x24, 0x40, 0x89, 0xd8, 0x48, 0x89, 0xfa, 0x48, 0x89,
    0x74, 0x24, 0x48, 0x48, 0x8d, 0x0d, 0x82, 0x6e, 0x99, 0x00, 0x48, 0x89,
    0x44, 0x24, 0x40, 0xe8, 0x64, 0x60, 0x63, 0x00, 0x48, 0x89, 0xf2, 0x89,
    0xd9, 0xe8, 0x4a, 0x51, 0x00, 0x00, 0xf2, 0x0f, 0x10, 0x1d, 0xda, 0x70,
    0x99, 0x00, 0x48, 0x8d, 0x87, 0x08, 0x02, 0x00, 0x00, 0x48, 0x83, 0xc7,
    0x50, 0x48, 0x89, 0xf2, 0x48, 0x89, 0x44, 0x24, 0x30, 0x41, 0xb8, 0x01,
    0x00, 0x00, 0x00, 0x89, 0xd9, 0xf2, 0x0f, 0x59, 0xd8, 0xc7, 0x44, 0x24,
    0x28, 0x00, 0x00, 0x00, 0x00, 0x48, 0x89, 0x7c, 0x24, 0x20, 0xe8, 0xd1,
    0xd2, 0x00, 0x00, 0x48, 0x8b, 0x4c, 0x24, 0x50, 0x48, 0x85, 0xc9, 0x74,
    0x06, 0xe8, 0x82, 0x1b, 0x98, 0x00, 0x90, 0x0f, 0x28, 0xb4, 0x24, 0x90,
    0x00, 0x00, 0x00, 0x48, 0x81, 0xc4, 0xa0, 0x00, 0x00, 0x00, 0x5b, 0x5e,
    0x5f, 0x5d, 0x41, 0x5c, 0xc3, 0x31, 0xdb, 0x31, 0xf6, 0xe9, 0x6e, 0xff,
    0xff, 0xff, 0x48, 0x8b, 0x4c, 0x24, 0x50, 0x48, 0x89, 0xc3, 0x48, 0x85,
    0xc9, 0x74, 0x05, 0xe8, 0x50, 0x1b, 0x98, 0x00, 0x48, 0x89, 0xd9, 0xe8,
    0x18, 0x89, 0x61, 0x00, 0xeb, 0xe4,
};

// 0x14d10  1891 bytes  export AddPart (ordinals 110,111)
// status: comment_only  -- call to 0x1BA30 outside the block; call to 0x1BF40 outside the block; call to 0x23BF0 outside the block; call to 0x5C3F00 outside the block (+23 more)
// sha256: ebff4a01a64ab5a6eac44368f60e6fac3d2f0f091a3999bdef5c97e36d55dad6
alignas(16) const unsigned char kBytes_14d10[1891] = {
    0x41, 0x56, 0x41, 0x55, 0x41, 0x54, 0x55, 0x57, 0x56, 0x53, 0x48, 0x83,
    0xec, 0x60, 0x44, 0x89, 0xc0, 0x48, 0x89, 0xce, 0x89, 0xd7, 0x4c, 0x89,
    0x4c, 0x24, 0x48, 0x4c, 0x8d, 0x44, 0x24, 0x40, 0x48, 0x89, 0xc5, 0x4d,
    0x89, 0xcc, 0x48, 0x89, 0x44, 0x24, 0x40, 0x48, 0x8d, 0x0d, 0x78, 0x8b,
    0x99, 0x00, 0xe8, 0xe9, 0x96, 0x63, 0x00, 0xb9, 0x10, 0x02, 0x00, 0x00,
    0xe8, 0xaf, 0x37, 0x98, 0x00, 0xba, 0x01, 0x00, 0x00, 0x00, 0xf2, 0x0f,
    0x10, 0x0d, 0x9a, 0x8c, 0x99, 0x00, 0x89, 0x38, 0x4c, 0x8d, 0x68, 0x50,
    0x48, 0x89, 0xc3, 0xc7, 0x40, 0x04, 0x00, 0x00, 0x00, 0x00, 0x48, 0x8d,
    0x80, 0xd0, 0x00, 0x00, 0x00, 0xf2, 0x0f, 0x11, 0x88, 0x40, 0xff, 0xff,
    0xff, 0x48, 0x8d, 0x8b, 0x88, 0x01, 0x00, 0x00, 0xc7, 0x80, 0x38, 0xff,
    0xff, 0xff, 0x00, 0x00, 0x00, 0x00, 0xc7, 0x80, 0x48, 0xff, 0xff, 0xff,
    0x00, 0x00, 0x00, 0x00, 0xc6, 0x80, 0x4c, 0xff, 0xff, 0xff, 0x01, 0xc6,
    0x80, 0x50, 0xff, 0xff, 0xff, 0x00, 0x48, 0xc7, 0x40, 0x80, 0x00, 0x00,
    0x00, 0x00, 0x48, 0xc7, 0x40, 0x88, 0x00, 0x00, 0x00, 0x00, 0x48, 0xc7,
    0x40, 0x90, 0x00, 0x00, 0x00, 0x00, 0x48, 0xc7, 0x40, 0x98, 0x00, 0x00,
    0x00, 0x00, 0x48, 0xc7, 0x40, 0xa0, 0x00, 0x00, 0x00, 0x00, 0x48, 0xc7,
    0x40, 0xa8, 0x00, 0x00, 0x00, 0x00, 0x48, 0xc7, 0x40, 0xb0, 0x00, 0x00,
    0x00, 0x00, 0x48, 0xc7, 0x40, 0xb8, 0x00, 0x00, 0x00, 0x00, 0x48, 0xc7,
    0x40, 0xc0, 0x00, 0x00, 0x00, 0x00, 0x48, 0xc7, 0x40, 0xc8, 0x00, 0x00,
    0x00, 0x00, 0x48, 0xc7, 0x40, 0xd0, 0x00, 0x00, 0x00, 0x00, 0x48, 0xc7,
    0x40, 0xd8, 0x00, 0x00, 0x00, 0x00, 0x48, 0xc7, 0x40, 0xe0, 0x00, 0x00,
    0x00, 0x00, 0x48, 0xc7, 0x40, 0xe8, 0x00, 0x00, 0x00, 0x00, 0x48, 0xc7,
    0x40, 0xf0, 0x00, 0x00, 0x00, 0x00, 0xc7, 0x00, 0x00, 0x00, 0x00, 0x00,
    0x48, 0xc7, 0x40, 0x08, 0x00, 0x00, 0x00, 0x00, 0x48, 0xc7, 0x40, 0x20,
    0x00, 0x00, 0x00, 0x00, 0x48, 0x89, 0x83, 0xe0, 0x00, 0x00, 0x00, 0x48,
    0x89, 0x83, 0xe8, 0x00, 0x00, 0x00, 0x48, 0x8d, 0x83, 0x00, 0x01, 0x00,
    0x00, 0x48, 0x89, 0x83, 0x10, 0x01, 0x00, 0x00, 0xc7, 0x83, 0x00, 0x01,
    0x00, 0x00, 0x00, 0x00, 0x00, 0x00, 0x48, 0xc7, 0x83, 0x08, 0x01, 0x00,
    0x00, 0x00, 0x00, 0x00, 0x00, 0x48, 0xc7, 0x83, 0x20, 0x01, 0x00, 0x00,
    0x00, 0x00, 0x00, 0x00, 0x48, 0x89, 0x83, 0x18, 0x01, 0x00, 0x00, 0x48,
    0x8d, 0x83, 0x30, 0x01, 0x00, 0x00, 0x48, 0x89, 0x83, 0x40, 0x01, 0x00,
    0x00, 0x48, 0x89, 0x83, 0x48, 0x01, 0x00, 0x00, 0x48, 0x8d, 0x83, 0x60,
    0x01, 0x00, 0x00, 0xc7, 0x83, 0x30, 0x01, 0x00, 0x00, 0x00, 0x00, 0x00,
    0x00, 0x48, 0xc7, 0x83, 0x38, 0x01, 0x00, 0x00, 0x00, 0x00, 0x00, 0x00,
    0x48, 0xc7, 0x83, 0x50, 0x01, 0x00, 0x00, 0x00, 0x00, 0x00, 0x00, 0xc7,
    0x83, 0x60, 0x01, 0x00, 0x00, 0x00, 0x00, 0x00, 0x00, 0x48, 0xc7, 0x83,
    0x68, 0x01, 0x00, 0x00, 0x00, 0x00, 0x00, 0x00, 0x48, 0xc7, 0x83, 0x80,
    0x01, 0x00, 0x00, 0x00, 0x00, 0x00, 0x00, 0x48, 0x89, 0x83, 0x70, 0x01,
    0x00, 0x00, 0x48, 0x89, 0x83, 0x78, 0x01, 0x00, 0x00, 0xe8, 0x1a, 0xf0,
    0x5a, 0x00, 0x48, 0x8d, 0x83, 0xc8, 0x01, 0x00, 0x00, 0x48, 0x89, 0x5c,
    0x24, 0x50, 0x48, 0x89, 0x83, 0xb8, 0x01, 0x00, 0x00, 0x48, 0x8b, 0x86,
    0x88, 0x01, 0x00, 0x00, 0x48, 0x3b, 0x86, 0x90, 0x01, 0x00, 0x00, 0x48,
    0xc7, 0x83, 0xa0, 0x01, 0x00, 0x00, 0x00, 0x00, 0x00, 0x00, 0x48, 0xc7,
    0x83, 0xa8, 0x01, 0x00, 0x00, 0x00, 0x00, 0x00, 0x00, 0x48, 0xc7, 0x83,
    0xb0, 0x01, 0x00, 0x00, 0x00, 0x00, 0x00, 0x00, 0x48, 0xc7, 0x83, 0xc0,
    0x01, 0x00, 0x00, 0x00, 0x00, 0x00, 0x00, 0xc6, 0x83, 0xc8, 0x01, 0x00,
    0x00, 0x00, 0x48, 0xc7, 0x83, 0xd8, 0x01, 0x00, 0x00, 0x00, 0x00, 0x00,
    0x00, 0x48, 0xc7, 0x83, 0xe0, 0x01, 0x00, 0x00, 0x00, 0x00, 0x00, 0x00,
    0x48, 0xc7, 0x83, 0xe8, 0x01, 0x00, 0x00, 0x00, 0x00, 0x00, 0x00, 0x48,
    0xc7, 0x83, 0xf0, 0x01, 0x00, 0x00, 0x00, 0x00, 0x00, 0x00, 0x48, 0xc7,
    0x83, 0xf8, 0x01, 0x00, 0x00, 0x00, 0x00, 0x00, 0x00, 0x48, 0xc7, 0x83,
    0x00, 0x02, 0x00, 0x00, 0x00, 0x00, 0x00, 0x00, 0xc6, 0x83, 0x08, 0x02,
    0x00, 0x00, 0x01, 0xc6, 0x83, 0x09, 0x02, 0x00, 0x00, 0x00, 0xc6, 0x83,
    0x0a, 0x02, 0x00, 0x00, 0x00, 0xc6, 0x83, 0x0b, 0x02, 0x00, 0x00, 0x00,
    0x0f, 0x84, 0xba, 0x03, 0x00, 0x00, 0x48, 0x85, 0xc0, 0x0f, 0x84, 0xa9,
    0x03, 0x00, 0x00, 0x48, 0xc7, 0x44, 0x24, 0x50, 0x00, 0x00, 0x00, 0x00,
    0x48, 0x89, 0x18, 0x48, 0x8b, 0x7c, 0x24, 0x50, 0x48, 0x83, 0xc0, 0x08,
    0x48, 0x89, 0x86, 0x88, 0x01, 0x00, 0x00, 0x48, 0x85, 0xff, 0x0f, 0x84,
    0xd7, 0x01, 0x00, 0x00, 0x48, 0x8b, 0x8f, 0xf0, 0x01, 0x00, 0x00, 0x48,
    0x85, 0xc9, 0x74, 0x05, 0xe8, 0xd3, 0x34, 0x98, 0x00, 0x48, 0x8d, 0x8f,
    0xd8, 0x01, 0x00, 0x00, 0xe8, 0xd7, 0x59, 0x8e, 0x00, 0x48, 0x8b, 0x8f,
    0xb8, 0x01, 0x00, 0x00, 0x48, 0x8d, 0x87, 0xc8, 0x01, 0x00, 0x00, 0x48,
    0x39, 0xc1, 0x74, 0x05, 0xe8, 0xaf, 0x34, 0x98, 0x00, 0x48, 0x8b, 0x8f,
    0xa0, 0x01, 0x00, 0x00, 0x48, 0x85, 0xc9, 0x74, 0x05, 0xe8, 0x9e, 0x34,
    0x98, 0x00, 0x48, 0x8b, 0x8f, 0x88, 0x01, 0x00, 0x00, 0x48, 0x85, 0xc9,
    0x74, 0x05, 0xe8, 0x8d, 0x34, 0x98, 0x00, 0x48, 0x8b, 0x97, 0x68, 0x01,
    0x00, 0x00, 0x48, 0x8d, 0x8f, 0x58, 0x01, 0x00, 0x00, 0xe8, 0x7a, 0x97,
    0x92, 0x00, 0x48, 0x8b, 0x97, 0x38, 0x01, 0x00, 0x00, 0x48, 0x8d, 0x8f,
    0x28, 0x01, 0x00, 0x00, 0xe8, 0x67, 0x97, 0x92, 0x00, 0x48, 0x8b, 0x97,
    0x08, 0x01, 0x00, 0x00, 0x48, 0x8d, 0x8f, 0xf8, 0x00, 0x00, 0x00, 0xe8,
    0x54, 0x97, 0x92, 0x00, 0x48, 0x8b, 0x97, 0xd8, 0x00, 0x00, 0x00, 0x48,
    0x8d, 0x8f, 0xc8, 0x00, 0x00, 0x00, 0xe8, 0x41, 0x97, 0x92, 0x00, 0x4c,
    0x8b, 0xb7, 0xb8, 0x00, 0x00, 0x00, 0x48, 0x8b, 0xb7, 0xb0, 0x00, 0x00,
    0x00, 0x49, 0x39, 0xf6, 0x74, 0x1d, 0x48, 0x8b, 0x0e, 0x48, 0x85, 0xc9,
    0x74, 0x05, 0xe8, 0x21, 0x34, 0x98, 0x00, 0x48, 0x83, 0xc6, 0x18, 0x49,
    0x39, 0xf6, 0x75, 0xea, 0x48, 0x8b, 0xb7, 0xb0, 0x00, 0x00, 0x00, 0x48,
    0x85, 0xf6, 0x74, 0x08, 0x48, 0x89, 0xf1, 0xe8, 0x04, 0x34, 0x98, 0x00,
    0x4c, 0x8b, 0xb7, 0xa0, 0x00, 0x00, 0x00, 0x48, 0x8b, 0xb7, 0x98, 0x00,
    0x00, 0x00, 0x49, 0x39, 0xf6, 0x74, 0x1e, 0x90, 0x48, 0x8b, 0x0e, 0x48,
    0x85, 0xc9, 0x74, 0x05, 0xe8, 0xe3, 0x33, 0x98, 0x00, 0x48, 0x83, 0xc6,
    0x18, 0x49, 0x39, 0xf6, 0x75, 0xea, 0x48, 0x8b, 0xb7, 0x98, 0x00, 0x00,
    0x00, 0x48, 0x85, 0xf6, 0x74, 0x08, 0x48, 0x89, 0xf1, 0xe8, 0xc6, 0x33,
    0x98, 0x00, 0x4c, 0x8b, 0xb7, 0x88, 0x00, 0x00, 0x00, 0x48, 0x8b, 0xb7,
    0x80, 0x00, 0x00, 0x00, 0x49, 0x39, 0xf6, 0x74, 0x21, 0x0f, 0x1f, 0x00,
    0x48, 0x8b, 0x4e, 0x18, 0x48, 0x85, 0xc9, 0x74, 0x05, 0xe8, 0xa2, 0x33,
    0x98, 0x00, 0x48, 0x83, 0xc6, 0x30, 0x49, 0x39, 0xf6, 0x75, 0xe9, 0x48,
    0x8b, 0xb7, 0x80, 0x00, 0x00, 0x00, 0x48, 0x85, 0xf6, 0x74, 0x08, 0x48,
    0x89, 0xf1, 0xe8, 0x85, 0x33, 0x98, 0x00, 0x4c, 0x8b, 0x77, 0x70, 0x48,
    0x8b, 0x77, 0x68, 0x49, 0x39, 0xf6, 0x74, 0x22, 0x0f, 0x1f, 0x84, 0x00,
    0x00, 0x00, 0x00, 0x00, 0x48, 0x8b, 0x0e, 0x48, 0x85, 0xc9, 0x74, 0x05,
    0xe8, 0x63, 0x33, 0x98, 0x00, 0x48, 0x83, 0xc6, 0x18, 0x49, 0x39, 0xf6,
    0x75, 0xea, 0x48, 0x8b, 0x77, 0x68, 0x48, 0x85, 0xf6, 0x74, 0x08, 0x48,
    0x89, 0xf1, 0xe8, 0x49, 0x33, 0x98, 0x00, 0x4c, 0x8b, 0x77, 0x58, 0x48,
    0x8b, 0x77, 0x50, 0x49, 0x39, 0xf6, 0x74, 0x1a, 0x48, 0x8b, 0x0e, 0x48,
    0x85, 0xc9, 0x74, 0x05, 0xe8, 0x2f, 0x33, 0x98, 0x00, 0x48, 0x83, 0xc6,
    0x18, 0x49, 0x39, 0xf6, 0x75, 0xea, 0x48, 0x8b, 0x77, 0x50, 0x48, 0x85,
    0xf6, 0x74, 0x08, 0x48, 0x89, 0xf1, 0xe8, 0x15, 0x33, 0x98, 0x00, 0x48,
    0x89, 0xf9, 0xe8, 0x0d, 0x33, 0x98, 0x00, 0x4c, 0x89, 0xe2, 0x89, 0xe9,
    0xe8, 0x83, 0x68, 0x00, 0x00, 0x4c, 0x89, 0x6c, 0x24, 0x20, 0x4c, 0x89,
    0xe2, 0x89, 0xe9, 0xf2, 0x0f, 0x10, 0x1d, 0x09, 0x88, 0x99, 0x00, 0x48,
    0x8d, 0x83, 0x08, 0x02, 0x00, 0x00, 0xc7, 0x44, 0x24, 0x28, 0x00, 0x00,
    0x00, 0x00, 0x41, 0xb8, 0x01, 0x00, 0x00, 0x00, 0x48, 0x89, 0x44, 0x24,
    0x30, 0xf2, 0x0f, 0x59, 0xd8, 0xe8, 0x0e, 0xea, 0x00, 0x00, 0x0f, 0xb6,
    0x05, 0xf7, 0x9e, 0xb0, 0x00, 0x84, 0xc0, 0x0f, 0x84, 0xff, 0x00, 0x00,
    0x00, 0x48, 0x8d, 0x0d, 0xf0, 0x9e, 0xb0, 0x00, 0xc6, 0x44, 0x24, 0x58,
    0x00, 0x48, 0x89, 0x4c, 0x24, 0x50, 0xe8, 0xb9, 0xa4, 0x62, 0x00, 0x85,
    0xc0, 0x0f, 0x85, 0x5c, 0x02, 0x00, 0x00, 0xc6, 0x44, 0x24, 0x58, 0x01,
    0xe8, 0x27, 0x6d, 0x00, 0x00, 0x48, 0x85, 0xc0, 0x48, 0x89, 0xc6, 0x74,
    0x7c, 0x41, 0xb8, 0x03, 0x00, 0x00, 0x00, 0x48, 0x89, 0xc1, 0x48, 0x8d,
    0x15, 0x0f, 0x85, 0x99, 0x00, 0xe8, 0xda, 0x2d, 0x96, 0x00, 0x41, 0xb8,
    0x03, 0x00, 0x00, 0x00, 0x48, 0x89, 0xf1, 0x48, 0x8d, 0x15, 0x7c, 0x86,
    0x99, 0x00, 0xe8, 0xc5, 0x2d, 0x96, 0x00, 0x41, 0xb8, 0x01, 0x00, 0x00,
    0x00, 0x48, 0x89, 0xf1, 0x48, 0x8d, 0x15, 0xe9, 0x84, 0x99, 0x00, 0xe8,
    0xb0, 0x2d, 0x96, 0x00, 0x48, 0x89, 0xda, 0x48, 0x89, 0xf1, 0xe8, 0x25,
    0x32, 0x85, 0x00, 0x48, 0x8b, 0x06, 0x48, 0x8b, 0x40, 0xe8, 0x48, 0x8b,
    0xbc, 0x06, 0xf0, 0x00, 0x00, 0x00, 0x48, 0x85, 0xff, 0x0f, 0x84, 0x06,
    0x01, 0x00, 0x00, 0x80, 0x7f, 0x38, 0x00, 0x74, 0x37, 0x0f, 0xbe, 0x57,
    0x43, 0x48, 0x89, 0xf1, 0xe8, 0x5b, 0x29, 0x85, 0x00, 0x48, 0x89, 0xc1,
    0xe8, 0x53, 0x2b, 0x85, 0x00, 0x80, 0x7c, 0x24, 0x58, 0x00, 0x0f, 0x85,
    0x88, 0x00, 0x00, 0x00, 0x48, 0x89, 0xd8, 0x48, 0x83, 0xc4, 0x60, 0x5b,
    0x5e, 0x5f, 0x5d, 0x41, 0x5c, 0x41, 0x5d, 0x41, 0x5e, 0xc3, 0x66, 0x0f,
    0x1f, 0x44, 0x00, 0x00, 0x48, 0x89, 0xf9, 0xe8, 0x18, 0x12, 0x81, 0x00,
    0x48, 0x8b, 0x07, 0x48, 0x8d, 0x0d, 0x4e, 0x14, 0x81, 0x00, 0xba, 0x0a,
    0x00, 0x00, 0x00, 0x48, 0x8b, 0x40, 0x30, 0x48, 0x39, 0xc8, 0x74, 0xad,
    0x48, 0x89, 0xf9, 0xff, 0xd0, 0x0f, 0xbe, 0xd0, 0xeb, 0xa3, 0x66, 0x0f,
    0x1f, 0x44, 0x00, 0x00, 0x48, 0x8d, 0x0d, 0xe9, 0x9d, 0xb0, 0x00, 0xe8,
    0xa4, 0x3a, 0x98, 0x00, 0x85, 0xc0, 0x0f, 0x84, 0xed, 0xfe, 0xff, 0xff,
    0x48, 0x8d, 0x0d, 0xdd, 0x9d, 0xb0, 0x00, 0x31, 0xd2, 0xe8, 0xb6, 0xa3,
    0x62, 0x00, 0x48, 0x8d, 0x0d, 0xc7, 0x9d, 0xb0, 0x00, 0xe8, 0xc2, 0x3b,
    0x98, 0x00, 0x48, 0x8d, 0x0d, 0x9b, 0xdf, 0xff, 0xff, 0xe8, 0x36, 0x85,
    0x61, 0x00, 0xe9, 0xc2, 0xfe, 0xff, 0xff, 0x90, 0x48, 0x8b, 0x4c, 0x24,
    0x50, 0x48, 0x85, 0xc9, 0x0f, 0x84, 0x6a, 0xff, 0xff, 0xff, 0xe8, 0x75,
    0xa3, 0x62, 0x00, 0xe9, 0x60, 0xff, 0xff, 0xff, 0x0f, 0x1f, 0x84, 0x00,
    0x00, 0x00, 0x00, 0x00, 0x48, 0x89, 0xdf, 0xe9, 0x60, 0xfc, 0xff, 0xff,
    0x48, 0x8d, 0x7c, 0x24, 0x50, 0x48, 0x8d, 0x8e, 0x80, 0x01, 0x00, 0x00,
    0x48, 0x89, 0xfa, 0xe8, 0xb4, 0x4d, 0x8e, 0x00, 0x48, 0x8b, 0x7c, 0x24,
    0x50, 0xe9, 0x4d, 0xfc, 0xff, 0xff, 0x48, 0x89, 0xf9, 0x48, 0x89, 0xc3,
    0xe8, 0xdf, 0xb5, 0x85, 0x00, 0x48, 0x89, 0xd9, 0xe8, 0xf7, 0x9e, 0x61,
    0x00, 0xe8, 0xc2, 0x33, 0x96, 0x00, 0x48, 0x8b, 0x93, 0x68, 0x01, 0x00,
    0x00, 0x48, 0x8d, 0x8b, 0x58, 0x01, 0x00, 0x00, 0x48, 0x89, 0xc7, 0xe8,
    0x0c, 0x94, 0x92, 0x00, 0x48, 0x8b, 0x93, 0x38, 0x01, 0x00, 0x00, 0x48,
    0x8d, 0x8b, 0x28, 0x01, 0x00, 0x00, 0xe8, 0xf9, 0x93, 0x92, 0x00, 0x48,
    0x8b, 0x93, 0x08, 0x01, 0x00, 0x00, 0x48, 0x8d, 0x8b, 0xf8, 0x00, 0x00,
    0x00, 0xe8, 0xe6, 0x93, 0x92, 0x00, 0x48, 0x8b, 0x93, 0xd8, 0x00, 0x00,
    0x00, 0x48, 0x8d, 0x8b, 0xc8, 0x00, 0x00, 0x00, 0xe8, 0xd3, 0x93, 0x92,
    0x00, 0x48, 0x8d, 0x8b, 0xb0, 0x00, 0x00, 0x00, 0xe8, 0x37, 0xcf, 0x8a,
    0x00, 0x48, 0x8d, 0x8b, 0x98, 0x00, 0x00, 0x00, 0xe8, 0x2b, 0xcf, 0x8a,
    0x00, 0x48, 0x8b, 0xab, 0x88, 0x00, 0x00, 0x00, 0x48, 0x8b, 0xb3, 0x80,
    0x00, 0x00, 0x00, 0x48, 0x39, 0xf5, 0x74, 0x14, 0x48, 0x8b, 0x4e, 0x18,
    0x48, 0x85, 0xc9, 0x74, 0x05, 0xe8, 0x9a, 0x30, 0x98, 0x00, 0x48, 0x83,
    0xc6, 0x30, 0xeb, 0xe7, 0x48, 0x8b, 0x8b, 0x80, 0x00, 0x00, 0x00, 0x48,
    0x85, 0xc9, 0x74, 0x05, 0xe8, 0x83, 0x30, 0x98, 0x00, 0x48, 0x8d, 0x4b,
    0x68, 0xe8, 0xea, 0xce, 0x8a, 0x00, 0x4c, 0x89, 0xe9, 0xe8, 0xe2, 0xce,
    0x8a, 0x00, 0x48, 0x89, 0xd9, 0xe8, 0x6a, 0x30, 0x98, 0x00, 0x48, 0x89,
    0xf9, 0xe8, 0x32, 0x9e, 0x61, 0x00, 0x80, 0x7c, 0x24, 0x58, 0x00, 0x48,
    0x89, 0xc3, 0x0f, 0x84, 0x25, 0xff, 0xff, 0xff, 0x48, 0x8d, 0x4c, 0x24,
    0x50, 0xe8, 0x4a, 0x0d, 0x86, 0x00, 0xe9, 0x16, 0xff, 0xff, 0xff, 0x89,
    0xc1, 0xe8, 0x7e, 0x57, 0x96, 0x00, 0x90,
};

// 0x132e0  176 bytes  export AddHoleToPart (ordinals 112,113)
// status: comment_only  -- call to 0x23BF0 outside the block; call to 0x5CD5C0 outside the block; call to 0x64C940 outside the block
// sha256: 7d7cc54f1daee741ab42c24f4ae918c6c66f1883de74c8828cb692694a3c9cb8
alignas(16) const unsigned char kBytes_132e0[176] = {
    0x57, 0x56, 0x53, 0x48, 0x83, 0xc4, 0x80, 0x89, 0xd0, 0x48, 0x89, 0xcb,
    0x48, 0x89, 0xca, 0x4c, 0x89, 0x44, 0x24, 0x48, 0x48, 0x8d, 0x0d, 0x4b,
    0xa4, 0x99, 0x00, 0x4c, 0x89, 0xc7, 0x48, 0x89, 0xc6, 0x48, 0x89, 0x44,
    0x24, 0x40, 0x4c, 0x8d, 0x44, 0x24, 0x40, 0xe8, 0x30, 0x96, 0x63, 0x00,
    0x48, 0x8d, 0x4c, 0x24, 0x50, 0x48, 0x8d, 0x53, 0x50, 0xe8, 0xa2, 0xa2,
    0x5b, 0x00, 0x80, 0x7c, 0x24, 0x50, 0x00, 0x66, 0x0f, 0xef, 0xdb, 0x75,
    0x26, 0xf2, 0x0f, 0x10, 0x5c, 0x24, 0x70, 0xf2, 0x0f, 0x10, 0x44, 0x24,
    0x68, 0xf2, 0x0f, 0x5c, 0x5c, 0x24, 0x60, 0xf2, 0x0f, 0x5c, 0x44, 0x24,
    0x58, 0x66, 0x0f, 0x2e, 0xd8, 0x76, 0x3b, 0xf2, 0x0f, 0x59, 0x1d, 0x79,
    0xa6, 0x99, 0x00, 0xc7, 0x44, 0x24, 0x28, 0x01, 0x00, 0x00, 0x00, 0x45,
    0x31, 0xc0, 0x48, 0x89, 0xfa, 0x89, 0xf1, 0x48, 0x8d, 0x83, 0x08, 0x02,
    0x00, 0x00, 0x48, 0x83, 0xc3, 0x68, 0x48, 0x89, 0x44, 0x24, 0x30, 0x48,
    0x89, 0x5c, 0x24, 0x20, 0xe8, 0x77, 0x08, 0x01, 0x00, 0x90, 0x48, 0x83,
    0xec, 0x80, 0x5b, 0x5e, 0x5f, 0xc3, 0xf2, 0x0f, 0x59, 0x05, 0x3e, 0xa6,
    0x99, 0x00, 0x66, 0x0f, 0x28, 0xd8, 0xeb, 0xbf,
};

// 0x13390  124 bytes  export AddExternalBoundaryToPart (ordinals 114,115)
// status: comment_only  -- call to 0x1BA30 outside the block; call to 0x23BF0 outside the block; call to 0x64C940 outside the block
// sha256: 542db8c37937da5ed6d543f26ade6654cc94dd607c67797e1b0eb6a83bfeec2d
alignas(16) const unsigned char kBytes_13390[124] = {
    0x57, 0x56, 0x53, 0x48, 0x83, 0xec, 0x50, 0x89, 0xd0, 0x4c, 0x89, 0xc7,
    0x48, 0x89, 0xcb, 0x4c, 0x89, 0x44, 0x24, 0x48, 0x4c, 0x8d, 0x44, 0x24,
    0x40, 0x48, 0x89, 0xc6, 0x48, 0x89, 0xca, 0x48, 0x89, 0x44, 0x24, 0x40,
    0x48, 0x8d, 0x0d, 0x99, 0xa3, 0x99, 0x00, 0xe8, 0x80, 0x95, 0x63, 0x00,
    0x48, 0x89, 0xfa, 0x89, 0xf1, 0xe8, 0x66, 0x86, 0x00, 0x00, 0x41, 0xb8,
    0x01, 0x00, 0x00, 0x00, 0x48, 0x89, 0xfa, 0x89, 0xf1, 0xf2, 0x0f, 0x10,
    0x1d, 0xeb, 0xa5, 0x99, 0x00, 0x48, 0x8d, 0x83, 0x08, 0x02, 0x00, 0x00,
    0x48, 0x83, 0xc3, 0x50, 0xc7, 0x44, 0x24, 0x28, 0x00, 0x00, 0x00, 0x00,
    0x48, 0x89, 0x44, 0x24, 0x30, 0xf2, 0x0f, 0x59, 0xd8, 0x48, 0x89, 0x5c,
    0x24, 0x20, 0xe8, 0xed, 0x07, 0x01, 0x00, 0x90, 0x48, 0x83, 0xc4, 0x50,
    0x5b, 0x5e, 0x5f, 0xc3,
};

// 0x157a0  1098 bytes  export AddNonRectangularSheet (ordinals 116,117)
// status: comment_only  -- call to 0x1BA30 outside the block; call to 0x23BF0 outside the block; call to 0x62F280 outside the block; call to 0x64E430 outside the block (+5 more)
// sha256: c02aba81681f689402fbdc0536f73cdc97f82469eb1c31fce146b25cbadb4727
alignas(16) const unsigned char kBytes_157a0[1098] = {
    0x41, 0x55, 0x41, 0x54, 0x55, 0x57, 0x56, 0x53, 0x48, 0x83, 0xec, 0x68,
    0x44, 0x89, 0xc0, 0x48, 0x89, 0xce, 0x89, 0xd7, 0x4c, 0x89, 0x4c, 0x24,
    0x48, 0x4c, 0x8d, 0x44, 0x24, 0x40, 0x48, 0x89, 0xc5, 0x4d, 0x89, 0xcc,
    0x48, 0x89, 0x44, 0x24, 0x40, 0x48, 0x8d, 0x0d, 0x1d, 0x81, 0x99, 0x00,
    0xe8, 0x5b, 0x8c, 0x63, 0x00, 0xb9, 0x68, 0x01, 0x00, 0x00, 0xe8, 0x21,
    0x2d, 0x98, 0x00, 0x66, 0x0f, 0xef, 0xc0, 0x48, 0x89, 0xc3, 0x48, 0xc7,
    0x00, 0x00, 0x00, 0x00, 0x00, 0x48, 0xc7, 0x40, 0x08, 0x00, 0x00, 0x00,
    0x00, 0x48, 0x8d, 0x40, 0x38, 0x48, 0xc7, 0x40, 0xd8, 0x00, 0x00, 0x00,
    0x00, 0x48, 0xc7, 0x40, 0xe0, 0x00, 0x00, 0x00, 0x00, 0x48, 0xc7, 0x40,
    0xe8, 0x00, 0x00, 0x00, 0x00, 0x48, 0xc7, 0x40, 0xf0, 0x00, 0x00, 0x00,
    0x00, 0xc7, 0x00, 0x00, 0x00, 0x00, 0x00, 0x48, 0xc7, 0x40, 0x08, 0x00,
    0x00, 0x00, 0x00, 0x48, 0xc7, 0x40, 0x20, 0x00, 0x00, 0x00, 0x00, 0x48,
    0x89, 0x43, 0x48, 0x48, 0x89, 0x43, 0x50, 0x48, 0x8d, 0x43, 0x68, 0x48,
    0x89, 0x43, 0x78, 0x48, 0x89, 0x83, 0x80, 0x00, 0x00, 0x00, 0x48, 0x8d,
    0x83, 0x50, 0x01, 0x00, 0x00, 0xc7, 0x43, 0x68, 0x00, 0x00, 0x00, 0x00,
    0x48, 0xc7, 0x43, 0x70, 0x00, 0x00, 0x00, 0x00, 0x48, 0xc7, 0x83, 0x88,
    0x00, 0x00, 0x00, 0x00, 0x00, 0x00, 0x00, 0x48, 0xc7, 0x83, 0x90, 0x00,
    0x00, 0x00, 0x00, 0x00, 0x00, 0x00, 0x48, 0xc7, 0x83, 0x98, 0x00, 0x00,
    0x00, 0x00, 0x00, 0x00, 0x00, 0x48, 0xc7, 0x83, 0xa0, 0x00, 0x00, 0x00,
    0x00, 0x00, 0x00, 0x00, 0x48, 0xc7, 0x83, 0xa8, 0x00, 0x00, 0x00, 0x00,
    0x00, 0x00, 0x00, 0x48, 0xc7, 0x83, 0xb0, 0x00, 0x00, 0x00, 0x00, 0x00,
    0x00, 0x00, 0x48, 0xc7, 0x83, 0xb8, 0x00, 0x00, 0x00, 0x00, 0x00, 0x00,
    0x00, 0x48, 0xc7, 0x83, 0xc0, 0x00, 0x00, 0x00, 0x00, 0x00, 0x00, 0x00,
    0x48, 0xc7, 0x83, 0xc8, 0x00, 0x00, 0x00, 0x00, 0x00, 0x00, 0x00, 0x48,
    0xc7, 0x83, 0xd0, 0x00, 0x00, 0x00, 0x00, 0x00, 0x00, 0x00, 0x48, 0xc7,
    0x83, 0xd8, 0x00, 0x00, 0x00, 0x00, 0x00, 0x00, 0x00, 0x48, 0xc7, 0x83,
    0xe0, 0x00, 0x00, 0x00, 0x00, 0x00, 0x00, 0x00, 0x48, 0xc7, 0x83, 0xe8,
    0x00, 0x00, 0x00, 0x00, 0x00, 0x00, 0x00, 0x89, 0xbb, 0xf0, 0x00, 0x00,
    0x00, 0xf2, 0x0f, 0x11, 0x83, 0xf8, 0x00, 0x00, 0x00, 0xf2, 0x0f, 0x11,
    0x83, 0x00, 0x01, 0x00, 0x00, 0xf2, 0x0f, 0x11, 0x83, 0x08, 0x01, 0x00,
    0x00, 0xf2, 0x0f, 0x11, 0x83, 0x10, 0x01, 0x00, 0x00, 0x48, 0x89, 0x83,
    0x40, 0x01, 0x00, 0x00, 0x48, 0x8b, 0x86, 0xb8, 0x01, 0x00, 0x00, 0x48,
    0x3b, 0x86, 0xc0, 0x01, 0x00, 0x00, 0xf2, 0x0f, 0x11, 0x83, 0x18, 0x01,
    0x00, 0x00, 0xc7, 0x83, 0x20, 0x01, 0x00, 0x00, 0x00, 0x00, 0x00, 0x00,
    0xc6, 0x83, 0x24, 0x01, 0x00, 0x00, 0x00, 0xc7, 0x83, 0x28, 0x01, 0x00,
    0x00, 0x00, 0x00, 0x00, 0x00, 0xc6, 0x83, 0x2c, 0x01, 0x00, 0x00, 0x00,
    0xc7, 0x83, 0x30, 0x01, 0x00, 0x00, 0x00, 0x00, 0x00, 0x00, 0xc6, 0x83,
    0x34, 0x01, 0x00, 0x00, 0x00, 0xf2, 0x0f, 0x11, 0x83, 0x38, 0x01, 0x00,
    0x00, 0x48, 0xc7, 0x83, 0x48, 0x01, 0x00, 0x00, 0x00, 0x00, 0x00, 0x00,
    0xc6, 0x83, 0x50, 0x01, 0x00, 0x00, 0x00, 0xc6, 0x83, 0x60, 0x01, 0x00,
    0x00, 0x01, 0x48, 0x89, 0x5c, 0x24, 0x50, 0x0f, 0x84, 0x2b, 0x02, 0x00,
    0x00, 0x48, 0x85, 0xc0, 0x0f, 0x84, 0x1a, 0x02, 0x00, 0x00, 0x48, 0xc7,
    0x44, 0x24, 0x50, 0x00, 0x00, 0x00, 0x00, 0x48, 0x89, 0x18, 0x48, 0x8b,
    0x7c, 0x24, 0x50, 0x48, 0x83, 0xc0, 0x08, 0x48, 0x89, 0x86, 0xb8, 0x01,
    0x00, 0x00, 0x48, 0x85, 0xff, 0x0f, 0x84, 0xa7, 0x01, 0x00, 0x00, 0x48,
    0x8b, 0x8f, 0x40, 0x01, 0x00, 0x00, 0x48, 0x8d, 0x87, 0x50, 0x01, 0x00,
    0x00, 0x48, 0x39, 0xc1, 0x74, 0x05, 0xe8, 0xdd, 0x2a, 0x98, 0x00, 0x4c,
    0x8b, 0xaf, 0xe0, 0x00, 0x00, 0x00, 0x48, 0x8b, 0xb7, 0xd8, 0x00, 0x00,
    0x00, 0x49, 0x39, 0xf5, 0x74, 0x27, 0x66, 0x2e, 0x0f, 0x1f, 0x84, 0x00,
    0x00, 0x00, 0x00, 0x00, 0x48, 0x8b, 0x0e, 0x48, 0x85, 0xc9, 0x74, 0x05,
    0xe8, 0xb3, 0x2a, 0x98, 0x00, 0x48, 0x83, 0xc6, 0x18, 0x49, 0x39, 0xf5,
    0x75, 0xea, 0x48, 0x8b, 0xb7, 0xd8, 0x00, 0x00, 0x00, 0x48, 0x85, 0xf6,
    0x74, 0x08, 0x48, 0x89, 0xf1, 0xe8, 0x96, 0x2a, 0x98, 0x00, 0x4c, 0x8b,
    0xaf, 0xc8, 0x00, 0x00, 0x00, 0x48, 0x8b, 0xb7, 0xc0, 0x00, 0x00, 0x00,
    0x49, 0x39, 0xf5, 0x74, 0x20, 0x0f, 0x1f, 0x00, 0x48, 0x8b, 0x0e, 0x48,
    0x85, 0xc9, 0x74, 0x05, 0xe8, 0x73, 0x2a, 0x98, 0x00, 0x48, 0x83, 0xc6,
    0x18, 0x49, 0x39, 0xf5, 0x75, 0xea, 0x48, 0x8b, 0xb7, 0xc0, 0x00, 0x00,
    0x00, 0x48, 0x85, 0xf6, 0x74, 0x08, 0x48, 0x89, 0xf1, 0xe8, 0x56, 0x2a,
    0x98, 0x00, 0x4c, 0x8b, 0xaf, 0xb0, 0x00, 0x00, 0x00, 0x48, 0x8b, 0xb7,
    0xa8, 0x00, 0x00, 0x00, 0x49, 0x39, 0xf5, 0x74, 0x20, 0x0f, 0x1f, 0x00,
    0x48, 0x8b, 0x0e, 0x48, 0x85, 0xc9, 0x74, 0x05, 0xe8, 0x33, 0x2a, 0x98,
    0x00, 0x48, 0x83, 0xc6, 0x18, 0x49, 0x39, 0xf5, 0x75, 0xea, 0x48, 0x8b,
    0xb7, 0xa8, 0x00, 0x00, 0x00, 0x48, 0x85, 0xf6, 0x74, 0x08, 0x48, 0x89,
    0xf1, 0xe8, 0x16, 0x2a, 0x98, 0x00, 0x4c, 0x8b, 0xaf, 0x98, 0x00, 0x00,
    0x00, 0x48, 0x8b, 0xb7, 0x90, 0x00, 0x00, 0x00, 0x49, 0x39, 0xf5, 0x74,
    0x20, 0x0f, 0x1f, 0x00, 0x48, 0x8b, 0x0e, 0x48, 0x85, 0xc9, 0x74, 0x05,
    0xe8, 0xf3, 0x29, 0x98, 0x00, 0x48, 0x83, 0xc6, 0x18, 0x49, 0x39, 0xf5,
    0x75, 0xea, 0x48, 0x8b, 0xb7, 0x90, 0x00, 0x00, 0x00, 0x48, 0x85, 0xf6,
    0x74, 0x08, 0x48, 0x89, 0xf1, 0xe8, 0xd6, 0x29, 0x98, 0x00, 0x48, 0x8b,
    0x57, 0x70, 0x48, 0x8d, 0x4f, 0x60, 0xe8, 0xc9, 0x8c, 0x92, 0x00, 0x48,
    0x8b, 0x57, 0x40, 0x48, 0x8d, 0x4f, 0x30, 0xe8, 0xbc, 0x8c, 0x92, 0x00,
    0x4c, 0x8b, 0x6f, 0x20, 0x48, 0x8b, 0x77, 0x18, 0x49, 0x39, 0xf5, 0x74,
    0x1a, 0x48, 0x8b, 0x0e, 0x48, 0x85, 0xc9, 0x74, 0x05, 0xe8, 0xa2, 0x29,
    0x98, 0x00, 0x48, 0x83, 0xc6, 0x18, 0x49, 0x39, 0xf5, 0x75, 0xea, 0x48,
    0x8b, 0x77, 0x18, 0x48, 0x85, 0xf6, 0x74, 0x08, 0x48, 0x89, 0xf1, 0xe8,
    0x88, 0x29, 0x98, 0x00, 0x4c, 0x8b, 0x6f, 0x08, 0x48, 0x8b, 0x37, 0x49,
    0x39, 0xf5, 0x74, 0x19, 0x48, 0x8b, 0x0e, 0x48, 0x85, 0xc9, 0x74, 0x05,
    0xe8, 0x6f, 0x29, 0x98, 0x00, 0x48, 0x83, 0xc6, 0x18, 0x49, 0x39, 0xf5,
    0x75, 0xea, 0x48, 0x8b, 0x37, 0x48, 0x85, 0xf6, 0x74, 0x08, 0x48, 0x89,
    0xf1, 0xe8, 0x56, 0x29, 0x98, 0x00, 0x48, 0x89, 0xf9, 0xe8, 0x4e, 0x29,
    0x98, 0x00, 0x4c, 0x89, 0xe2, 0x89, 0xe9, 0xe8, 0xc4, 0x5e, 0x00, 0x00,
    0x48, 0x89, 0x5c, 0x24, 0x20, 0x45, 0x31, 0xc0, 0x4c, 0x89, 0xe2, 0xf2,
    0x0f, 0x10, 0x1d, 0x49, 0x7e, 0x99, 0x00, 0x48, 0x8d, 0x83, 0x60, 0x01,
    0x00, 0x00, 0xc7, 0x44, 0x24, 0x28, 0x00, 0x00, 0x00, 0x00, 0x89, 0xe9,
    0x48, 0x89, 0x44, 0x24, 0x30, 0xf2, 0x0f, 0x59, 0xd8, 0xe8, 0x52, 0xe0,
    0x00, 0x00, 0x48, 0x89, 0xd8, 0x48, 0x83, 0xc4, 0x68, 0x5b, 0x5e, 0x5f,
    0x5d, 0x41, 0x5c, 0x41, 0x5d, 0xc3, 0x66, 0x90, 0x48, 0x89, 0xdf, 0xe9,
    0xef, 0xfd, 0xff, 0xff, 0x48, 0x8d, 0x7c, 0x24, 0x50, 0x48, 0x8d, 0x8e,
    0xb0, 0x01, 0x00, 0x00, 0x48, 0x89, 0xfa, 0xe8, 0x74, 0x55, 0x8e, 0x00,
    0x48, 0x8b, 0x7c, 0x24, 0x50, 0xe9, 0xdc, 0xfd, 0xff, 0xff, 0x48, 0x89,
    0xc3, 0x48, 0x89, 0xf9, 0xe8, 0xff, 0xb0, 0x85, 0x00, 0x48, 0x89, 0xd9,
    0xe8, 0x97, 0x96, 0x61, 0x00, 0x90,
};

// 0x14190  124 bytes  export AddDefectToSheet (ordinals 118,119)
// status: comment_only  -- call to 0x1BA30 outside the block; call to 0x23BF0 outside the block; call to 0x64D310 outside the block
// sha256: f218922f076ef9b4c7a74118c0d17a0d40c987bfeecef0f3ba3ffa4307a533da
alignas(16) const unsigned char kBytes_14190[124] = {
    0x57, 0x56, 0x53, 0x48, 0x83, 0xec, 0x50, 0x89, 0xd0, 0x4c, 0x89, 0xc7,
    0x48, 0x89, 0xcb, 0x4c, 0x89, 0x44, 0x24, 0x48, 0x4c, 0x8d, 0x44, 0x24,
    0x40, 0x48, 0x89, 0xc6, 0x48, 0x89, 0xca, 0x48, 0x89, 0x44, 0x24, 0x40,
    0x48, 0x8d, 0x0d, 0x7c, 0x96, 0x99, 0x00, 0xe8, 0x50, 0x91, 0x63, 0x00,
    0x48, 0x89, 0xfa, 0x89, 0xf1, 0xe8, 0x66, 0x78, 0x00, 0x00, 0x41, 0xb8,
    0x01, 0x00, 0x00, 0x00, 0x48, 0x89, 0xfa, 0x89, 0xf1, 0xf2, 0x0f, 0x10,
    0x1d, 0xeb, 0x97, 0x99, 0x00, 0x48, 0x8d, 0x83, 0x60, 0x01, 0x00, 0x00,
    0x48, 0x83, 0xc3, 0x18, 0xc7, 0x44, 0x24, 0x28, 0x00, 0x00, 0x00, 0x00,
    0x48, 0x89, 0x44, 0x24, 0x30, 0xf2, 0x0f, 0x59, 0xd8, 0x48, 0x89, 0x5c,
    0x24, 0x20, 0xe8, 0xed, 0xf9, 0x00, 0x00, 0x90, 0x48, 0x83, 0xc4, 0x50,
    0x5b, 0x5e, 0x5f, 0xc3,
};

// 0x14210  117 bytes  export AddExternalBoundaryToSheet (ordinals 120,121)
// status: comment_only  -- call to 0x1BA30 outside the block; call to 0x23BF0 outside the block; call to 0x64D310 outside the block
// sha256: 9096ea83c3abf67113ea9d70f68abc373b5a3dc40f4102450286cd585d7975b6
alignas(16) const unsigned char kBytes_14210[117] = {
    0x57, 0x56, 0x53, 0x48, 0x83, 0xec, 0x50, 0x89, 0xd0, 0x48, 0x89, 0xcf,
    0x4c, 0x89, 0xc6, 0x4c, 0x89, 0x44, 0x24, 0x48, 0x4c, 0x8d, 0x44, 0x24,
    0x40, 0x48, 0x89, 0xc3, 0x48, 0x89, 0xca, 0x48, 0x89, 0x44, 0x24, 0x40,
    0x48, 0x8d, 0x0d, 0x0d, 0x96, 0x99, 0x00, 0xe8, 0xd0, 0x90, 0x63, 0x00,
    0x48, 0x89, 0xf2, 0x89, 0xd9, 0xe8, 0xe6, 0x77, 0x00, 0x00, 0x48, 0x89,
    0x7c, 0x24, 0x20, 0x45, 0x31, 0xc0, 0x48, 0x89, 0xf2, 0xf2, 0x0f, 0x10,
    0x1d, 0x6b, 0x97, 0x99, 0x00, 0x48, 0x8d, 0x87, 0x60, 0x01, 0x00, 0x00,
    0xc7, 0x44, 0x24, 0x28, 0x00, 0x00, 0x00, 0x00, 0x89, 0xd9, 0x48, 0x89,
    0x44, 0x24, 0x30, 0xf2, 0x0f, 0x59, 0xd8, 0xe8, 0x74, 0xf9, 0x00, 0x00,
    0x90, 0x48, 0x83, 0xc4, 0x50, 0x5b, 0x5e, 0x5f, 0xc3,
};

// 0x10920  155 bytes  export TerminateComputation (ordinals 122,123)
// status: comment_only  -- call to 0x1BE40 outside the block; call to 0x62F280 outside the block; call to 0x64ACE0 outside the block; call to 0x64B040 outside the block (+2 more)
// sha256: d92a281a57882d4d25a1b6574fc0e5398b9a66bd2ff8f39cd36db36c23bdfa78
alignas(16) const unsigned char kBytes_10920[155] = {
    0x56, 0x53, 0x48, 0x83, 0xec, 0x48, 0x48, 0x8d, 0x05, 0x6c, 0xc9, 0x99,
    0x00, 0x48, 0x8d, 0x15, 0x5f, 0xc9, 0x99, 0x00, 0x80, 0x79, 0x48, 0x00,
    0x48, 0x0f, 0x44, 0xd0, 0x48, 0x89, 0xce, 0x48, 0x8d, 0x5c, 0x24, 0x20,
    0x48, 0x8d, 0x43, 0x10, 0x48, 0x89, 0xd9, 0x4c, 0x8d, 0x42, 0x05, 0x48,
    0x89, 0x44, 0x24, 0x20, 0xe8, 0x37, 0xa2, 0xff, 0xff, 0x48, 0x8d, 0x0d,
    0x14, 0xca, 0x99, 0x00, 0x48, 0x89, 0xda, 0xe8, 0xd8, 0xa6, 0x63, 0x00,
    0x48, 0x8b, 0x4c, 0x24, 0x20, 0x48, 0x83, 0xc3, 0x10, 0x48, 0x39, 0xd9,
    0x74, 0x05, 0xe8, 0x35, 0x7b, 0x98, 0x00, 0x48, 0x89, 0xf1, 0xe8, 0xbd,
    0xb4, 0x00, 0x00, 0x48, 0x8d, 0x0d, 0x00, 0xca, 0x99, 0x00, 0x89, 0xc3,
    0x89, 0xc2, 0xe8, 0x4d, 0xa3, 0x63, 0x00, 0x89, 0xd8, 0x48, 0x83, 0xc4,
    0x48, 0x5b, 0x5e, 0xc3, 0x48, 0x8b, 0x4c, 0x24, 0x20, 0x48, 0x83, 0xc3,
    0x10, 0x48, 0x89, 0xc6, 0x48, 0x39, 0xd9, 0x74, 0x05, 0xe8, 0xfe, 0x7a,
    0x98, 0x00, 0x48, 0x89, 0xf1, 0xe8, 0xc6, 0xe8, 0x61, 0x00, 0x90,
};

// 0x14a60  678 bytes  export AddOpenCuttingPathToPart (ordinals 124,125)
// status: comment_only  -- call to 0x1D770 outside the block; call to 0x62F280 outside the block; call to 0x63F2F8 outside the block; call to 0x64C7B0 outside the block (+4 more)
// sha256: 758bde793cfecc61fac6c77c3480ff873c002a5d9817e7164e5ad2a3bea65a95
alignas(16) const unsigned char kBytes_14a60[678] = {
    0x55, 0x57, 0x56, 0x53, 0x48, 0x81, 0xec, 0xb8, 0x00, 0x00, 0x00, 0x48,
    0x8b, 0x02, 0x48, 0x8b, 0x52, 0x08, 0xf2, 0x0f, 0x10, 0x84, 0x24, 0x00,
    0x01, 0x00, 0x00, 0x44, 0x89, 0xc3, 0x4c, 0x89, 0x4c, 0x24, 0x38, 0x48,
    0x89, 0xce, 0x4c, 0x89, 0xcf, 0x48, 0x89, 0x54, 0x24, 0x58, 0x4c, 0x8d,
    0x4c, 0x24, 0x30, 0x48, 0x89, 0x54, 0x24, 0x48, 0x4c, 0x8d, 0x44, 0x24,
    0x40, 0x48, 0x89, 0xca, 0xf2, 0x0f, 0x11, 0x44, 0x24, 0x20, 0x48, 0x8d,
    0x0d, 0xf4, 0x8d, 0x99, 0x00, 0x48, 0x89, 0x44, 0x24, 0x50, 0x48, 0x89,
    0x44, 0x24, 0x40, 0x48, 0x89, 0x5c, 0x24, 0x30, 0xe8, 0xef, 0x7c, 0x63,
    0x00, 0x48, 0x8d, 0x04, 0x5b, 0x48, 0xba, 0xab, 0xaa, 0xaa, 0xaa, 0xaa,
    0xaa, 0xaa, 0xaa, 0x48, 0xc7, 0x44, 0x24, 0x60, 0x00, 0x00, 0x00, 0x00,
    0x48, 0x8d, 0x1c, 0xc5, 0x00, 0x00, 0x00, 0x00, 0x48, 0xc7, 0x44, 0x24,
    0x68, 0x00, 0x00, 0x00, 0x00, 0x48, 0xc7, 0x44, 0x24, 0x70, 0x00, 0x00,
    0x00, 0x00, 0x48, 0x0f, 0xaf, 0xc2, 0x48, 0x85, 0xc0, 0x0f, 0x84, 0xa1,
    0x01, 0x00, 0x00, 0x48, 0x89, 0xd9, 0xe8, 0xf9, 0x39, 0x98, 0x00, 0x48,
    0x8d, 0x2c, 0x18, 0x49, 0x89, 0xd8, 0x48, 0x89, 0xfa, 0x48, 0x89, 0x44,
    0x24, 0x60, 0x48, 0x89, 0xc1, 0x48, 0x89, 0x6c, 0x24, 0x70, 0xe8, 0xd5,
    0xa7, 0x62, 0x00, 0x48, 0x8d, 0xbc, 0x24, 0x80, 0x00, 0x00, 0x00, 0x48,
    0x89, 0x6c, 0x24, 0x68, 0x48, 0x8d, 0x54, 0x24, 0x50, 0x48, 0x89, 0xf9,
    0x4c, 0x8d, 0x44, 0x24, 0x60, 0xe8, 0x2e, 0x8c, 0x00, 0x00, 0x48, 0x8b,
    0x9e, 0x88, 0x00, 0x00, 0x00, 0x48, 0x3b, 0x9e, 0x90, 0x00, 0x00, 0x00,
    0x0f, 0x84, 0x57, 0x01, 0x00, 0x00, 0x48, 0x85, 0xdb, 0x0f, 0x84, 0x31,
    0x01, 0x00, 0x00, 0x48, 0x8b, 0xbc, 0x24, 0x98, 0x00, 0x00, 0x00, 0x48,
    0xc7, 0x43, 0x20, 0x00, 0x00, 0x00, 0x00, 0x49, 0x89, 0xdb, 0x48, 0x8b,
    0x8c, 0x24, 0x90, 0x00, 0x00, 0x00, 0x48, 0xc7, 0x43, 0x18, 0x00, 0x00,
    0x00, 0x00, 0x48, 0x8b, 0x84, 0x24, 0x80, 0x00, 0x00, 0x00, 0x48, 0xc7,
    0x43, 0x28, 0x00, 0x00, 0x00, 0x00, 0x48, 0x8b, 0x94, 0x24, 0x88, 0x00,
    0x00, 0x00, 0xf2, 0x0f, 0x10, 0x84, 0x24, 0x00, 0x01, 0x00, 0x00, 0x48,
    0x29, 0xcf, 0x48, 0x89, 0x43, 0x08, 0x48, 0x89, 0xf8, 0x48, 0xc1, 0xf8,
    0x03, 0x48, 0x89, 0x53, 0x10, 0x48, 0xba, 0xab, 0xaa, 0xaa, 0xaa, 0xaa,
    0xaa, 0xaa, 0xaa, 0x48, 0x0f, 0xaf, 0xc2, 0xf2, 0x0f, 0x11, 0x03, 0x48,
    0x85, 0xc0, 0x74, 0x2a, 0x48, 0xba, 0xaa, 0xaa, 0xaa, 0xaa, 0xaa, 0xaa,
    0xaa, 0x0a, 0x48, 0x39, 0xd0, 0x0f, 0x87, 0xef, 0x00, 0x00, 0x00, 0x48,
    0x89, 0xf9, 0xe8, 0x19, 0x39, 0x98, 0x00, 0x48, 0x8b, 0x8c, 0x24, 0x90,
    0x00, 0x00, 0x00, 0x4c, 0x8b, 0x9e, 0x88, 0x00, 0x00, 0x00, 0x48, 0x89,
    0x43, 0x18, 0x4c, 0x8b, 0x94, 0x24, 0x98, 0x00, 0x00, 0x00, 0x48, 0x01,
    0xc7, 0x48, 0x89, 0x43, 0x20, 0x48, 0x89, 0x7b, 0x28, 0x49, 0x39, 0xca,
    0x74, 0x46, 0x49, 0x89, 0xc0, 0x48, 0x89, 0xca, 0x0f, 0x1f, 0x84, 0x00,
    0x00, 0x00, 0x00, 0x00, 0x4d, 0x85, 0xc0, 0x74, 0x16, 0x4c, 0x8b, 0x0a,
    0x4d, 0x89, 0x08, 0x4c, 0x8b, 0x4a, 0x08, 0x4d, 0x89, 0x48, 0x08, 0x4c,
    0x8b, 0x4a, 0x10, 0x4d, 0x89, 0x48, 0x10, 0x48, 0x83, 0xc2, 0x18, 0x49,
    0x83, 0xc0, 0x18, 0x49, 0x39, 0xd2, 0x75, 0xd8, 0x48, 0x8d, 0x51, 0x18,
    0x49, 0x29, 0xd2, 0x49, 0xc1, 0xea, 0x03, 0x4a, 0x8d, 0x44, 0xd0, 0x18,
    0x48, 0x89, 0x43, 0x20, 0x49, 0x8d, 0x43, 0x30, 0x48, 0x89, 0x86, 0x88,
    0x00, 0x00, 0x00, 0x48, 0x85, 0xc9, 0x74, 0x05, 0xe8, 0x3f, 0x38, 0x98,
    0x00, 0x48, 0x8b, 0x4c, 0x24, 0x60, 0x48, 0x85, 0xc9, 0x74, 0x06, 0xe8,
    0x30, 0x38, 0x98, 0x00, 0x90, 0x48, 0x81, 0xc4, 0xb8, 0x00, 0x00, 0x00,
    0x5b, 0x5e, 0x5f, 0x5d, 0xc3, 0x0f, 0x1f, 0x00, 0x48, 0x8b, 0x8c, 0x24,
    0x90, 0x00, 0x00, 0x00, 0x45, 0x31, 0xdb, 0xeb, 0xbf, 0x0f, 0x1f, 0x00,
    0x48, 0x89, 0xdd, 0x48, 0x89, 0x5c, 0x24, 0x70, 0xe9, 0x76, 0xfe, 0xff,
    0xff, 0x48, 0x8d, 0x94, 0x24, 0x00, 0x01, 0x00, 0x00, 0x49, 0x89, 0xf8,
    0x48, 0x8d, 0x8e, 0x80, 0x00, 0x00, 0x00, 0xe8, 0x2c, 0x5d, 0x8a, 0x00,
    0x48, 0x8b, 0x8c, 0x24, 0x90, 0x00, 0x00, 0x00, 0xeb, 0x99, 0xe8, 0x9d,
    0x51, 0x96, 0x00, 0x48, 0x89, 0xc3, 0x48, 0x8b, 0x4c, 0x24, 0x60, 0x48,
    0x85, 0xc9, 0x74, 0x05, 0xe8, 0xcb, 0x37, 0x98, 0x00, 0x48, 0x89, 0xd9,
    0xe8, 0x93, 0xa5, 0x61, 0x00, 0x48, 0x8b, 0x8c, 0x24, 0x90, 0x00, 0x00,
    0x00, 0x48, 0x89, 0xc3, 0x48, 0x85, 0xc9, 0x74, 0xd9, 0xe8, 0xae, 0x37,
    0x98, 0x00, 0xeb, 0xd2, 0xeb, 0xcd,
};

// 0xc2a0  382 bytes  export SetPartPriority (ordinals 126,127)
// status: comment_only  -- call to 0x1BF40 outside the block; call to 0x62F280 outside the block; call to 0x63F6B8 outside the block; call to 0x63F6C0 outside the block (+10 more)
// sha256: 3aeb9b439678325f061272a8ec6025911ac90fb9d0c8db001de2c1c674ea4b59
alignas(16) const unsigned char kBytes_c2a0[382] = {
    0x55, 0x57, 0x56, 0x53, 0x48, 0x83, 0xec, 0x38, 0x48, 0x89, 0xcf, 0x89,
    0xd5, 0xe8, 0x6e, 0xe8, 0xff, 0xff, 0xc6, 0x44, 0x24, 0x28, 0x00, 0x48,
    0x85, 0xc0, 0x48, 0x89, 0x44, 0x24, 0x20, 0x0f, 0x84, 0x26, 0x01, 0x00,
    0x00, 0x48, 0x89, 0xc1, 0xe8, 0xf3, 0x33, 0x63, 0x00, 0x85, 0xc0, 0x0f,
    0x85, 0x20, 0x01, 0x00, 0x00, 0xc6, 0x44, 0x24, 0x28, 0x01, 0xe8, 0x61,
    0xfc, 0x00, 0x00, 0x48, 0x85, 0xc0, 0x48, 0x89, 0xc3, 0x0f, 0x84, 0x9b,
    0x00, 0x00, 0x00, 0x41, 0xb8, 0x03, 0x00, 0x00, 0x00, 0x48, 0x89, 0xc1,
    0x48, 0x8d, 0x15, 0x93, 0x05, 0x9a, 0x00, 0xe8, 0x10, 0xbd, 0x96, 0x00,
    0x41, 0xb8, 0x0f, 0x00, 0x00, 0x00, 0x48, 0x89, 0xd9, 0x48, 0x8d, 0x15,
    0x86, 0x08, 0x9a, 0x00, 0xe8, 0xfb, 0xbc, 0x96, 0x00, 0x41, 0xb8, 0x01,
    0x00, 0x00, 0x00, 0x48, 0x89, 0xd9, 0x48, 0x8d, 0x15, 0x59, 0x08, 0x9a,
    0x00, 0xe8, 0xe6, 0xbc, 0x96, 0x00, 0x48, 0x89, 0xfa, 0x48, 0x89, 0xd9,
    0xe8, 0x5b, 0xc1, 0x85, 0x00, 0x41, 0xb8, 0x01, 0x00, 0x00, 0x00, 0x48,
    0x89, 0xd9, 0x48, 0x8d, 0x15, 0x39, 0x08, 0x9a, 0x00, 0xe8, 0xc6, 0xbc,
    0x96, 0x00, 0x89, 0xea, 0x48, 0x89, 0xd9, 0xe8, 0x1c, 0xcc, 0x85, 0x00,
    0x48, 0x8b, 0x03, 0x48, 0x8b, 0x40, 0xe8, 0x48, 0x8b, 0xb4, 0x03, 0xf0,
    0x00, 0x00, 0x00, 0x48, 0x85, 0xf6, 0x0f, 0x84, 0x90, 0x00, 0x00, 0x00,
    0x80, 0x7e, 0x38, 0x00, 0x74, 0x2e, 0x0f, 0xbe, 0x56, 0x43, 0x48, 0x89,
    0xd9, 0xe8, 0x72, 0xb8, 0x85, 0x00, 0x48, 0x89, 0xc1, 0xe8, 0x6a, 0xba,
    0x85, 0x00, 0x80, 0x7c, 0x24, 0x28, 0x00, 0x75, 0x43, 0x89, 0x6f, 0x08,
    0x48, 0x83, 0xc4, 0x38, 0x5b, 0x5e, 0x5f, 0x5d, 0xc3, 0x0f, 0x1f, 0x80,
    0x00, 0x00, 0x00, 0x00, 0x48, 0x89, 0xf1, 0xe8, 0x38, 0xa1, 0x81, 0x00,
    0x48, 0x8b, 0x06, 0x48, 0x8d, 0x0d, 0x6e, 0xa3, 0x81, 0x00, 0xba, 0x0a,
    0x00, 0x00, 0x00, 0x48, 0x8b, 0x40, 0x30, 0x48, 0x39, 0xc8, 0x74, 0xb6,
    0x48, 0x89, 0xf1, 0xff, 0xd0, 0x0f, 0xbe, 0xd0, 0xeb, 0xac, 0x66, 0x0f,
    0x1f, 0x44, 0x00, 0x00, 0x48, 0x8b, 0x4c, 0x24, 0x20, 0x48, 0x85, 0xc9,
    0x74, 0xb3, 0xe8, 0xd9, 0x32, 0x63, 0x00, 0x89, 0x6f, 0x08, 0x48, 0x83,
    0xc4, 0x38, 0x5b, 0x5e, 0x5f, 0x5d, 0xc3, 0xb9, 0x01, 0x00, 0x00, 0x00,
    0xe8, 0xfb, 0xe7, 0x96, 0x00, 0x89, 0xc1, 0xe8, 0xf4, 0xe7, 0x96, 0x00,
    0xe8, 0x4f, 0xc3, 0x96, 0x00, 0x80, 0x7c, 0x24, 0x28, 0x00, 0x48, 0x89,
    0xc3, 0x74, 0x0a, 0x48, 0x8d, 0x4c, 0x24, 0x20, 0xe8, 0x9b, 0x9d, 0x86,
    0x00, 0x48, 0x89, 0xd9, 0xe8, 0x63, 0x2e, 0x62, 0x00, 0x90,
};

// 0xd1a0  353 bytes  export CNS_SetMultiplicityPreference (ordinals 128,129)
// status: comment_only  -- call to 0x1BF40 outside the block; call to 0x62F280 outside the block; call to 0x63F6B8 outside the block; call to 0x63F6C0 outside the block (+6 more)
// sha256: 9745ac337af5f494c566445597aaacd814ab406dcc2b37f5084f082c8e8ad4a4
alignas(16) const unsigned char kBytes_d1a0[353] = {
    0x57, 0x56, 0x53, 0x48, 0x83, 0xec, 0x30, 0x48, 0x89, 0xcf, 0x89, 0xd6,
    0xe8, 0x6f, 0xd9, 0xff, 0xff, 0xc6, 0x44, 0x24, 0x28, 0x00, 0x48, 0x85,
    0xc0, 0x48, 0x89, 0x44, 0x24, 0x20, 0x0f, 0x84, 0x06, 0x01, 0x00, 0x00,
    0x48, 0x89, 0xc1, 0xe8, 0xf4, 0x24, 0x63, 0x00, 0x85, 0xc0, 0x0f, 0x85,
    0x00, 0x01, 0x00, 0x00, 0xc6, 0x44, 0x24, 0x28, 0x01, 0xe8, 0x62, 0xed,
    0x00, 0x00, 0x48, 0x85, 0xc0, 0x48, 0x89, 0xc3, 0x74, 0x51, 0x41, 0xb8,
    0x03, 0x00, 0x00, 0x00, 0x48, 0x89, 0xc1, 0x48, 0x8d, 0x15, 0x98, 0xf6,
    0x99, 0x00, 0xe8, 0x15, 0xae, 0x96, 0x00, 0x41, 0xb8, 0x1d, 0x00, 0x00,
    0x00, 0x48, 0x89, 0xd9, 0x48, 0x8d, 0x15, 0xa7, 0xfa, 0x99, 0x00, 0xe8,
    0x00, 0xae, 0x96, 0x00, 0x41, 0xb8, 0x01, 0x00, 0x00, 0x00, 0x48, 0x89,
    0xd9, 0x48, 0x8d, 0x15, 0x5e, 0xf9, 0x99, 0x00, 0xe8, 0xeb, 0xad, 0x96,
    0x00, 0x89, 0xf2, 0x48, 0x89, 0xd9, 0xe8, 0xd1, 0xca, 0x85, 0x00, 0x48,
    0x89, 0xd9, 0xe8, 0x89, 0xa6, 0x97, 0x00, 0x80, 0x7c, 0x24, 0x28, 0x00,
    0x75, 0x42, 0x83, 0xfe, 0x01, 0x74, 0x51, 0x83, 0xfe, 0x02, 0x74, 0x1a,
    0xf2, 0x0f, 0x10, 0x05, 0x88, 0x04, 0x9a, 0x00, 0x83, 0xfe, 0x03, 0x75,
    0x5b, 0xf2, 0x0f, 0x11, 0x47, 0x10, 0x48, 0x83, 0xc4, 0x30, 0x5b, 0x5e,
    0x5f, 0xc3, 0xf2, 0x0f, 0x10, 0x05, 0x76, 0x04, 0x9a, 0x00, 0xf2, 0x0f,
    0x11, 0x47, 0x10, 0x48, 0x83, 0xc4, 0x30, 0x5b, 0x5e, 0x5f, 0xc3, 0x66,
    0x0f, 0x1f, 0x84, 0x00, 0x00, 0x00, 0x00, 0x00, 0x48, 0x8b, 0x4c, 0x24,
    0x20, 0x48, 0x85, 0xc9, 0x74, 0xb4, 0xe8, 0x29, 0x24, 0x63, 0x00, 0x83,
    0xfe, 0x01, 0x75, 0xaf, 0xf2, 0x0f, 0x10, 0x05, 0x4c, 0x04, 0x9a, 0x00,
    0xf2, 0x0f, 0x11, 0x47, 0x10, 0x48, 0x83, 0xc4, 0x30, 0x5b, 0x5e, 0x5f,
    0xc3, 0x0f, 0x1f, 0x80, 0x00, 0x00, 0x00, 0x00, 0x83, 0xfe, 0x04, 0x75,
    0x26, 0xf2, 0x0f, 0x10, 0x05, 0x13, 0x04, 0x9a, 0x00, 0xf2, 0x0f, 0x11,
    0x47, 0x10, 0x48, 0x83, 0xc4, 0x30, 0x5b, 0x5e, 0x5f, 0xc3, 0xb9, 0x01,
    0x00, 0x00, 0x00, 0xe8, 0x1c, 0xd9, 0x96, 0x00, 0x89, 0xc1, 0xe8, 0x15,
    0xd9, 0x96, 0x00, 0x66, 0x0f, 0xef, 0xc0, 0xe9, 0x71, 0xff, 0xff, 0xff,
    0x80, 0x7c, 0x24, 0x28, 0x00, 0x48, 0x89, 0xc3, 0x74, 0x0a, 0x48, 0x8d,
    0x4c, 0x24, 0x20, 0xe8, 0xb8, 0x8e, 0x86, 0x00, 0x48, 0x89, 0xd9, 0xe8,
    0x80, 0x1f, 0x62, 0x00, 0x90,
};

// 0x15480  404 bytes  export AddCircularPart (ordinals 130,131)
// status: comment_only  -- call to 0x14D10 outside the block; call to 0x62F280 outside the block; call to 0x64AEA0 outside the block; call to 0x9984B0 outside the block (+1 more)
// sha256: 731ec488a315529638f9419bdaa9fbaba37f7b929ab1e01daf372fe5a599696b
alignas(16) const unsigned char kBytes_15480[404] = {
    0x57, 0x56, 0x53, 0x48, 0x81, 0xec, 0xb0, 0x00, 0x00, 0x00, 0x0f, 0x29,
    0xb4, 0x24, 0x80, 0x00, 0x00, 0x00, 0x0f, 0x29, 0xbc, 0x24, 0x90, 0x00,
    0x00, 0x00, 0x44, 0x0f, 0x29, 0x84, 0x24, 0xa0, 0x00, 0x00, 0x00, 0xf2,
    0x0f, 0x10, 0xbc, 0x24, 0xf0, 0x00, 0x00, 0x00, 0x66, 0x0f, 0x28, 0xf3,
    0x48, 0x89, 0xce, 0x66, 0x44, 0x0f, 0x28, 0xc2, 0x48, 0x8d, 0x0d, 0x07,
    0x84, 0x99, 0x00, 0x89, 0xd7, 0xe8, 0xda, 0x59, 0x63, 0x00, 0x66, 0x0f,
    0x28, 0xce, 0x66, 0x41, 0x0f, 0x28, 0xc0, 0xf2, 0x0f, 0x11, 0x74, 0x24,
    0x28, 0xf2, 0x0f, 0x5c, 0xcf, 0xf2, 0x0f, 0x11, 0x74, 0x24, 0x58, 0xb9,
    0x60, 0x00, 0x00, 0x00, 0xf2, 0x0f, 0x5c, 0xc7, 0xf2, 0x44, 0x0f, 0x11,
    0x44, 0x24, 0x38, 0xf2, 0x0f, 0x58, 0xf7, 0xf2, 0x44, 0x0f, 0x11, 0x44,
    0x24, 0x68, 0xf2, 0x0f, 0x11, 0x4c, 0x24, 0x40, 0x66, 0x41, 0x0f, 0x28,
    0xc8, 0xf2, 0x0f, 0x11, 0x44, 0x24, 0x20, 0xf2, 0x0f, 0x58, 0xcf, 0xf2,
    0x0f, 0x10, 0x05, 0xb9, 0x84, 0x99, 0x00, 0xf2, 0x0f, 0x11, 0x74, 0x24,
    0x70, 0xf2, 0x0f, 0x59, 0xc7, 0x66, 0x0f, 0x57, 0x05, 0xb7, 0x84, 0x99,
    0x00, 0xf2, 0x0f, 0x11, 0x4c, 0x24, 0x50, 0xf2, 0x0f, 0x11, 0x44, 0x24,
    0x30, 0xf2, 0x0f, 0x11, 0x44, 0x24, 0x48, 0xf2, 0x0f, 0x11, 0x44, 0x24,
    0x60, 0xf2, 0x0f, 0x11, 0x44, 0x24, 0x78, 0xe8, 0xb4, 0x2f, 0x98, 0x00,
    0x41, 0xb8, 0x04, 0x00, 0x00, 0x00, 0x89, 0xfa, 0x48, 0x89, 0xf1, 0x48,
    0x89, 0xc3, 0x48, 0x8b, 0x44, 0x24, 0x20, 0x49, 0x89, 0xd9, 0x48, 0x89,
    0x03, 0x48, 0x8b, 0x44, 0x24, 0x28, 0x48, 0x89, 0x43, 0x08, 0x48, 0x8b,
    0x44, 0x24, 0x30, 0x48, 0x89, 0x43, 0x10, 0x48, 0x8b, 0x44, 0x24, 0x38,
    0x48, 0x89, 0x43, 0x18, 0x48, 0x8b, 0x44, 0x24, 0x40, 0x48, 0x89, 0x43,
    0x20, 0x48, 0x8b, 0x44, 0x24, 0x48, 0x48, 0x89, 0x43, 0x28, 0x48, 0x8b,
    0x44, 0x24, 0x50, 0x48, 0x89, 0x43, 0x30, 0x48, 0x8b, 0x44, 0x24, 0x58,
    0x48, 0x89, 0x43, 0x38, 0x48, 0x8b, 0x44, 0x24, 0x60, 0x48, 0x89, 0x43,
    0x40, 0x48, 0x8b, 0x44, 0x24, 0x68, 0x48, 0x89, 0x43, 0x48, 0x48, 0x8b,
    0x44, 0x24, 0x70, 0x48, 0x89, 0x43, 0x50, 0x48, 0x8b, 0x44, 0x24, 0x78,
    0x48, 0x89, 0x43, 0x58, 0xe8, 0x43, 0xf7, 0xff, 0xff, 0x48, 0x89, 0xd9,
    0x48, 0x89, 0xc6, 0xe8, 0xd8, 0x2e, 0x98, 0x00, 0x90, 0x0f, 0x28, 0xb4,
    0x24, 0x80, 0x00, 0x00, 0x00, 0x48, 0x89, 0xf0, 0x0f, 0x28, 0xbc, 0x24,
    0x90, 0x00, 0x00, 0x00, 0x44, 0x0f, 0x28, 0x84, 0x24, 0xa0, 0x00, 0x00,
    0x00, 0x48, 0x81, 0xc4, 0xb0, 0x00, 0x00, 0x00, 0x5b, 0x5e, 0x5f, 0xc3,
    0x48, 0x89, 0xc6, 0x48, 0x89, 0xd9, 0xe8, 0xa5, 0x2e, 0x98, 0x00, 0x48,
    0x89, 0xf1, 0xe8, 0x6d, 0x9c, 0x61, 0x00, 0x90,
};

// 0x13800  581 bytes  export AddCircularHoleToPart (ordinals 132,133)
// status: comment_only  -- call to 0x23BF0 outside the block; call to 0x5CD5C0 outside the block; call to 0x62F280 outside the block; call to 0x64AEA0 outside the block (+4 more)
// sha256: 95a2515c03724cd0dbeca644ebca92e104fc581519bbe18d3de09190b02e2af9
alignas(16) const unsigned char kBytes_13800[581] = {
    0x56, 0x53, 0x48, 0x81, 0xec, 0xe8, 0x00, 0x00, 0x00, 0x0f, 0x29, 0xb4,
    0x24, 0xb0, 0x00, 0x00, 0x00, 0x0f, 0x29, 0xbc, 0x24, 0xc0, 0x00, 0x00,
    0x00, 0x44, 0x0f, 0x29, 0x84, 0x24, 0xd0, 0x00, 0x00, 0x00, 0x66, 0x0f,
    0x28, 0xf2, 0x48, 0x89, 0xce, 0x66, 0x0f, 0x28, 0xfb, 0x48, 0x8d, 0x0d,
    0x8c, 0x9f, 0x99, 0x00, 0x66, 0x44, 0x0f, 0x28, 0xc1, 0xe8, 0x62, 0x76,
    0x63, 0x00, 0x66, 0x0f, 0x28, 0xce, 0x66, 0x41, 0x0f, 0x28, 0xc0, 0xf2,
    0x0f, 0x11, 0x74, 0x24, 0x58, 0xf2, 0x0f, 0x5c, 0xcf, 0xb9, 0x60, 0x00,
    0x00, 0x00, 0xf2, 0x0f, 0x11, 0xb4, 0x24, 0x88, 0x00, 0x00, 0x00, 0xf2,
    0x0f, 0x5c, 0xc7, 0xf2, 0x44, 0x0f, 0x11, 0x44, 0x24, 0x68, 0xf2, 0x44,
    0x0f, 0x11, 0x84, 0x24, 0x98, 0x00, 0x00, 0x00, 0xf2, 0x0f, 0x58, 0xf7,
    0xf2, 0x0f, 0x11, 0x4c, 0x24, 0x70, 0x66, 0x41, 0x0f, 0x28, 0xc8, 0xf2,
    0x0f, 0x11, 0x44, 0x24, 0x50, 0xf2, 0x0f, 0x58, 0xcf, 0xf2, 0x0f, 0x10,
    0x05, 0x3b, 0xa1, 0x99, 0x00, 0xf2, 0x0f, 0x11, 0xb4, 0x24, 0xa0, 0x00,
    0x00, 0x00, 0xf2, 0x0f, 0x59, 0xc7, 0x66, 0x0f, 0x57, 0x05, 0x36, 0xa1,
    0x99, 0x00, 0xf2, 0x0f, 0x11, 0x44, 0x24, 0x60, 0xf2, 0x0f, 0x11, 0x44,
    0x24, 0x78, 0xf2, 0x0f, 0x11, 0x8c, 0x24, 0x80, 0x00, 0x00, 0x00, 0xf2,
    0x0f, 0x11, 0x84, 0x24, 0x90, 0x00, 0x00, 0x00, 0xf2, 0x0f, 0x11, 0x84,
    0x24, 0xa8, 0x00, 0x00, 0x00, 0xe8, 0x2a, 0x4c, 0x98, 0x00, 0x4c, 0x8d,
    0x44, 0x24, 0x40, 0x48, 0x89, 0xf2, 0x48, 0xc7, 0x44, 0x24, 0x40, 0x04,
    0x00, 0x00, 0x00, 0x48, 0x8d, 0x0d, 0x58, 0x9e, 0x99, 0x00, 0x48, 0x89,
    0xc3, 0x48, 0x8b, 0x44, 0x24, 0x50, 0x48, 0x89, 0x5c, 0x24, 0x48, 0x48,
    0x89, 0x03, 0x48, 0x8b, 0x44, 0x24, 0x58, 0x48, 0x89, 0x43, 0x08, 0x48,
    0x8b, 0x44, 0x24, 0x60, 0x48, 0x89, 0x43, 0x10, 0x48, 0x8b, 0x44, 0x24,
    0x68, 0x48, 0x89, 0x43, 0x18, 0x48, 0x8b, 0x44, 0x24, 0x70, 0x48, 0x89,
    0x43, 0x20, 0x48, 0x8b, 0x44, 0x24, 0x78, 0x48, 0x89, 0x43, 0x28, 0x48,
    0x8b, 0x84, 0x24, 0x80, 0x00, 0x00, 0x00, 0x48, 0x89, 0x43, 0x30, 0x48,
    0x8b, 0x84, 0x24, 0x88, 0x00, 0x00, 0x00, 0x48, 0x89, 0x43, 0x38, 0x48,
    0x8b, 0x84, 0x24, 0x90, 0x00, 0x00, 0x00, 0x48, 0x89, 0x43, 0x40, 0x48,
    0x8b, 0x84, 0x24, 0x98, 0x00, 0x00, 0x00, 0x48, 0x89, 0x43, 0x48, 0x48,
    0x8b, 0x84, 0x24, 0xa0, 0x00, 0x00, 0x00, 0x48, 0x89, 0x43, 0x50, 0x48,
    0x8b, 0x84, 0x24, 0xa8, 0x00, 0x00, 0x00, 0x48, 0x89, 0x43, 0x58, 0xe8,
    0xc8, 0x8f, 0x63, 0x00, 0x48, 0x8d, 0x4c, 0x24, 0x50, 0x48, 0x8d, 0x56,
    0x50, 0xe8, 0x3a, 0x9c, 0x5b, 0x00, 0x80, 0x7c, 0x24, 0x50, 0x00, 0x66,
    0x0f, 0xef, 0xdb, 0x74, 0x5f, 0x48, 0x8d, 0x86, 0x08, 0x02, 0x00, 0x00,
    0x48, 0x83, 0xc6, 0x68, 0xc7, 0x44, 0x24, 0x28, 0x01, 0x00, 0x00, 0x00,
    0x45, 0x31, 0xc0, 0x48, 0x89, 0x44, 0x24, 0x30, 0x48, 0x89, 0xda, 0xb9,
    0x04, 0x00, 0x00, 0x00, 0x48, 0x89, 0x74, 0x24, 0x20, 0xe8, 0x32, 0x02,
    0x01, 0x00, 0x90, 0x0f, 0x28, 0xb4, 0x24, 0xb0, 0x00, 0x00, 0x00, 0x48,
    0x89, 0xd9, 0x0f, 0x28, 0xbc, 0x24, 0xc0, 0x00, 0x00, 0x00, 0x44, 0x0f,
    0x28, 0x84, 0x24, 0xd0, 0x00, 0x00, 0x00, 0x48, 0x81, 0xc4, 0xe8, 0x00,
    0x00, 0x00, 0x5b, 0x5e, 0xe9, 0xc7, 0x4a, 0x98, 0x00, 0x0f, 0x1f, 0x80,
    0x00, 0x00, 0x00, 0x00, 0xf2, 0x0f, 0x10, 0x5c, 0x24, 0x70, 0xf2, 0x0f,
    0x10, 0x44, 0x24, 0x68, 0xf2, 0x0f, 0x5c, 0x5c, 0x24, 0x60, 0xf2, 0x0f,
    0x5c, 0x44, 0x24, 0x58, 0x66, 0x0f, 0x2e, 0xd8, 0x76, 0x12, 0xf2, 0x0f,
    0x59, 0x1d, 0xb2, 0x9f, 0x99, 0x00, 0xe9, 0x76, 0xff, 0xff, 0xff, 0x0f,
    0x1f, 0x44, 0x00, 0x00, 0xf2, 0x0f, 0x10, 0x1d, 0xa0, 0x9f, 0x99, 0x00,
    0xf2, 0x0f, 0x59, 0xd8, 0xe9, 0x60, 0xff, 0xff, 0xff, 0x48, 0x89, 0xc6,
    0x48, 0x89, 0xd9, 0xe8, 0x74, 0x4a, 0x98, 0x00, 0x48, 0x89, 0xf1, 0xe8,
    0x3c, 0xb8, 0x61, 0x00, 0x90,
};

// 0x15620  374 bytes  export AddRectanglePart (ordinals 134,135)
// status: comment_only  -- call to 0x14D10 outside the block; call to 0x62F280 outside the block; call to 0x64AEA0 outside the block; call to 0x9984B0 outside the block (+1 more)
// sha256: 31787de45b7eeb7645d7578b8b89b2c79cff269c48ae2bb43c9483aadfcb715f
alignas(16) const unsigned char kBytes_15620[374] = {
    0x57, 0x56, 0x53, 0x48, 0x81, 0xec, 0xb0, 0x00, 0x00, 0x00, 0x0f, 0x29,
    0xb4, 0x24, 0x90, 0x00, 0x00, 0x00, 0x0f, 0x29, 0xbc, 0x24, 0xa0, 0x00,
    0x00, 0x00, 0xf2, 0x0f, 0x10, 0xbc, 0x24, 0xf0, 0x00, 0x00, 0x00, 0xf2,
    0x0f, 0x10, 0xb4, 0x24, 0xf8, 0x00, 0x00, 0x00, 0x48, 0x89, 0xce, 0x89,
    0xd7, 0xf2, 0x0f, 0x11, 0x54, 0x24, 0x28, 0x48, 0x8d, 0x0d, 0x7b, 0x82,
    0x99, 0x00, 0xf2, 0x0f, 0x11, 0x5c, 0x24, 0x20, 0xe8, 0x37, 0x58, 0x63,
    0x00, 0xf2, 0x0f, 0x10, 0x54, 0x24, 0x28, 0xb9, 0x60, 0x00, 0x00, 0x00,
    0x66, 0x0f, 0xef, 0xc0, 0xf2, 0x0f, 0x10, 0x5c, 0x24, 0x20, 0xf2, 0x0f,
    0x11, 0x44, 0x24, 0x40, 0xf2, 0x0f, 0x11, 0x54, 0x24, 0x30, 0xf2, 0x0f,
    0x11, 0x5c, 0x24, 0x38, 0xf2, 0x0f, 0x11, 0x7c, 0x24, 0x48, 0xf2, 0x0f,
    0x11, 0x5c, 0x24, 0x50, 0xf2, 0x0f, 0x11, 0x44, 0x24, 0x58, 0xf2, 0x0f,
    0x11, 0x7c, 0x24, 0x60, 0xf2, 0x0f, 0x11, 0x74, 0x24, 0x68, 0xf2, 0x0f,
    0x11, 0x44, 0x24, 0x70, 0xf2, 0x0f, 0x11, 0x54, 0x24, 0x78, 0xf2, 0x0f,
    0x11, 0xb4, 0x24, 0x80, 0x00, 0x00, 0x00, 0xf2, 0x0f, 0x11, 0x84, 0x24,
    0x88, 0x00, 0x00, 0x00, 0xe8, 0x2f, 0x2e, 0x98, 0x00, 0x41, 0xb8, 0x04,
    0x00, 0x00, 0x00, 0x89, 0xfa, 0x48, 0x89, 0xf1, 0x48, 0x89, 0xc3, 0x48,
    0x8b, 0x44, 0x24, 0x30, 0x49, 0x89, 0xd9, 0x48, 0x89, 0x03, 0x48, 0x8b,
    0x44, 0x24, 0x38, 0x48, 0x89, 0x43, 0x08, 0x48, 0x8b, 0x44, 0x24, 0x40,
    0x48, 0x89, 0x43, 0x10, 0x48, 0x8b, 0x44, 0x24, 0x48, 0x48, 0x89, 0x43,
    0x18, 0x48, 0x8b, 0x44, 0x24, 0x50, 0x48, 0x89, 0x43, 0x20, 0x48, 0x8b,
    0x44, 0x24, 0x58, 0x48, 0x89, 0x43, 0x28, 0x48, 0x8b, 0x44, 0x24, 0x60,
    0x48, 0x89, 0x43, 0x30, 0x48, 0x8b, 0x44, 0x24, 0x68, 0x48, 0x89, 0x43,
    0x38, 0x48, 0x8b, 0x44, 0x24, 0x70, 0x48, 0x89, 0x43, 0x40, 0x48, 0x8b,
    0x44, 0x24, 0x78, 0x48, 0x89, 0x43, 0x48, 0x48, 0x8b, 0x84, 0x24, 0x80,
    0x00, 0x00, 0x00, 0x48, 0x89, 0x43, 0x50, 0x48, 0x8b, 0x84, 0x24, 0x88,
    0x00, 0x00, 0x00, 0x48, 0x89, 0x43, 0x58, 0xe8, 0xb8, 0xf5, 0xff, 0xff,
    0x48, 0x89, 0xd9, 0x48, 0x89, 0xc6, 0xe8, 0x4d, 0x2d, 0x98, 0x00, 0x90,
    0x0f, 0x28, 0xb4, 0x24, 0x90, 0x00, 0x00, 0x00, 0x48, 0x89, 0xf0, 0x0f,
    0x28, 0xbc, 0x24, 0xa0, 0x00, 0x00, 0x00, 0x48, 0x81, 0xc4, 0xb0, 0x00,
    0x00, 0x00, 0x5b, 0x5e, 0x5f, 0xc3, 0x48, 0x89, 0xc6, 0x48, 0x89, 0xd9,
    0xe8, 0x23, 0x2d, 0x98, 0x00, 0x48, 0x89, 0xf1, 0xe8, 0xeb, 0x9a, 0x61,
    0x00, 0x90,
};

// 0x13a50  569 bytes  export AddRectangularHoleToPart (ordinals 136,137)
// status: comment_only  -- call to 0x23BF0 outside the block; call to 0x5CD5C0 outside the block; call to 0x62F280 outside the block; call to 0x64AEA0 outside the block (+4 more)
// sha256: b2138f7d73c86c75e963796919e45d1f86a429854a6c8cd33756dc4d6403c905
alignas(16) const unsigned char kBytes_13a50[569] = {
    0x56, 0x53, 0x48, 0x81, 0xec, 0xf8, 0x00, 0x00, 0x00, 0x0f, 0x29, 0xb4,
    0x24, 0xd0, 0x00, 0x00, 0x00, 0x0f, 0x29, 0xbc, 0x24, 0xe0, 0x00, 0x00,
    0x00, 0x66, 0x0f, 0xef, 0xf6, 0xf2, 0x0f, 0x10, 0xbc, 0x24, 0x30, 0x01,
    0x00, 0x00, 0x48, 0x89, 0xce, 0xf2, 0x0f, 0x11, 0x4c, 0x24, 0x58, 0x48,
    0x8d, 0x0d, 0x53, 0x9d, 0x99, 0x00, 0xf2, 0x0f, 0x11, 0x54, 0x24, 0x50,
    0xf2, 0x0f, 0x11, 0x5c, 0x24, 0x48, 0xe8, 0x09, 0x74, 0x63, 0x00, 0xf2,
    0x0f, 0x10, 0x4c, 0x24, 0x58, 0xb9, 0x60, 0x00, 0x00, 0x00, 0xf2, 0x0f,
    0x11, 0xb4, 0x24, 0x80, 0x00, 0x00, 0x00, 0xf2, 0x0f, 0x11, 0xb4, 0x24,
    0x98, 0x00, 0x00, 0x00, 0xf2, 0x0f, 0x10, 0x54, 0x24, 0x50, 0xf2, 0x0f,
    0x10, 0x5c, 0x24, 0x48, 0xf2, 0x0f, 0x11, 0x4c, 0x24, 0x70, 0xf2, 0x0f,
    0x11, 0x54, 0x24, 0x78, 0xf2, 0x0f, 0x11, 0x9c, 0x24, 0x88, 0x00, 0x00,
    0x00, 0xf2, 0x0f, 0x11, 0x94, 0x24, 0x90, 0x00, 0x00, 0x00, 0xf2, 0x0f,
    0x11, 0x9c, 0x24, 0xa0, 0x00, 0x00, 0x00, 0xf2, 0x0f, 0x11, 0xbc, 0x24,
    0xa8, 0x00, 0x00, 0x00, 0xf2, 0x0f, 0x11, 0xb4, 0x24, 0xb0, 0x00, 0x00,
    0x00, 0xf2, 0x0f, 0x11, 0x8c, 0x24, 0xb8, 0x00, 0x00, 0x00, 0xf2, 0x0f,
    0x11, 0xbc, 0x24, 0xc0, 0x00, 0x00, 0x00, 0xf2, 0x0f, 0x11, 0xb4, 0x24,
    0xc8, 0x00, 0x00, 0x00, 0xe8, 0xe7, 0x49, 0x98, 0x00, 0x4c, 0x8d, 0x44,
    0x24, 0x60, 0x48, 0x89, 0xf2, 0x48, 0xc7, 0x44, 0x24, 0x60, 0x04, 0x00,
    0x00, 0x00, 0x48, 0x8d, 0x0d, 0x15, 0x9c, 0x99, 0x00, 0x48, 0x89, 0xc3,
    0x48, 0x8b, 0x44, 0x24, 0x70, 0x48, 0x89, 0x5c, 0x24, 0x68, 0x48, 0x89,
    0x03, 0x48, 0x8b, 0x44, 0x24, 0x78, 0x48, 0x89, 0x43, 0x08, 0x48, 0x8b,
    0x84, 0x24, 0x80, 0x00, 0x00, 0x00, 0x48, 0x89, 0x43, 0x10, 0x48, 0x8b,
    0x84, 0x24, 0x88, 0x00, 0x00, 0x00, 0x48, 0x89, 0x43, 0x18, 0x48, 0x8b,
    0x84, 0x24, 0x90, 0x00, 0x00, 0x00, 0x48, 0x89, 0x43, 0x20, 0x48, 0x8b,
    0x84, 0x24, 0x98, 0x00, 0x00, 0x00, 0x48, 0x89, 0x43, 0x28, 0x48, 0x8b,
    0x84, 0x24, 0xa0, 0x00, 0x00, 0x00, 0x48, 0x89, 0x43, 0x30, 0x48, 0x8b,
    0x84, 0x24, 0xa8, 0x00, 0x00, 0x00, 0x48, 0x89, 0x43, 0x38, 0x48, 0x8b,
    0x84, 0x24, 0xb0, 0x00, 0x00, 0x00, 0x48, 0x89, 0x43, 0x40, 0x48, 0x8b,
    0x84, 0x24, 0xb8, 0x00, 0x00, 0x00, 0x48, 0x89, 0x43, 0x48, 0x48, 0x8b,
    0x84, 0x24, 0xc0, 0x00, 0x00, 0x00, 0x48, 0x89, 0x43, 0x50, 0x48, 0x8b,
    0x84, 0x24, 0xc8, 0x00, 0x00, 0x00, 0x48, 0x89, 0x43, 0x58, 0xe8, 0x79,
    0x8d, 0x63, 0x00, 0x48, 0x8d, 0x4c, 0x24, 0x70, 0x48, 0x8d, 0x56, 0x50,
    0xe8, 0xeb, 0x99, 0x5b, 0x00, 0x80, 0x7c, 0x24, 0x70, 0x00, 0x66, 0x0f,
    0x28, 0xde, 0x74, 0x50, 0x48, 0x8d, 0x86, 0x08, 0x02, 0x00, 0x00, 0x48,
    0x83, 0xc6, 0x68, 0xc7, 0x44, 0x24, 0x28, 0x01, 0x00, 0x00, 0x00, 0x45,
    0x31, 0xc0, 0x48, 0x89, 0x44, 0x24, 0x30, 0x48, 0x89, 0xda, 0xb9, 0x04,
    0x00, 0x00, 0x00, 0x48, 0x89, 0x74, 0x24, 0x20, 0xe8, 0xe3, 0xff, 0x00,
    0x00, 0x90, 0x0f, 0x28, 0xb4, 0x24, 0xd0, 0x00, 0x00, 0x00, 0x48, 0x89,
    0xd9, 0x0f, 0x28, 0xbc, 0x24, 0xe0, 0x00, 0x00, 0x00, 0x48, 0x81, 0xc4,
    0xf8, 0x00, 0x00, 0x00, 0x5b, 0x5e, 0xe9, 0x81, 0x48, 0x98, 0x00, 0x90,
    0xf2, 0x0f, 0x10, 0x9c, 0x24, 0x90, 0x00, 0x00, 0x00, 0xf2, 0x0f, 0x10,
    0xb4, 0x24, 0x88, 0x00, 0x00, 0x00, 0xf2, 0x0f, 0x5c, 0x9c, 0x24, 0x80,
    0x00, 0x00, 0x00, 0xf2, 0x0f, 0x5c, 0x74, 0x24, 0x78, 0x66, 0x0f, 0x2e,
    0xde, 0x76, 0x0d, 0xf2, 0x0f, 0x59, 0x1d, 0x69, 0x9d, 0x99, 0x00, 0xe9,
    0x7c, 0xff, 0xff, 0xff, 0xf2, 0x0f, 0x59, 0x35, 0x5c, 0x9d, 0x99, 0x00,
    0x66, 0x0f, 0x28, 0xde, 0xe9, 0x6b, 0xff, 0xff, 0xff, 0x48, 0x89, 0xc6,
    0x48, 0x89, 0xd9, 0xe8, 0x30, 0x48, 0x98, 0x00, 0x48, 0x89, 0xf1, 0xe8,
    0xf8, 0xb5, 0x61, 0x00, 0x90,
};

// 0x14290  440 bytes  export AddOptionalQuantityToPart (ordinals 138,139)
// status: comment_only  -- call to 0x1BF40 outside the block; call to 0x62D860 outside the block; call to 0x62F280 outside the block; call to 0x63F6B8 outside the block (+13 more)
// sha256: d094618d33ed3a3bf33b484884dc77f0eee3b8cfa40d999e007e80f81f007570
alignas(16) const unsigned char kBytes_14290[440] = {
    0x55, 0x57, 0x56, 0x53, 0x48, 0x83, 0xec, 0x38, 0x0f, 0xb6, 0x05, 0x41,
    0xae, 0xb0, 0x00, 0x84, 0xc0, 0x48, 0x89, 0xcf, 0x89, 0xd5, 0x0f, 0x84,
    0x14, 0x01, 0x00, 0x00, 0x48, 0x8d, 0x0d, 0x35, 0xae, 0xb0, 0x00, 0xc6,
    0x44, 0x24, 0x28, 0x00, 0x48, 0x89, 0x4c, 0x24, 0x20, 0xe8, 0xfe, 0xb3,
    0x62, 0x00, 0x85, 0xc0, 0x0f, 0x85, 0x55, 0x01, 0x00, 0x00, 0xc6, 0x44,
    0x24, 0x28, 0x01, 0xe8, 0x6c, 0x7c, 0x00, 0x00, 0x48, 0x85, 0xc0, 0x48,
    0x89, 0xc3, 0x0f, 0x84, 0x9b, 0x00, 0x00, 0x00, 0x41, 0xb8, 0x03, 0x00,
    0x00, 0x00, 0x48, 0x89, 0xc1, 0x48, 0x8d, 0x15, 0x50, 0x94, 0x99, 0x00,
    0xe8, 0x1b, 0x3d, 0x96, 0x00, 0x41, 0xb8, 0x19, 0x00, 0x00, 0x00, 0x48,
    0x89, 0xd9, 0x48, 0x8d, 0x15, 0x5e, 0x95, 0x99, 0x00, 0xe8, 0x06, 0x3d,
    0x96, 0x00, 0x41, 0xb8, 0x01, 0x00, 0x00, 0x00, 0x48, 0x89, 0xd9, 0x48,
    0x8d, 0x15, 0x2a, 0x94, 0x99, 0x00, 0xe8, 0xf1, 0x3c, 0x96, 0x00, 0x48,
    0x89, 0xfa, 0x48, 0x89, 0xd9, 0xe8, 0x66, 0x41, 0x85, 0x00, 0x41, 0xb8,
    0x01, 0x00, 0x00, 0x00, 0x48, 0x89, 0xd9, 0x48, 0x8d, 0x15, 0x0a, 0x94,
    0x99, 0x00, 0xe8, 0xd1, 0x3c, 0x96, 0x00, 0x89, 0xea, 0x48, 0x89, 0xd9,
    0xe8, 0x27, 0x4c, 0x85, 0x00, 0x48, 0x8b, 0x03, 0x48, 0x8b, 0x40, 0xe8,
    0x48, 0x8b, 0xb4, 0x03, 0xf0, 0x00, 0x00, 0x00, 0x48, 0x85, 0xf6, 0x0f,
    0x84, 0xc5, 0x00, 0x00, 0x00, 0x80, 0x7e, 0x38, 0x00, 0x74, 0x29, 0x0f,
    0xbe, 0x56, 0x43, 0x48, 0x89, 0xd9, 0xe8, 0x7d, 0x38, 0x85, 0x00, 0x48,
    0x89, 0xc1, 0xe8, 0x75, 0x3a, 0x85, 0x00, 0x80, 0x7c, 0x24, 0x28, 0x00,
    0x75, 0x7e, 0x89, 0x6f, 0x04, 0x48, 0x83, 0xc4, 0x38, 0x5b, 0x5e, 0x5f,
    0x5d, 0xc3, 0x66, 0x90, 0x48, 0x89, 0xf1, 0xe8, 0x48, 0x21, 0x81, 0x00,
    0x48, 0x8b, 0x06, 0x48, 0x8d, 0x0d, 0x7e, 0x23, 0x81, 0x00, 0xba, 0x0a,
    0x00, 0x00, 0x00, 0x48, 0x8b, 0x40, 0x30, 0x48, 0x39, 0xc8, 0x74, 0xbb,
    0x48, 0x89, 0xf1, 0xff, 0xd0, 0x0f, 0xbe, 0xd0, 0xeb, 0xb1, 0x66, 0x0f,
    0x1f, 0x44, 0x00, 0x00, 0x48, 0x8d, 0x0d, 0x19, 0xad, 0xb0, 0x00, 0xe8,
    0xd4, 0x49, 0x98, 0x00, 0x85, 0xc0, 0x0f, 0x84, 0xd8, 0xfe, 0xff, 0xff,
    0x48, 0x8d, 0x0d, 0x0d, 0xad, 0xb0, 0x00, 0x31, 0xd2, 0xe8, 0xe6, 0xb2,
    0x62, 0x00, 0x48, 0x8d, 0x0d, 0xf7, 0xac, 0xb0, 0x00, 0xe8, 0xf2, 0x4a,
    0x98, 0x00, 0x48, 0x8d, 0x0d, 0xcb, 0xee, 0xff, 0xff, 0xe8, 0x66, 0x94,
    0x61, 0x00, 0xe9, 0xad, 0xfe, 0xff, 0xff, 0x90, 0x48, 0x8b, 0x4c, 0x24,
    0x20, 0x48, 0x85, 0xc9, 0x0f, 0x84, 0x74, 0xff, 0xff, 0xff, 0xe8, 0xa5,
    0xb2, 0x62, 0x00, 0x89, 0x6f, 0x04, 0x48, 0x83, 0xc4, 0x38, 0x5b, 0x5e,
    0x5f, 0x5d, 0xc3, 0x89, 0xc1, 0xe8, 0xca, 0x67, 0x96, 0x00, 0xe8, 0x25,
    0x43, 0x96, 0x00, 0x80, 0x7c, 0x24, 0x28, 0x00, 0x48, 0x89, 0xc3, 0x74,
    0x0a, 0x48, 0x8d, 0x4c, 0x24, 0x20, 0xe8, 0x71, 0x1d, 0x86, 0x00, 0x48,
    0x89, 0xd9, 0xe8, 0x39, 0xae, 0x61, 0x00, 0x90,
};

// 0xe010  353 bytes  export SetAutomaticStop (ordinals 140,141)
// status: comment_only  -- call to 0x1BF40 outside the block; call to 0x62F280 outside the block; call to 0x63F6B8 outside the block; call to 0x63F6C0 outside the block (+9 more)
// sha256: d2061d4cc71be9ff1d3ed2651a605812608a5751ea34678b98286e77c2817c0a
alignas(16) const unsigned char kBytes_e010[353] = {
    0x55, 0x57, 0x56, 0x53, 0x48, 0x83, 0xec, 0x38, 0x48, 0x89, 0xcd, 0x89,
    0xd7, 0xe8, 0xfe, 0xca, 0xff, 0xff, 0xc6, 0x44, 0x24, 0x28, 0x00, 0x48,
    0x85, 0xc0, 0x48, 0x89, 0x44, 0x24, 0x20, 0x0f, 0x84, 0x09, 0x01, 0x00,
    0x00, 0x48, 0x89, 0xc1, 0xe8, 0x83, 0x16, 0x63, 0x00, 0x85, 0xc0, 0x0f,
    0x85, 0x03, 0x01, 0x00, 0x00, 0xc6, 0x44, 0x24, 0x28, 0x01, 0xe8, 0xf1,
    0xde, 0x00, 0x00, 0x48, 0x85, 0xc0, 0x48, 0x89, 0xc3, 0x74, 0x7b, 0x41,
    0xb8, 0x03, 0x00, 0x00, 0x00, 0x48, 0x89, 0xc1, 0x48, 0x8d, 0x15, 0x27,
    0xe8, 0x99, 0x00, 0xe8, 0xa4, 0x9f, 0x96, 0x00, 0x41, 0xb8, 0x10, 0x00,
    0x00, 0x00, 0x48, 0x89, 0xd9, 0x48, 0x8d, 0x15, 0x33, 0xef, 0x99, 0x00,
    0xe8, 0x8f, 0x9f, 0x96, 0x00, 0x41, 0xb8, 0x01, 0x00, 0x00, 0x00, 0x48,
    0x89, 0xd9, 0x48, 0x8d, 0x15, 0xed, 0xea, 0x99, 0x00, 0xe8, 0x7a, 0x9f,
    0x96, 0x00, 0x89, 0xfa, 0x48, 0x89, 0xd9, 0xe8, 0x60, 0xbc, 0x85, 0x00,
    0x48, 0x8b, 0x03, 0x48, 0x8b, 0x40, 0xe8, 0x48, 0x8b, 0xb4, 0x03, 0xf0,
    0x00, 0x00, 0x00, 0x48, 0x85, 0xf6, 0x0f, 0x84, 0x97, 0x00, 0x00, 0x00,
    0x80, 0x7e, 0x38, 0x00, 0x74, 0x32, 0x0f, 0xbe, 0x56, 0x43, 0x48, 0x89,
    0xd9, 0xe8, 0x26, 0x9b, 0x85, 0x00, 0x48, 0x89, 0xc1, 0xe8, 0x1e, 0x9d,
    0x85, 0x00, 0x80, 0x7c, 0x24, 0x28, 0x00, 0x75, 0x47, 0x89, 0xbd, 0x40,
    0x02, 0x00, 0x00, 0x48, 0x83, 0xc4, 0x38, 0x5b, 0x5e, 0x5f, 0x5d, 0xc3,
    0x0f, 0x1f, 0x84, 0x00, 0x00, 0x00, 0x00, 0x00, 0x48, 0x89, 0xf1, 0xe8,
    0xe8, 0x83, 0x81, 0x00, 0x48, 0x8b, 0x06, 0x48, 0x8d, 0x0d, 0x1e, 0x86,
    0x81, 0x00, 0xba, 0x0a, 0x00, 0x00, 0x00, 0x48, 0x8b, 0x40, 0x30, 0x48,
    0x39, 0xc8, 0x74, 0xb2, 0x48, 0x89, 0xf1, 0xff, 0xd0, 0x0f, 0xbe, 0xd0,
    0xeb, 0xa8, 0x66, 0x0f, 0x1f, 0x44, 0x00, 0x00, 0x48, 0x8b, 0x4c, 0x24,
    0x20, 0x48, 0x85, 0xc9, 0x74, 0xaf, 0xe8, 0x89, 0x15, 0x63, 0x00, 0x89,
    0xbd, 0x40, 0x02, 0x00, 0x00, 0x48, 0x83, 0xc4, 0x38, 0x5b, 0x5e, 0x5f,
    0x5d, 0xc3, 0xb9, 0x01, 0x00, 0x00, 0x00, 0xe8, 0xa8, 0xca, 0x96, 0x00,
    0x89, 0xc1, 0xe8, 0xa1, 0xca, 0x96, 0x00, 0xe8, 0xfc, 0xa5, 0x96, 0x00,
    0x80, 0x7c, 0x24, 0x28, 0x00, 0x48, 0x89, 0xc3, 0x74, 0x0a, 0x48, 0x8d,
    0x4c, 0x24, 0x20, 0xe8, 0x48, 0x80, 0x86, 0x00, 0x48, 0x89, 0xd9, 0xe8,
    0x10, 0x11, 0x62, 0x00, 0x90,
};

// 0xe2d0  399 bytes  export SetOffcutEvaluation (ordinals 142,143)
// status: comment_only  -- call to 0x1BF40 outside the block; call to 0x1C0C0 outside the block; call to 0x62F280 outside the block; call to 0x63F6B8 outside the block (+6 more)
// sha256: 7a3251f13c5b4d3a7f919d84fd6243b89f3cf6812ee3fc31713c8753656c0f35
alignas(16) const unsigned char kBytes_e2d0[399] = {
    0x56, 0x53, 0x48, 0x81, 0xec, 0x98, 0x00, 0x00, 0x00, 0x0f, 0x29, 0x74,
    0x24, 0x60, 0x0f, 0x29, 0x7c, 0x24, 0x70, 0x44, 0x0f, 0x29, 0x84, 0x24,
    0x80, 0x00, 0x00, 0x00, 0x48, 0x89, 0xce, 0x66, 0x44, 0x0f, 0x28, 0xc1,
    0x66, 0x0f, 0x28, 0xfa, 0x66, 0x0f, 0x28, 0xf3, 0xe8, 0x1f, 0xc8, 0xff,
    0xff, 0xc6, 0x44, 0x24, 0x58, 0x00, 0x48, 0x85, 0xc0, 0x48, 0x89, 0x44,
    0x24, 0x50, 0x0f, 0x84, 0x24, 0x01, 0x00, 0x00, 0x48, 0x89, 0xc1, 0xe8,
    0xa4, 0x13, 0x63, 0x00, 0x85, 0xc0, 0x0f, 0x85, 0x0d, 0x01, 0x00, 0x00,
    0xc6, 0x44, 0x24, 0x58, 0x01, 0xe8, 0x12, 0xdc, 0x00, 0x00, 0x48, 0x85,
    0xc0, 0x48, 0x89, 0xc3, 0x0f, 0x84, 0xab, 0x00, 0x00, 0x00, 0x41, 0xb8,
    0x03, 0x00, 0x00, 0x00, 0x48, 0x89, 0xc1, 0x48, 0x8d, 0x15, 0x44, 0xe5,
    0x99, 0x00, 0xe8, 0xc1, 0x9c, 0x96, 0x00, 0x41, 0xb8, 0x13, 0x00, 0x00,
    0x00, 0x48, 0x89, 0xd9, 0x48, 0x8d, 0x15, 0xab, 0xec, 0x99, 0x00, 0xe8,
    0xac, 0x9c, 0x96, 0x00, 0x41, 0xb8, 0x01, 0x00, 0x00, 0x00, 0x48, 0x89,
    0xd9, 0xf2, 0x44, 0x0f, 0x11, 0x44, 0x24, 0x20, 0x48, 0x8d, 0x15, 0x03,
    0xe8, 0x99, 0x00, 0xe8, 0x90, 0x9c, 0x96, 0x00, 0x48, 0x8d, 0x54, 0x24,
    0x20, 0x48, 0x89, 0xd9, 0xe8, 0x33, 0xdd, 0x00, 0x00, 0x41, 0xb8, 0x01,
    0x00, 0x00, 0x00, 0x48, 0x89, 0xd9, 0xf2, 0x0f, 0x11, 0x7c, 0x24, 0x30,
    0x48, 0x8d, 0x15, 0xdb, 0xe7, 0x99, 0x00, 0xe8, 0x68, 0x9c, 0x96, 0x00,
    0x48, 0x8d, 0x54, 0x24, 0x30, 0x48, 0x89, 0xd9, 0xe8, 0x0b, 0xdd, 0x00,
    0x00, 0x41, 0xb8, 0x01, 0x00, 0x00, 0x00, 0x48, 0x89, 0xd9, 0xf2, 0x0f,
    0x11, 0x74, 0x24, 0x40, 0x48, 0x8d, 0x15, 0xb3, 0xe7, 0x99, 0x00, 0xe8,
    0x40, 0x9c, 0x96, 0x00, 0x48, 0x8d, 0x54, 0x24, 0x40, 0x48, 0x89, 0xd9,
    0xe8, 0xe3, 0xdc, 0x00, 0x00, 0x48, 0x89, 0xd9, 0xe8, 0xdb, 0x94, 0x97,
    0x00, 0x80, 0x7c, 0x24, 0x58, 0x00, 0x0f, 0x85, 0x30, 0x00, 0x00, 0x00,
    0xf2, 0x44, 0x0f, 0x11, 0x46, 0x28, 0x44, 0x0f, 0x28, 0x84, 0x24, 0x80,
    0x00, 0x00, 0x00, 0xf2, 0x0f, 0x11, 0x7e, 0x30, 0x0f, 0x28, 0x7c, 0x24,
    0x70, 0xf2, 0x0f, 0x11, 0x76, 0x38, 0x0f, 0x28, 0x74, 0x24, 0x60, 0x48,
    0x81, 0xc4, 0x98, 0x00, 0x00, 0x00, 0x5b, 0x5e, 0xc3, 0x0f, 0x1f, 0x00,
    0x48, 0x8b, 0x4c, 0x24, 0x50, 0x48, 0x85, 0xc9, 0x74, 0xc6, 0xe8, 0x89,
    0x12, 0x63, 0x00, 0xeb, 0xbf, 0x89, 0xc1, 0xe8, 0xb8, 0xc7, 0x96, 0x00,
    0xb9, 0x01, 0x00, 0x00, 0x00, 0xe8, 0xae, 0xc7, 0x96, 0x00, 0x80, 0x7c,
    0x24, 0x58, 0x00, 0x48, 0x89, 0xc3, 0x74, 0x0a, 0x48, 0x8d, 0x4c, 0x24,
    0x50, 0xe8, 0x5a, 0x7d, 0x86, 0x00, 0x48, 0x89, 0xd9, 0xe8, 0x22, 0x0e,
    0x62, 0x00, 0x90,
};

// 0xdd90  36 bytes  export SetFillLastNestingStrategy (ordinals 144,145)
// status: comment_only  -- call to 0x64E120 outside the block
// sha256: 50ef6a7df294874edcc25c01bf71409b722f3926a71d85a3bdd9275767144cba
alignas(16) const unsigned char kBytes_dd90[36] = {
    0x56, 0x53, 0x48, 0x83, 0xec, 0x28, 0x48, 0x89, 0xce, 0x89, 0xd3, 0x48,
    0x8d, 0x0d, 0x8b, 0xf1, 0x99, 0x00, 0xe8, 0x79, 0x03, 0x64, 0x00, 0x85,
    0xdb, 0x0f, 0x95, 0x46, 0x40, 0x48, 0x83, 0xc4, 0x28, 0x5b, 0x5e, 0xc3,
};

// 0xddc0  33 bytes  export SetShearMode (ordinals 146,147)
// status: comment_only  -- call to 0x64E120 outside the block
// sha256: 86f7f3a49df121f95d25f786b697fe96f37e181661cfe443d4f5d460cc43a79e
alignas(16) const unsigned char kBytes_ddc0[33] = {
    0x56, 0x53, 0x48, 0x83, 0xec, 0x28, 0x48, 0x89, 0xce, 0x89, 0xd3, 0x48,
    0x8d, 0x0d, 0x76, 0xf1, 0x99, 0x00, 0xe8, 0x49, 0x03, 0x64, 0x00, 0x89,
    0x5e, 0x44, 0x48, 0x83, 0xc4, 0x28, 0x5b, 0x5e, 0xc3,
};

// 0xe460  404 bytes  export SetCommonCutMode (ordinals 148,149)
// status: comment_only  -- call to 0x1BF40 outside the block; call to 0x1C0C0 outside the block; call to 0x62F280 outside the block; call to 0x63F6B8 outside the block (+10 more)
// sha256: 74d1bfb117c090e86c392b33224ca4a6c418ebd43bddaafd7a0f1bd1c4a0b507
alignas(16) const unsigned char kBytes_e460[404] = {
    0x55, 0x57, 0x56, 0x53, 0x48, 0x83, 0xec, 0x58, 0x0f, 0x29, 0x74, 0x24,
    0x40, 0x48, 0x89, 0xcf, 0x89, 0xd5, 0x66, 0x0f, 0x28, 0xf2, 0xe8, 0xa5,
    0xc6, 0xff, 0xff, 0xc6, 0x44, 0x24, 0x38, 0x00, 0x48, 0x85, 0xc0, 0x48,
    0x89, 0x44, 0x24, 0x30, 0x0f, 0x84, 0x33, 0x01, 0x00, 0x00, 0x48, 0x89,
    0xc1, 0xe8, 0x2a, 0x12, 0x63, 0x00, 0x85, 0xc0, 0x0f, 0x85, 0x2d, 0x01,
    0x00, 0x00, 0xc6, 0x44, 0x24, 0x38, 0x01, 0xe8, 0x98, 0xda, 0x00, 0x00,
    0x48, 0x85, 0xc0, 0x48, 0x89, 0xc3, 0x0f, 0x84, 0xa3, 0x00, 0x00, 0x00,
    0x41, 0xb8, 0x03, 0x00, 0x00, 0x00, 0x48, 0x89, 0xc1, 0x48, 0x8d, 0x15,
    0xca, 0xe3, 0x99, 0x00, 0xe8, 0x47, 0x9b, 0x96, 0x00, 0x41, 0xb8, 0x10,
    0x00, 0x00, 0x00, 0x48, 0x89, 0xd9, 0x48, 0x8d, 0x15, 0x45, 0xeb, 0x99,
    0x00, 0xe8, 0x32, 0x9b, 0x96, 0x00, 0x41, 0xb8, 0x01, 0x00, 0x00, 0x00,
    0x48, 0x89, 0xd9, 0x48, 0x8d, 0x15, 0x90, 0xe6, 0x99, 0x00, 0xe8, 0x1d,
    0x9b, 0x96, 0x00, 0x89, 0xea, 0x48, 0x89, 0xd9, 0xe8, 0x03, 0xb8, 0x85,
    0x00, 0x41, 0xb8, 0x01, 0x00, 0x00, 0x00, 0x48, 0x89, 0xd9, 0xf2, 0x0f,
    0x11, 0x74, 0x24, 0x20, 0x48, 0x8d, 0x15, 0x6b, 0xe6, 0x99, 0x00, 0xe8,
    0xf8, 0x9a, 0x96, 0x00, 0x48, 0x8d, 0x54, 0x24, 0x20, 0x48, 0x89, 0xd9,
    0xe8, 0x9b, 0xdb, 0x00, 0x00, 0x48, 0x8b, 0x03, 0x48, 0x8b, 0x40, 0xe8,
    0x48, 0x8b, 0xb4, 0x03, 0xf0, 0x00, 0x00, 0x00, 0x48, 0x85, 0xf6, 0x0f,
    0x84, 0x95, 0x00, 0x00, 0x00, 0x80, 0x7e, 0x38, 0x00, 0x74, 0x3d, 0x0f,
    0xbe, 0x56, 0x43, 0x48, 0x89, 0xd9, 0xe8, 0xa1, 0x96, 0x85, 0x00, 0x48,
    0x89, 0xc1, 0xe8, 0x99, 0x98, 0x85, 0x00, 0x80, 0x7c, 0x24, 0x38, 0x00,
    0x75, 0x52, 0xf2, 0x0f, 0x11, 0x77, 0x60, 0x0f, 0x28, 0x74, 0x24, 0x40,
    0x85, 0xed, 0x0f, 0x95, 0x47, 0x5c, 0x48, 0x83, 0xc4, 0x58, 0x5b, 0x5e,
    0x5f, 0x5d, 0xc3, 0x66, 0x0f, 0x1f, 0x84, 0x00, 0x00, 0x00, 0x00, 0x00,
    0x48, 0x89, 0xf1, 0xe8, 0x58, 0x7f, 0x81, 0x00, 0x48, 0x8b, 0x06, 0x48,
    0x8d, 0x0d, 0x8e, 0x81, 0x81, 0x00, 0xba, 0x0a, 0x00, 0x00, 0x00, 0x48,
    0x8b, 0x40, 0x30, 0x48, 0x39, 0xc8, 0x74, 0xa7, 0x48, 0x89, 0xf1, 0xff,
    0xd0, 0x0f, 0xbe, 0xd0, 0xeb, 0x9d, 0x66, 0x0f, 0x1f, 0x44, 0x00, 0x00,
    0x48, 0x8b, 0x4c, 0x24, 0x30, 0x48, 0x85, 0xc9, 0x74, 0xa4, 0xe8, 0xf9,
    0x10, 0x63, 0x00, 0xeb, 0x9d, 0xb9, 0x01, 0x00, 0x00, 0x00, 0xe8, 0x25,
    0xc6, 0x96, 0x00, 0x89, 0xc1, 0xe8, 0x1e, 0xc6, 0x96, 0x00, 0xe8, 0x79,
    0xa1, 0x96, 0x00, 0x80, 0x7c, 0x24, 0x38, 0x00, 0x48, 0x89, 0xc3, 0x74,
    0x0a, 0x48, 0x8d, 0x4c, 0x24, 0x30, 0xe8, 0xc5, 0x7b, 0x86, 0x00, 0x48,
    0x89, 0xd9, 0xe8, 0x8d, 0x0c, 0x62, 0x00, 0x90,
};

// 0xe940  354 bytes  export SetCommonCutSafetyPreference (ordinals 150,151)
// status: comment_only  -- call to 0x1BF40 outside the block; call to 0x62F280 outside the block; call to 0x63F6B8 outside the block; call to 0x63F6C0 outside the block (+9 more)
// sha256: bece2cb1cae5ebb1134c00305bbc33b2850306ec810c2efc374aba7684534e6b
alignas(16) const unsigned char kBytes_e940[354] = {
    0x55, 0x57, 0x56, 0x53, 0x48, 0x83, 0xec, 0x38, 0x48, 0x89, 0xcf, 0x89,
    0xd5, 0xe8, 0xce, 0xc1, 0xff, 0xff, 0xc6, 0x44, 0x24, 0x28, 0x00, 0x48,
    0x85, 0xc0, 0x48, 0x89, 0x44, 0x24, 0x20, 0x0f, 0x84, 0x0a, 0x01, 0x00,
    0x00, 0x48, 0x89, 0xc1, 0xe8, 0x53, 0x0d, 0x63, 0x00, 0x85, 0xc0, 0x0f,
    0x85, 0x04, 0x01, 0x00, 0x00, 0xc6, 0x44, 0x24, 0x28, 0x01, 0xe8, 0xc1,
    0xd5, 0x00, 0x00, 0x48, 0x85, 0xc0, 0x48, 0x89, 0xc3, 0x74, 0x7b, 0x41,
    0xb8, 0x03, 0x00, 0x00, 0x00, 0x48, 0x89, 0xc1, 0x48, 0x8d, 0x15, 0xf7,
    0xde, 0x99, 0x00, 0xe8, 0x74, 0x96, 0x96, 0x00, 0x41, 0xb8, 0x1c, 0x00,
    0x00, 0x00, 0x48, 0x89, 0xd9, 0x48, 0x8d, 0x15, 0xaa, 0xe6, 0x99, 0x00,
    0xe8, 0x5f, 0x96, 0x96, 0x00, 0x41, 0xb8, 0x01, 0x00, 0x00, 0x00, 0x48,
    0x89, 0xd9, 0x48, 0x8d, 0x15, 0xbd, 0xe1, 0x99, 0x00, 0xe8, 0x4a, 0x96,
    0x96, 0x00, 0x89, 0xea, 0x48, 0x89, 0xd9, 0xe8, 0x30, 0xb3, 0x85, 0x00,
    0x48, 0x8b, 0x03, 0x48, 0x8b, 0x40, 0xe8, 0x48, 0x8b, 0xb4, 0x03, 0xf0,
    0x00, 0x00, 0x00, 0x48, 0x85, 0xf6, 0x0f, 0x84, 0x98, 0x00, 0x00, 0x00,
    0x80, 0x7e, 0x38, 0x00, 0x74, 0x32, 0x0f, 0xbe, 0x56, 0x43, 0x48, 0x89,
    0xd9, 0xe8, 0xf6, 0x91, 0x85, 0x00, 0x48, 0x89, 0xc1, 0xe8, 0xee, 0x93,
    0x85, 0x00, 0x80, 0x7c, 0x24, 0x28, 0x00, 0x75, 0x47, 0xc6, 0x47, 0x68,
    0x01, 0x89, 0x6f, 0x6c, 0x48, 0x83, 0xc4, 0x38, 0x5b, 0x5e, 0x5f, 0x5d,
    0xc3, 0x0f, 0x1f, 0x80, 0x00, 0x00, 0x00, 0x00, 0x48, 0x89, 0xf1, 0xe8,
    0xb8, 0x7a, 0x81, 0x00, 0x48, 0x8b, 0x06, 0x48, 0x8d, 0x0d, 0xee, 0x7c,
    0x81, 0x00, 0xba, 0x0a, 0x00, 0x00, 0x00, 0x48, 0x8b, 0x40, 0x30, 0x48,
    0x39, 0xc8, 0x74, 0xb2, 0x48, 0x89, 0xf1, 0xff, 0xd0, 0x0f, 0xbe, 0xd0,
    0xeb, 0xa8, 0x66, 0x0f, 0x1f, 0x44, 0x00, 0x00, 0x48, 0x8b, 0x4c, 0x24,
    0x20, 0x48, 0x85, 0xc9, 0x74, 0xaf, 0xe8, 0x59, 0x0c, 0x63, 0x00, 0xc6,
    0x47, 0x68, 0x01, 0x89, 0x6f, 0x6c, 0x48, 0x83, 0xc4, 0x38, 0x5b, 0x5e,
    0x5f, 0x5d, 0xc3, 0xb9, 0x01, 0x00, 0x00, 0x00, 0xe8, 0x77, 0xc1, 0x96,
    0x00, 0x89, 0xc1, 0xe8, 0x70, 0xc1, 0x96, 0x00, 0xe8, 0xcb, 0x9c, 0x96,
    0x00, 0x80, 0x7c, 0x24, 0x28, 0x00, 0x48, 0x89, 0xc3, 0x74, 0x0a, 0x48,
    0x8d, 0x4c, 0x24, 0x20, 0xe8, 0x17, 0x77, 0x86, 0x00, 0x48, 0x89, 0xd9,
    0xe8, 0xdf, 0x07, 0x62, 0x00, 0x90,
};

// 0xeab0  468 bytes  export SetCommonCutAuthorizations (ordinals 152,153)
// status: comment_only  -- call to 0x1BF40 outside the block; call to 0x1C0C0 outside the block; call to 0x62F280 outside the block; call to 0x63F6B8 outside the block (+7 more)
// sha256: 595629344670d8652ac30a7d726c7a8f4ca44ef6fbbabd05ba544cac35f0d177
alignas(16) const unsigned char kBytes_eab0[468] = {
    0x41, 0x54, 0x55, 0x57, 0x56, 0x53, 0x48, 0x83, 0xec, 0x70, 0x0f, 0x29,
    0x74, 0x24, 0x50, 0x0f, 0x29, 0x7c, 0x24, 0x60, 0x8b, 0xac, 0x24, 0xc0,
    0x00, 0x00, 0x00, 0x8b, 0xbc, 0x24, 0xc8, 0x00, 0x00, 0x00, 0x48, 0x89,
    0xce, 0x66, 0x0f, 0x28, 0xf9, 0x66, 0x0f, 0x28, 0xf2, 0x45, 0x89, 0xcc,
    0xe8, 0x3b, 0xc0, 0xff, 0xff, 0xc6, 0x44, 0x24, 0x48, 0x00, 0x48, 0x85,
    0xc0, 0x48, 0x89, 0x44, 0x24, 0x40, 0x0f, 0x84, 0x65, 0x01, 0x00, 0x00,
    0x48, 0x89, 0xc1, 0xe8, 0xc0, 0x0b, 0x63, 0x00, 0x85, 0xc0, 0x0f, 0x85,
    0x4e, 0x01, 0x00, 0x00, 0xc6, 0x44, 0x24, 0x48, 0x01, 0xe8, 0x2e, 0xd4,
    0x00, 0x00, 0x48, 0x85, 0xc0, 0x48, 0x89, 0xc3, 0x0f, 0x84, 0xe0, 0x00,
    0x00, 0x00, 0x41, 0xb8, 0x03, 0x00, 0x00, 0x00, 0x48, 0x89, 0xc1, 0x48,
    0x8d, 0x15, 0x60, 0xdd, 0x99, 0x00, 0xe8, 0xdd, 0x94, 0x96, 0x00, 0x41,
    0xb8, 0x1a, 0x00, 0x00, 0x00, 0x48, 0x89, 0xd9, 0x48, 0x8d, 0x15, 0x30,
    0xe5, 0x99, 0x00, 0xe8, 0xc8, 0x94, 0x96, 0x00, 0x41, 0xb8, 0x01, 0x00,
    0x00, 0x00, 0x48, 0x89, 0xd9, 0xf2, 0x0f, 0x11, 0x7c, 0x24, 0x20, 0x48,
    0x8d, 0x15, 0x20, 0xe0, 0x99, 0x00, 0xe8, 0xad, 0x94, 0x96, 0x00, 0x48,
    0x8d, 0x54, 0x24, 0x20, 0x48, 0x89, 0xd9, 0xe8, 0x50, 0xd5, 0x00, 0x00,
    0x41, 0xb8, 0x01, 0x00, 0x00, 0x00, 0x48, 0x89, 0xd9, 0xf2, 0x0f, 0x11,
    0x74, 0x24, 0x30, 0x48, 0x8d, 0x15, 0xf8, 0xdf, 0x99, 0x00, 0xe8, 0x85,
    0x94, 0x96, 0x00, 0x48, 0x8d, 0x54, 0x24, 0x30, 0x48, 0x89, 0xd9, 0xe8,
    0x28, 0xd5, 0x00, 0x00, 0x41, 0xb8, 0x01, 0x00, 0x00, 0x00, 0x48, 0x89,
    0xd9, 0x48, 0x8d, 0x15, 0xd6, 0xdf, 0x99, 0x00, 0xe8, 0x63, 0x94, 0x96,
    0x00, 0x44, 0x89, 0xe2, 0x48, 0x89, 0xd9, 0xe8, 0x48, 0xb1, 0x85, 0x00,
    0x41, 0xb8, 0x01, 0x00, 0x00, 0x00, 0x48, 0x89, 0xd9, 0x48, 0x8d, 0x15,
    0xb6, 0xdf, 0x99, 0x00, 0xe8, 0x43, 0x94, 0x96, 0x00, 0x89, 0xea, 0x48,
    0x89, 0xd9, 0xe8, 0x29, 0xb1, 0x85, 0x00, 0x41, 0xb8, 0x01, 0x00, 0x00,
    0x00, 0x48, 0x89, 0xd9, 0x48, 0x8d, 0x15, 0x97, 0xdf, 0x99, 0x00, 0xe8,
    0x24, 0x94, 0x96, 0x00, 0x89, 0xfa, 0x48, 0x89, 0xd9, 0xe8, 0x0a, 0xb1,
    0x85, 0x00, 0x48, 0x89, 0xd9, 0xe8, 0xc2, 0x8c, 0x97, 0x00, 0x80, 0x7c,
    0x24, 0x48, 0x00, 0x0f, 0x85, 0x3c, 0x00, 0x00, 0x00, 0x85, 0xed, 0xf2,
    0x0f, 0x11, 0x7e, 0x70, 0x0f, 0x28, 0x7c, 0x24, 0x60, 0x0f, 0x95, 0x86,
    0x84, 0x00, 0x00, 0x00, 0xf2, 0x0f, 0x11, 0x76, 0x78, 0x85, 0xff, 0x0f,
    0x28, 0x74, 0x24, 0x50, 0x0f, 0x95, 0x86, 0x85, 0x00, 0x00, 0x00, 0xc6,
    0x46, 0x68, 0x00, 0x44, 0x89, 0xa6, 0x80, 0x00, 0x00, 0x00, 0x48, 0x83,
    0xc4, 0x70, 0x5b, 0x5e, 0x5f, 0x5d, 0x41, 0x5c, 0xc3, 0x48, 0x8b, 0x4c,
    0x24, 0x40, 0x48, 0x85, 0xc9, 0x74, 0xba, 0xe8, 0x64, 0x0a, 0x63, 0x00,
    0xeb, 0xb3, 0x89, 0xc1, 0xe8, 0x93, 0xbf, 0x96, 0x00, 0xb9, 0x01, 0x00,
    0x00, 0x00, 0xe8, 0x89, 0xbf, 0x96, 0x00, 0x80, 0x7c, 0x24, 0x48, 0x00,
    0x48, 0x89, 0xc3, 0x74, 0x0a, 0x48, 0x8d, 0x4c, 0x24, 0x40, 0xe8, 0x35,
    0x75, 0x86, 0x00, 0x48, 0x89, 0xd9, 0xe8, 0xfd, 0x05, 0x62, 0x00, 0x90,
};

// 0xec90  340 bytes  export SetCommonCutCuttingPreference (ordinals 154,155)
// status: comment_only  -- call to 0x1BF40 outside the block; call to 0x62F280 outside the block; call to 0x63F6B8 outside the block; call to 0x63F6C0 outside the block (+9 more)
// sha256: af561564ee345acc793fa374ce77438fa16f93971e28dc84a6babbff397fc851
alignas(16) const unsigned char kBytes_ec90[340] = {
    0x55, 0x57, 0x56, 0x53, 0x48, 0x83, 0xec, 0x38, 0x48, 0x89, 0xcf, 0x89,
    0xd5, 0xe8, 0x7e, 0xbe, 0xff, 0xff, 0xc6, 0x44, 0x24, 0x28, 0x00, 0x48,
    0x85, 0xc0, 0x48, 0x89, 0x44, 0x24, 0x20, 0x0f, 0x84, 0xfc, 0x00, 0x00,
    0x00, 0x48, 0x89, 0xc1, 0xe8, 0x03, 0x0a, 0x63, 0x00, 0x85, 0xc0, 0x0f,
    0x85, 0xf6, 0x00, 0x00, 0x00, 0xc6, 0x44, 0x24, 0x28, 0x01, 0xe8, 0x71,
    0xd2, 0x00, 0x00, 0x48, 0x85, 0xc0, 0x48, 0x89, 0xc3, 0x74, 0x7b, 0x41,
    0xb8, 0x03, 0x00, 0x00, 0x00, 0x48, 0x89, 0xc1, 0x48, 0x8d, 0x15, 0xa7,
    0xdb, 0x99, 0x00, 0xe8, 0x24, 0x93, 0x96, 0x00, 0x41, 0xb8, 0x1d, 0x00,
    0x00, 0x00, 0x48, 0x89, 0xd9, 0x48, 0x8d, 0x15, 0x92, 0xe3, 0x99, 0x00,
    0xe8, 0x0f, 0x93, 0x96, 0x00, 0x41, 0xb8, 0x01, 0x00, 0x00, 0x00, 0x48,
    0x89, 0xd9, 0x48, 0x8d, 0x15, 0x6d, 0xde, 0x99, 0x00, 0xe8, 0xfa, 0x92,
    0x96, 0x00, 0x89, 0xea, 0x48, 0x89, 0xd9, 0xe8, 0xe0, 0xaf, 0x85, 0x00,
    0x48, 0x8b, 0x03, 0x48, 0x8b, 0x40, 0xe8, 0x48, 0x8b, 0xb4, 0x03, 0xf0,
    0x00, 0x00, 0x00, 0x48, 0x85, 0xf6, 0x0f, 0x84, 0x8a, 0x00, 0x00, 0x00,
    0x80, 0x7e, 0x38, 0x00, 0x74, 0x32, 0x0f, 0xbe, 0x56, 0x43, 0x48, 0x89,
    0xd9, 0xe8, 0xa6, 0x8e, 0x85, 0x00, 0x48, 0x89, 0xc1, 0xe8, 0x9e, 0x90,
    0x85, 0x00, 0x80, 0x7c, 0x24, 0x28, 0x00, 0x75, 0x47, 0xc6, 0x87, 0x88,
    0x00, 0x00, 0x00, 0x01, 0x89, 0xaf, 0x8c, 0x00, 0x00, 0x00, 0x48, 0x83,
    0xc4, 0x38, 0x5b, 0x5e, 0x5f, 0x5d, 0xc3, 0x90, 0x48, 0x89, 0xf1, 0xe8,
    0x68, 0x77, 0x81, 0x00, 0x48, 0x8b, 0x06, 0x48, 0x8d, 0x0d, 0x9e, 0x79,
    0x81, 0x00, 0xba, 0x0a, 0x00, 0x00, 0x00, 0x48, 0x8b, 0x40, 0x30, 0x48,
    0x39, 0xc8, 0x74, 0xb2, 0x48, 0x89, 0xf1, 0xff, 0xd0, 0x0f, 0xbe, 0xd0,
    0xeb, 0xa8, 0x66, 0x0f, 0x1f, 0x44, 0x00, 0x00, 0x48, 0x8b, 0x4c, 0x24,
    0x20, 0x48, 0x85, 0xc9, 0x74, 0xaf, 0xe8, 0x09, 0x09, 0x63, 0x00, 0xeb,
    0xa8, 0xb9, 0x01, 0x00, 0x00, 0x00, 0xe8, 0x35, 0xbe, 0x96, 0x00, 0x89,
    0xc1, 0xe8, 0x2e, 0xbe, 0x96, 0x00, 0xe8, 0x89, 0x99, 0x96, 0x00, 0x80,
    0x7c, 0x24, 0x28, 0x00, 0x48, 0x89, 0xc3, 0x74, 0x0a, 0x48, 0x8d, 0x4c,
    0x24, 0x20, 0xe8, 0xd5, 0x73, 0x86, 0x00, 0x48, 0x89, 0xd9, 0xe8, 0x9d,
    0x04, 0x62, 0x00, 0x90,
};

// 0xedf0  337 bytes  export SetCommonCutObjective (ordinals 156,157)
// status: comment_only  -- call to 0x1BF40 outside the block; call to 0x1C0C0 outside the block; call to 0x62F280 outside the block; call to 0x63F6B8 outside the block (+6 more)
// sha256: 019ab600fdb0a9d47cceed6f20c61600befc2ba227561942e444cca8c986a3c7
alignas(16) const unsigned char kBytes_edf0[337] = {
    0x56, 0x53, 0x48, 0x83, 0xec, 0x78, 0x0f, 0x29, 0x74, 0x24, 0x50, 0x0f,
    0x29, 0x7c, 0x24, 0x60, 0x48, 0x89, 0xce, 0x66, 0x0f, 0x28, 0xf9, 0x66,
    0x0f, 0x28, 0xf2, 0xe8, 0x10, 0xbd, 0xff, 0xff, 0xc6, 0x44, 0x24, 0x48,
    0x00, 0x48, 0x85, 0xc0, 0x48, 0x89, 0x44, 0x24, 0x40, 0x0f, 0x84, 0xf7,
    0x00, 0x00, 0x00, 0x48, 0x89, 0xc1, 0xe8, 0x95, 0x08, 0x63, 0x00, 0x85,
    0xc0, 0x0f, 0x85, 0xe0, 0x00, 0x00, 0x00, 0xc6, 0x44, 0x24, 0x48, 0x01,
    0xe8, 0x03, 0xd1, 0x00, 0x00, 0x48, 0x85, 0xc0, 0x48, 0x89, 0xc3, 0x0f,
    0x84, 0x82, 0x00, 0x00, 0x00, 0x41, 0xb8, 0x03, 0x00, 0x00, 0x00, 0x48,
    0x89, 0xc1, 0x48, 0x8d, 0x15, 0x35, 0xda, 0x99, 0x00, 0xe8, 0xb2, 0x91,
    0x96, 0x00, 0x41, 0xb8, 0x15, 0x00, 0x00, 0x00, 0x48, 0x89, 0xd9, 0x48,
    0x8d, 0x15, 0x3e, 0xe2, 0x99, 0x00, 0xe8, 0x9d, 0x91, 0x96, 0x00, 0x41,
    0xb8, 0x01, 0x00, 0x00, 0x00, 0x48, 0x89, 0xd9, 0xf2, 0x0f, 0x11, 0x7c,
    0x24, 0x20, 0x48, 0x8d, 0x15, 0xf5, 0xdc, 0x99, 0x00, 0xe8, 0x82, 0x91,
    0x96, 0x00, 0x48, 0x8d, 0x54, 0x24, 0x20, 0x48, 0x89, 0xd9, 0xe8, 0x25,
    0xd2, 0x00, 0x00, 0x41, 0xb8, 0x01, 0x00, 0x00, 0x00, 0x48, 0x89, 0xd9,
    0xf2, 0x0f, 0x11, 0x74, 0x24, 0x30, 0x48, 0x8d, 0x15, 0xcd, 0xdc, 0x99,
    0x00, 0xe8, 0x5a, 0x91, 0x96, 0x00, 0x48, 0x8d, 0x54, 0x24, 0x30, 0x48,
    0x89, 0xd9, 0xe8, 0xfd, 0xd1, 0x00, 0x00, 0x48, 0x89, 0xd9, 0xe8, 0xf5,
    0x89, 0x97, 0x00, 0x80, 0x7c, 0x24, 0x48, 0x00, 0x75, 0x30, 0x66, 0x0f,
    0x2e, 0x3d, 0xee, 0xe7, 0x99, 0x00, 0x7a, 0x02, 0x74, 0x13, 0xf2, 0x0f,
    0x5e, 0xf7, 0xc6, 0x86, 0x88, 0x00, 0x00, 0x00, 0x00, 0xf2, 0x0f, 0x11,
    0xb6, 0x90, 0x00, 0x00, 0x00, 0x0f, 0x28, 0x74, 0x24, 0x50, 0x0f, 0x28,
    0x7c, 0x24, 0x60, 0x48, 0x83, 0xc4, 0x78, 0x5b, 0x5e, 0xc3, 0x48, 0x8b,
    0x4c, 0x24, 0x40, 0x48, 0x85, 0xc9, 0x74, 0xc6, 0xe8, 0xa7, 0x07, 0x63,
    0x00, 0xeb, 0xbf, 0x89, 0xc1, 0xe8, 0xd6, 0xbc, 0x96, 0x00, 0xb9, 0x01,
    0x00, 0x00, 0x00, 0xe8, 0xcc, 0xbc, 0x96, 0x00, 0x80, 0x7c, 0x24, 0x48,
    0x00, 0x48, 0x89, 0xc3, 0x74, 0x0a, 0x48, 0x8d, 0x4c, 0x24, 0x40, 0xe8,
    0x78, 0x72, 0x86, 0x00, 0x48, 0x89, 0xd9, 0xe8, 0x40, 0x03, 0x62, 0x00,
    0x90,
};

// 0xd710  346 bytes  export GetNumberOfCommonCuts (ordinals 158,159)
// status: comment_only  -- call to 0x51DD80 outside the block; call to 0x60A620 outside the block; call to 0x62F280 outside the block; call to 0x64AEA0 outside the block (+3 more)
// sha256: d417bd58d7e026638d3dff579db55ed2ddf40bcb5988a054d818e569f6e3db9b
alignas(16) const unsigned char kBytes_d710[346] = {
    0x55, 0x57, 0x56, 0x53, 0x48, 0x81, 0xec, 0x98, 0x00, 0x00, 0x00, 0x48,
    0x8d, 0x5c, 0x24, 0x60, 0x48, 0x89, 0xce, 0x48, 0x8d, 0x0d, 0x91, 0xf6,
    0x99, 0x00, 0xe8, 0x71, 0xd7, 0x63, 0x00, 0x48, 0x8b, 0x56, 0x08, 0x48,
    0x85, 0xd2, 0x74, 0x58, 0x48, 0x89, 0xd9, 0xe8, 0x40, 0x06, 0x51, 0x00,
    0x48, 0x8b, 0x4c, 0x24, 0x78, 0x48, 0xb8, 0xc5, 0x4e, 0xec, 0xc4, 0x4e,
    0xec, 0xc4, 0x4e, 0x48, 0x8b, 0x9c, 0x24, 0x80, 0x00, 0x00, 0x00, 0x48,
    0x29, 0xcb, 0x48, 0xc1, 0xfb, 0x03, 0x48, 0x0f, 0xaf, 0xd8, 0x48, 0x85,
    0xc9, 0x74, 0x05, 0xe8, 0x44, 0xad, 0x98, 0x00, 0x48, 0x8d, 0x0d, 0x73,
    0xf6, 0x99, 0x00, 0x89, 0xda, 0xe8, 0xb6, 0x0e, 0x64, 0x00, 0x89, 0xd8,
    0x48, 0x81, 0xc4, 0x98, 0x00, 0x00, 0x00, 0x5b, 0x5e, 0x5f, 0x5d, 0xc3,
    0x0f, 0x1f, 0x84, 0x00, 0x00, 0x00, 0x00, 0x00, 0x48, 0x8d, 0x15, 0x3a,
    0xf6, 0x99, 0x00, 0x48, 0x89, 0xd9, 0xe8, 0xb1, 0xd4, 0xff, 0xff, 0x48,
    0x8d, 0x7c, 0x24, 0x40, 0x48, 0x8d, 0x15, 0x85, 0xfe, 0x99, 0x00, 0x48,
    0x89, 0xf9, 0xe8, 0x9d, 0xd4, 0xff, 0xff, 0x48, 0x8d, 0x6c, 0x24, 0x20,
    0x48, 0x8d, 0x15, 0xc0, 0xf2, 0x99, 0x00, 0x48, 0x89, 0xe9, 0xe8, 0x89,
    0xd4, 0xff, 0xff, 0x49, 0x89, 0xd9, 0x49, 0x89, 0xf8, 0xba, 0xe9, 0x02,
    0x00, 0x00, 0x48, 0x89, 0xe9, 0xe8, 0x46, 0xce, 0x5f, 0x00, 0x48, 0x8b,
    0x4c, 0x24, 0x20, 0x48, 0x83, 0xc5, 0x10, 0x48, 0x39, 0xe9, 0x74, 0x05,
    0xe8, 0xc3, 0xac, 0x98, 0x00, 0x48, 0x8b, 0x4c, 0x24, 0x40, 0x48, 0x83,
    0xc7, 0x10, 0x48, 0x39, 0xf9, 0x74, 0x05, 0xe8, 0xb0, 0xac, 0x98, 0x00,
    0x48, 0x8b, 0x4c, 0x24, 0x60, 0x48, 0x8d, 0x43, 0x10, 0x48, 0x39, 0xc1,
    0x74, 0x05, 0xe8, 0x9d, 0xac, 0x98, 0x00, 0x48, 0x8b, 0x56, 0x08, 0xe9,
    0x1c, 0xff, 0xff, 0xff, 0x48, 0x89, 0xc6, 0x48, 0x8b, 0x4c, 0x24, 0x60,
    0x48, 0x83, 0xc3, 0x10, 0x48, 0x39, 0xd9, 0x74, 0x05, 0xe8, 0x7e, 0xac,
    0x98, 0x00, 0x48, 0x89, 0xf1, 0xe8, 0x46, 0x1a, 0x62, 0x00, 0x48, 0x8b,
    0x4c, 0x24, 0x20, 0x48, 0x83, 0xc5, 0x10, 0x48, 0x89, 0xc6, 0x48, 0x39,
    0xe9, 0x74, 0x05, 0xe8, 0x60, 0xac, 0x98, 0x00, 0x48, 0x8b, 0x4c, 0x24,
    0x40, 0x48, 0x83, 0xc7, 0x10, 0x48, 0x39, 0xf9, 0x74, 0xc1, 0xe8, 0x4d,
    0xac, 0x98, 0x00, 0xeb, 0xba, 0x48, 0x89, 0xc6, 0xeb, 0xe6,
};

// 0xba50  825 bytes  export GetCommonCut (ordinals 160,161)
// status: comment_only  -- call to 0x51DD80 outside the block; call to 0x60A620 outside the block; call to 0x62F280 outside the block; call to 0x64AEA0 outside the block (+2 more)
// sha256: ea667746deb9367e86db836eda62105007d66c32318d3354d2a1d6d00abe0433
alignas(16) const unsigned char kBytes_ba50[825] = {
    0x41, 0x57, 0x41, 0x56, 0x41, 0x55, 0x41, 0x54, 0x55, 0x57, 0x56, 0x53,
    0x48, 0x81, 0xec, 0xc8, 0x00, 0x00, 0x00, 0x48, 0x8b, 0xbc, 0x24, 0x30,
    0x01, 0x00, 0x00, 0x48, 0x8b, 0xb4, 0x24, 0x40, 0x01, 0x00, 0x00, 0x49,
    0x89, 0xce, 0x89, 0xd3, 0x4c, 0x89, 0xc5, 0x48, 0x8d, 0x0d, 0x6c, 0x10,
    0x9a, 0x00, 0x4d, 0x89, 0xcf, 0xe8, 0x16, 0xf4, 0x63, 0x00, 0x49, 0x8b,
    0x56, 0x08, 0x4c, 0x8d, 0xac, 0x24, 0x90, 0x00, 0x00, 0x00, 0x48, 0x85,
    0xd2, 0x0f, 0x84, 0x93, 0x01, 0x00, 0x00, 0x4c, 0x89, 0xe9, 0xe8, 0xd9,
    0x22, 0x51, 0x00, 0x48, 0x8b, 0x8c, 0x24, 0xa8, 0x00, 0x00, 0x00, 0x48,
    0xba, 0xc5, 0x4e, 0xec, 0xc4, 0x4e, 0xec, 0xc4, 0x4e, 0x48, 0x8b, 0x84,
    0x24, 0xb0, 0x00, 0x00, 0x00, 0x48, 0x29, 0xc8, 0x48, 0xc1, 0xf8, 0x03,
    0x48, 0x0f, 0xaf, 0xc2, 0x48, 0x39, 0xc3, 0x0f, 0x83, 0xbb, 0x00, 0x00,
    0x00, 0x48, 0x8d, 0x04, 0x5b, 0x48, 0x85, 0xc9, 0x48, 0x8d, 0x04, 0x83,
    0x48, 0x8d, 0x04, 0xc1, 0xf2, 0x0f, 0x10, 0x28, 0xf2, 0x0f, 0x10, 0x60,
    0x10, 0xf2, 0x0f, 0x10, 0x58, 0x20, 0x66, 0x0f, 0x16, 0x68, 0x08, 0xf2,
    0x0f, 0x10, 0x50, 0x30, 0x66, 0x0f, 0x16, 0x60, 0x18, 0xf2, 0x0f, 0x10,
    0x48, 0x40, 0x66, 0x0f, 0x16, 0x58, 0x28, 0xf2, 0x0f, 0x10, 0x40, 0x50,
    0x66, 0x0f, 0x16, 0x50, 0x38, 0x8b, 0x50, 0x64, 0x66, 0x0f, 0x16, 0x48,
    0x48, 0x66, 0x0f, 0x16, 0x40, 0x58, 0x44, 0x8b, 0x40, 0x60, 0x66, 0x0f,
    0x13, 0x6d, 0x00, 0x48, 0x8b, 0x84, 0x24, 0x38, 0x01, 0x00, 0x00, 0x66,
    0x0f, 0x17, 0x6d, 0x08, 0x66, 0x0f, 0x13, 0x65, 0x10, 0x66, 0x0f, 0x17,
    0x65, 0x18, 0x66, 0x0f, 0x13, 0x1f, 0x66, 0x0f, 0x17, 0x5f, 0x08, 0x66,
    0x0f, 0x13, 0x57, 0x10, 0x66, 0x0f, 0x17, 0x57, 0x18, 0x66, 0x0f, 0x13,
    0x0e, 0x66, 0x0f, 0x17, 0x4e, 0x08, 0x66, 0x0f, 0x13, 0x46, 0x10, 0x66,
    0x0f, 0x17, 0x46, 0x18, 0x45, 0x89, 0x07, 0x89, 0x10, 0x74, 0x06, 0xe8,
    0x3c, 0xc9, 0x98, 0x00, 0x90, 0x48, 0x81, 0xc4, 0xc8, 0x00, 0x00, 0x00,
    0x5b, 0x5e, 0x5f, 0x5d, 0x41, 0x5c, 0x41, 0x5d, 0x41, 0x5e, 0x41, 0x5f,
    0xc3, 0x0f, 0x1f, 0x80, 0x00, 0x00, 0x00, 0x00, 0x48, 0x8d, 0x44, 0x24,
    0x70, 0x48, 0x8d, 0x15, 0x74, 0x0f, 0x9a, 0x00, 0x48, 0x89, 0xc1, 0x49,
    0x89, 0xc6, 0x48, 0x89, 0x44, 0x24, 0x28, 0xe8, 0xa4, 0xf0, 0xff, 0xff,
    0x4c, 0x8d, 0x64, 0x24, 0x50, 0x48, 0x8d, 0x15, 0x58, 0x1a, 0x9a, 0x00,
    0x4c, 0x89, 0xe1, 0xe8, 0x90, 0xf0, 0xff, 0xff, 0x4c, 0x8d, 0x6c, 0x24,
    0x30, 0x48, 0x8d, 0x15, 0xb3, 0x0e, 0x9a, 0x00, 0x4c, 0x89, 0xe9, 0xe8,
    0x7c, 0xf0, 0xff, 0xff, 0x4d, 0x89, 0xf1, 0x4d, 0x89, 0xe0, 0xba, 0x04,
    0x03, 0x00, 0x00, 0x4c, 0x89, 0xe9, 0xe8, 0x39, 0xea, 0x5f, 0x00, 0x48,
    0x8b, 0x4c, 0x24, 0x30, 0x49, 0x83, 0xc5, 0x10, 0x4c, 0x39, 0xe9, 0x74,
    0x05, 0xe8, 0xb6, 0xc8, 0x98, 0x00, 0x48, 0x8b, 0x4c, 0x24, 0x50, 0x49,
    0x83, 0xc4, 0x10, 0x4c, 0x39, 0xe1, 0x74, 0x05, 0xe8, 0xa3, 0xc8, 0x98,
    0x00, 0x48, 0x8b, 0x44, 0x24, 0x28, 0x48, 0x8b, 0x4c, 0x24, 0x70, 0x48,
    0x83, 0xc0, 0x10, 0x48, 0x39, 0xc1, 0x74, 0x05, 0xe8, 0x8b, 0xc8, 0x98,
    0x00, 0x48, 0x8b, 0x8c, 0x24, 0xa8, 0x00, 0x00, 0x00, 0xe9, 0xa3, 0xfe,
    0xff, 0xff, 0x48, 0x8d, 0x15, 0xc2, 0x0e, 0x9a, 0x00, 0x4c, 0x89, 0xe9,
    0xe8, 0x0f, 0xf0, 0xff, 0xff, 0x48, 0x8d, 0x44, 0x24, 0x70, 0x48, 0x8d,
    0x15, 0xc3, 0x19, 0x9a, 0x00, 0x48, 0x89, 0xc1, 0x48, 0x89, 0x44, 0x24,
    0x28, 0xe8, 0xf6, 0xef, 0xff, 0xff, 0x4c, 0x8d, 0x64, 0x24, 0x50, 0x48,
    0x8d, 0x15, 0x19, 0x0e, 0x9a, 0x00, 0x4c, 0x89, 0xe1, 0xe8, 0xe2, 0xef,
    0xff, 0xff, 0x4c, 0x8b, 0x44, 0x24, 0x28, 0x4d, 0x89, 0xe9, 0xba, 0x02,
    0x03, 0x00, 0x00, 0x4c, 0x89, 0xe1, 0xe8, 0x9d, 0xe9, 0x5f, 0x00, 0x48,
    0x8b, 0x4c, 0x24, 0x50, 0x49, 0x83, 0xc4, 0x10, 0x4c, 0x39, 0xe1, 0x74,
    0x05, 0xe8, 0x1a, 0xc8, 0x98, 0x00, 0x48, 0x8b, 0x44, 0x24, 0x28, 0x48,
    0x8b, 0x4c, 0x24, 0x70, 0x48, 0x83, 0xc0, 0x10, 0x48, 0x39, 0xc1, 0x74,
    0x05, 0xe8, 0x02, 0xc8, 0x98, 0x00, 0x48, 0x8b, 0x8c, 0x24, 0x90, 0x00,
    0x00, 0x00, 0x49, 0x8d, 0x45, 0x10, 0x48, 0x39, 0xc1, 0x74, 0x05, 0xe8,
    0xec, 0xc7, 0x98, 0x00, 0x49, 0x8b, 0x56, 0x08, 0xe9, 0xd2, 0xfd, 0xff,
    0xff, 0x48, 0x89, 0xc3, 0x48, 0x8b, 0x8c, 0x24, 0x90, 0x00, 0x00, 0x00,
    0x49, 0x83, 0xc5, 0x10, 0x4c, 0x39, 0xe9, 0x74, 0x05, 0xe8, 0xca, 0xc7,
    0x98, 0x00, 0x48, 0x89, 0xd9, 0xe8, 0x92, 0x35, 0x62, 0x00, 0x48, 0x89,
    0xc3, 0x48, 0x8b, 0x8c, 0x24, 0xa8, 0x00, 0x00, 0x00, 0x48, 0x85, 0xc9,
    0x75, 0xe3, 0xeb, 0xe6, 0x48, 0x89, 0xc3, 0x48, 0x8b, 0x54, 0x24, 0x28,
    0x48, 0x8b, 0x4c, 0x24, 0x70, 0x48, 0x83, 0xc2, 0x10, 0x48, 0x39, 0xd1,
    0x74, 0xdb, 0xe8, 0x95, 0xc7, 0x98, 0x00, 0xeb, 0xd4, 0x48, 0x89, 0xc3,
    0x48, 0x8b, 0x4c, 0x24, 0x50, 0x49, 0x83, 0xc4, 0x10, 0x4c, 0x39, 0xe1,
    0x74, 0xd5, 0xe8, 0x7d, 0xc7, 0x98, 0x00, 0xeb, 0xce, 0x48, 0x8b, 0x4c,
    0x24, 0x30, 0x49, 0x83, 0xc5, 0x10, 0x48, 0x89, 0xc3, 0x4c, 0x39, 0xe9,
    0x74, 0xda, 0xe8, 0x65, 0xc7, 0x98, 0x00, 0xeb, 0xd3, 0x48, 0x8b, 0x4c,
    0x24, 0x50, 0x49, 0x83, 0xc4, 0x10, 0x48, 0x89, 0xc3, 0x4c, 0x39, 0xe1,
    0x74, 0x05, 0xe8, 0x4d, 0xc7, 0x98, 0x00, 0x48, 0x8b, 0x44, 0x24, 0x28,
    0x48, 0x8b, 0x4c, 0x24, 0x70, 0x48, 0x83, 0xc0, 0x10, 0x48, 0x39, 0xc1,
    0x0f, 0x84, 0x56, 0xff, 0xff, 0xff, 0xe8, 0x31, 0xc7, 0x98, 0x00, 0xe9,
    0x4c, 0xff, 0xff, 0xff, 0x48, 0x89, 0xc3, 0xeb, 0xda,
};

// 0xe180  111 bytes  export UnLockLaunchingOrderSntl (ordinals 162,163)
// status: comment_only  -- call to 0x63F238 outside the block; call to 0x64D9C0 outside the block; call to 0x90ECB0 outside the block
// sha256: cb0554621dd348eb19274ce2738b837ea83acc653cd649174aaafe240265ed6a
alignas(16) const unsigned char kBytes_e180[111] = {
    0x57, 0x56, 0x53, 0x48, 0x83, 0xec, 0x30, 0x48, 0x89, 0xcb, 0x48, 0x89,
    0xd7, 0x4c, 0x89, 0xc6, 0x48, 0x8d, 0x0d, 0x29, 0xee, 0x99, 0x00, 0xe8,
    0x24, 0xf8, 0x63, 0x00, 0x48, 0x89, 0xf9, 0xe8, 0x94, 0x10, 0x63, 0x00,
    0x4c, 0x8b, 0x83, 0x50, 0x02, 0x00, 0x00, 0x49, 0x89, 0xf9, 0x31, 0xd2,
    0x48, 0x8d, 0x8b, 0x48, 0x02, 0x00, 0x00, 0x48, 0x89, 0x44, 0x24, 0x20,
    0xe8, 0xef, 0x0a, 0x90, 0x00, 0x48, 0x89, 0xf1, 0xe8, 0x6f, 0x10, 0x63,
    0x00, 0x4c, 0x8b, 0x83, 0x70, 0x02, 0x00, 0x00, 0x48, 0x8d, 0x8b, 0x68,
    0x02, 0x00, 0x00, 0x31, 0xd2, 0x48, 0x89, 0x44, 0x24, 0x20, 0x49, 0x89,
    0xf1, 0xe8, 0xca, 0x0a, 0x90, 0x00, 0x90, 0x48, 0x83, 0xc4, 0x30, 0x5b,
    0x5e, 0x5f, 0xc3,
};

// 0x3310  66 bytes  export LaunchLimitedLocalComputation (ordinals 164,165)
// status: comment_only  -- call to 0x2AB0 outside the block; call to 0x64AEA0 outside the block
// sha256: 0e03a70dc7910447745ee4e2325f9f8272db97b8495c3944dfca44e963218b1c
alignas(16) const unsigned char kBytes_3310[66] = {
    0x56, 0x53, 0x48, 0x83, 0xec, 0x28, 0x48, 0x89, 0xcb, 0x48, 0x8d, 0x0d,
    0x97, 0x8e, 0x9a, 0x00, 0xe8, 0x7b, 0x7b, 0x64, 0x00, 0x8b, 0xb3, 0xf8,
    0x01, 0x00, 0x00, 0x48, 0x89, 0xd9, 0xc7, 0x83, 0xf8, 0x01, 0x00, 0x00,
    0x01, 0x00, 0x00, 0x00, 0xf2, 0x0f, 0x10, 0x0d, 0x10, 0x90, 0x9a, 0x00,
    0xe8, 0x6b, 0xf7, 0xff, 0xff, 0x89, 0xb3, 0xf8, 0x01, 0x00, 0x00, 0x48,
    0x83, 0xc4, 0x28, 0x5b, 0x5e, 0xc3,
};

// 0xde50  36 bytes  export SetPartCommonCutMode (ordinals 166,167)
// status: comment_only  -- call to 0x64E120 outside the block
// sha256: d706924fafd02854376bf08a96622e0a0ae417c3fa393153269ba9e463138e5d
alignas(16) const unsigned char kBytes_de50[36] = {
    0x56, 0x53, 0x48, 0x83, 0xec, 0x28, 0x48, 0x89, 0xce, 0x89, 0xd3, 0x48,
    0x8d, 0x0d, 0x22, 0xf1, 0x99, 0x00, 0xe8, 0xb9, 0x02, 0x64, 0x00, 0x85,
    0xdb, 0x0f, 0x95, 0x46, 0x1c, 0x48, 0x83, 0xc4, 0x28, 0x5b, 0x5e, 0xc3,
};

// 0xb4b0  34 bytes  export GetFillRatio (ordinals 168,169)
// status: comment_only  -- call to 0x64AEA0 outside the block; jmp to 0x5297C0 outside the block
// sha256: cbbcda18d2fc8ea3014203a9f28fcabda86646e1b87a83341764e9eabfb708d6
alignas(16) const unsigned char kBytes_b4b0[34] = {
    0x53, 0x48, 0x83, 0xec, 0x20, 0x48, 0x89, 0xcb, 0x48, 0x8d, 0x0d, 0x25,
    0x15, 0x9a, 0x00, 0xe8, 0xdc, 0xf9, 0x63, 0x00, 0x48, 0x8d, 0x4b, 0x50,
    0x48, 0x83, 0xc4, 0x20, 0x5b, 0xe9, 0xee, 0xe2, 0x51, 0x00,
};

// 0xbd90  470 bytes  export GetNestingDimensions (ordinals 170,171)
// status: comment_only  -- call to 0x526460 outside the block; call to 0x5269A0 outside the block; call to 0x60A620 outside the block; call to 0x62F280 outside the block (+3 more)
// sha256: 924299bcba1e84204bbc2c744d14439f834e3e3240b3ee832a53a070e7b642b9
alignas(16) const unsigned char kBytes_bd90[470] = {
    0x41, 0x55, 0x41, 0x54, 0x55, 0x57, 0x56, 0x53, 0x48, 0x81, 0xec, 0x88,
    0x00, 0x00, 0x00, 0x48, 0x89, 0xd7, 0x48, 0x89, 0xce, 0x4c, 0x89, 0xc3,
    0x48, 0x8d, 0x0d, 0x9b, 0x0d, 0x9a, 0x00, 0xe8, 0xec, 0xf0, 0x63, 0x00,
    0x48, 0x85, 0xff, 0x0f, 0x84, 0xc4, 0x00, 0x00, 0x00, 0x48, 0x85, 0xdb,
    0x74, 0x2e, 0x48, 0x8b, 0x4e, 0x08, 0xe8, 0x95, 0xa6, 0x51, 0x00, 0x48,
    0x8b, 0x4e, 0x08, 0xf2, 0x0f, 0x11, 0x07, 0xe8, 0xc8, 0xab, 0x51, 0x00,
    0xf2, 0x0f, 0x11, 0x03, 0x48, 0x81, 0xc4, 0x88, 0x00, 0x00, 0x00, 0x5b,
    0x5e, 0x5f, 0x5d, 0x41, 0x5c, 0x41, 0x5d, 0xc3, 0x0f, 0x1f, 0x40, 0x00,
    0x48, 0x8d, 0x6c, 0x24, 0x60, 0x48, 0x8d, 0x15, 0x65, 0x0d, 0x9a, 0x00,
    0x48, 0x89, 0xe9, 0xe8, 0x4c, 0xee, 0xff, 0xff, 0x4c, 0x8d, 0x64, 0x24,
    0x40, 0x48, 0x8d, 0x15, 0xe0, 0x17, 0x9a, 0x00, 0x4c, 0x89, 0xe1, 0xe8,
    0x38, 0xee, 0xff, 0xff, 0x4c, 0x8d, 0x6c, 0x24, 0x20, 0x48, 0x8d, 0x15,
    0x5b, 0x0c, 0x9a, 0x00, 0x4c, 0x89, 0xe9, 0xe8, 0x24, 0xee, 0xff, 0xff,
    0x49, 0x89, 0xe9, 0x4d, 0x89, 0xe0, 0xba, 0x1b, 0x03, 0x00, 0x00, 0x4c,
    0x89, 0xe9, 0xe8, 0xe1, 0xe7, 0x5f, 0x00, 0x48, 0x8b, 0x4c, 0x24, 0x20,
    0x49, 0x83, 0xc5, 0x10, 0x4c, 0x39, 0xe9, 0x74, 0x05, 0xe8, 0x5e, 0xc6,
    0x98, 0x00, 0x48, 0x8b, 0x4c, 0x24, 0x40, 0x49, 0x83, 0xc4, 0x10, 0x4c,
    0x39, 0xe1, 0x74, 0x05, 0xe8, 0x4b, 0xc6, 0x98, 0x00, 0x48, 0x8b, 0x4c,
    0x24, 0x60, 0x48, 0x83, 0xc5, 0x10, 0x48, 0x39, 0xe9, 0x0f, 0x84, 0x4b,
    0xff, 0xff, 0xff, 0xe8, 0x34, 0xc6, 0x98, 0x00, 0xe9, 0x41, 0xff, 0xff,
    0xff, 0x48, 0x8d, 0x6c, 0x24, 0x60, 0x48, 0x8d, 0x15, 0xd2, 0x0c, 0x9a,
    0x00, 0x48, 0x89, 0xe9, 0xe8, 0xbb, 0xed, 0xff, 0xff, 0x4c, 0x8d, 0x64,
    0x24, 0x40, 0x48, 0x8d, 0x15, 0x4f, 0x17, 0x9a, 0x00, 0x4c, 0x89, 0xe1,
    0xe8, 0xa7, 0xed, 0xff, 0xff, 0x4c, 0x8d, 0x6c, 0x24, 0x20, 0x48, 0x8d,
    0x15, 0xca, 0x0b, 0x9a, 0x00, 0x4c, 0x89, 0xe9, 0xe8, 0x93, 0xed, 0xff,
    0xff, 0x49, 0x89, 0xe9, 0x4d, 0x89, 0xe0, 0xba, 0x1a, 0x03, 0x00, 0x00,
    0x4c, 0x89, 0xe9, 0xe8, 0x50, 0xe7, 0x5f, 0x00, 0x48, 0x8b, 0x4c, 0x24,
    0x20, 0x49, 0x83, 0xc5, 0x10, 0x4c, 0x39, 0xe9, 0x74, 0x05, 0xe8, 0xcd,
    0xc5, 0x98, 0x00, 0x48, 0x8b, 0x4c, 0x24, 0x40, 0x49, 0x83, 0xc4, 0x10,
    0x4c, 0x39, 0xe1, 0x74, 0x05, 0xe8, 0xba, 0xc5, 0x98, 0x00, 0x48, 0x8b,
    0x4c, 0x24, 0x60, 0x48, 0x83, 0xc5, 0x10, 0x48, 0x39, 0xe9, 0x0f, 0x84,
    0xb5, 0xfe, 0xff, 0xff, 0xe8, 0xa3, 0xc5, 0x98, 0x00, 0xe9, 0xab, 0xfe,
    0xff, 0xff, 0x48, 0x8b, 0x4c, 0x24, 0x20, 0x49, 0x83, 0xc5, 0x10, 0x48,
    0x89, 0xc3, 0x4c, 0x39, 0xe9, 0x74, 0x05, 0xe8, 0x88, 0xc5, 0x98, 0x00,
    0x48, 0x8b, 0x4c, 0x24, 0x40, 0x49, 0x83, 0xc4, 0x10, 0x4c, 0x39, 0xe1,
    0x74, 0x05, 0xe8, 0x75, 0xc5, 0x98, 0x00, 0x48, 0x8b, 0x4c, 0x24, 0x60,
    0x48, 0x83, 0xc5, 0x10, 0x48, 0x39, 0xe9, 0x74, 0x05, 0xe8, 0x62, 0xc5,
    0x98, 0x00, 0x48, 0x89, 0xd9, 0xe8, 0x2a, 0x33, 0x62, 0x00, 0x48, 0x89,
    0xc3, 0xeb, 0xcd, 0x48, 0x89, 0xc3, 0xeb, 0xdb, 0xeb, 0xf4, 0xeb, 0xae,
    0xeb, 0xf5,
};

// 0xcb20  388 bytes  export SetSheetPrice (ordinals 172,173)
// status: comment_only  -- call to 0x1BF40 outside the block; call to 0x1C0C0 outside the block; call to 0x62F280 outside the block; call to 0x63F6B8 outside the block (+10 more)
// sha256: c3f5a7fcca1c5a83aa2808edcc695c904d680c37574ab9f62586d1ef820de2fc
alignas(16) const unsigned char kBytes_cb20[388] = {
    0x57, 0x56, 0x53, 0x48, 0x83, 0xec, 0x50, 0x0f, 0x29, 0x74, 0x24, 0x40,
    0x48, 0x89, 0xcf, 0x66, 0x0f, 0x28, 0xf1, 0xe8, 0xe8, 0xdf, 0xff, 0xff,
    0xc6, 0x44, 0x24, 0x38, 0x00, 0x48, 0x85, 0xc0, 0x48, 0x89, 0x44, 0x24,
    0x30, 0x0f, 0x84, 0x26, 0x01, 0x00, 0x00, 0x48, 0x89, 0xc1, 0xe8, 0x6d,
    0x2b, 0x63, 0x00, 0x85, 0xc0, 0x0f, 0x85, 0x20, 0x01, 0x00, 0x00, 0xc6,
    0x44, 0x24, 0x38, 0x01, 0xe8, 0xdb, 0xf3, 0x00, 0x00, 0x48, 0x85, 0xc0,
    0x48, 0x89, 0xc3, 0x0f, 0x84, 0xa4, 0x00, 0x00, 0x00, 0x41, 0xb8, 0x03,
    0x00, 0x00, 0x00, 0x48, 0x89, 0xc1, 0x48, 0x8d, 0x15, 0x0d, 0xfd, 0x99,
    0x00, 0xe8, 0x8a, 0xb4, 0x96, 0x00, 0x41, 0xb8, 0x0d, 0x00, 0x00, 0x00,
    0x48, 0x89, 0xd9, 0x48, 0x8d, 0x15, 0x9a, 0x00, 0x9a, 0x00, 0xe8, 0x75,
    0xb4, 0x96, 0x00, 0x41, 0xb8, 0x01, 0x00, 0x00, 0x00, 0x48, 0x89, 0xd9,
    0x48, 0x8d, 0x15, 0xd3, 0xff, 0x99, 0x00, 0xe8, 0x60, 0xb4, 0x96, 0x00,
    0x48, 0x89, 0xfa, 0x48, 0x89, 0xd9, 0xe8, 0xd5, 0xb8, 0x85, 0x00, 0x41,
    0xb8, 0x01, 0x00, 0x00, 0x00, 0x48, 0x89, 0xd9, 0xf2, 0x0f, 0x11, 0x74,
    0x24, 0x20, 0x48, 0x8d, 0x15, 0xad, 0xff, 0x99, 0x00, 0xe8, 0x3a, 0xb4,
    0x96, 0x00, 0x48, 0x8d, 0x54, 0x24, 0x20, 0x48, 0x89, 0xd9, 0xe8, 0xdd,
    0xf4, 0x00, 0x00, 0x48, 0x8b, 0x03, 0x48, 0x8b, 0x40, 0xe8, 0x48, 0x8b,
    0xb4, 0x03, 0xf0, 0x00, 0x00, 0x00, 0x48, 0x85, 0xf6, 0x0f, 0x84, 0x87,
    0x00, 0x00, 0x00, 0x80, 0x7e, 0x38, 0x00, 0x74, 0x30, 0x0f, 0xbe, 0x56,
    0x43, 0x48, 0x89, 0xd9, 0xe8, 0xe3, 0xaf, 0x85, 0x00, 0x48, 0x89, 0xc1,
    0xe8, 0xdb, 0xb1, 0x85, 0x00, 0x80, 0x7c, 0x24, 0x38, 0x00, 0x75, 0x44,
    0xf2, 0x0f, 0x11, 0xb7, 0x38, 0x01, 0x00, 0x00, 0x0f, 0x28, 0x74, 0x24,
    0x40, 0x48, 0x83, 0xc4, 0x50, 0x5b, 0x5e, 0x5f, 0xc3, 0x48, 0x89, 0xf1,
    0xe8, 0xa7, 0x98, 0x81, 0x00, 0x48, 0x8b, 0x06, 0x48, 0x8d, 0x0d, 0xdd,
    0x9a, 0x81, 0x00, 0xba, 0x0a, 0x00, 0x00, 0x00, 0x48, 0x8b, 0x40, 0x30,
    0x48, 0x39, 0xc8, 0x74, 0xb4, 0x48, 0x89, 0xf1, 0xff, 0xd0, 0x0f, 0xbe,
    0xd0, 0xeb, 0xaa, 0x0f, 0x1f, 0x44, 0x00, 0x00, 0x48, 0x8b, 0x4c, 0x24,
    0x30, 0x48, 0x85, 0xc9, 0x74, 0xb2, 0xe8, 0x49, 0x2a, 0x63, 0x00, 0xeb,
    0xab, 0xb9, 0x01, 0x00, 0x00, 0x00, 0xe8, 0x75, 0xdf, 0x96, 0x00, 0x89,
    0xc1, 0xe8, 0x6e, 0xdf, 0x96, 0x00, 0xe8, 0xc9, 0xba, 0x96, 0x00, 0x80,
    0x7c, 0x24, 0x38, 0x00, 0x48, 0x89, 0xc3, 0x74, 0x0a, 0x48, 0x8d, 0x4c,
    0x24, 0x30, 0xe8, 0x15, 0x95, 0x86, 0x00, 0x48, 0x89, 0xd9, 0xe8, 0xdd,
    0x25, 0x62, 0x00, 0x90,
};

// 0xef50  479 bytes  export SetMultiTorchMode (ordinals 174,175)
// status: comment_only  -- call to 0x1BF40 outside the block; call to 0x1C0C0 outside the block; call to 0x62F280 outside the block; call to 0x63F6B8 outside the block (+7 more)
// sha256: 85e1db26e536e23337ed7906b35a8be56e8e29c27d0681d45de10b867aaaf8cf
alignas(16) const unsigned char kBytes_ef50[479] = {
    0x41, 0x54, 0x55, 0x57, 0x56, 0x53, 0x48, 0x83, 0xec, 0x70, 0x0f, 0x29,
    0x74, 0x24, 0x50, 0x0f, 0x29, 0x7c, 0x24, 0x60, 0xf2, 0x0f, 0x10, 0xb4,
    0x24, 0xc0, 0x00, 0x00, 0x00, 0x8b, 0xac, 0x24, 0xc8, 0x00, 0x00, 0x00,
    0x48, 0x89, 0xce, 0x41, 0x89, 0xd4, 0x44, 0x89, 0xc7, 0x66, 0x0f, 0x28,
    0xfb, 0xe8, 0x9a, 0xbb, 0xff, 0xff, 0xc6, 0x44, 0x24, 0x48, 0x00, 0x48,
    0x85, 0xc0, 0x48, 0x89, 0x44, 0x24, 0x40, 0x0f, 0x84, 0x6f, 0x01, 0x00,
    0x00, 0x48, 0x89, 0xc1, 0xe8, 0x1f, 0x07, 0x63, 0x00, 0x85, 0xc0, 0x0f,
    0x85, 0x58, 0x01, 0x00, 0x00, 0xc6, 0x44, 0x24, 0x48, 0x01, 0xe8, 0x8d,
    0xcf, 0x00, 0x00, 0x48, 0x85, 0xc0, 0x48, 0x89, 0xc3, 0x0f, 0x84, 0xe0,
    0x00, 0x00, 0x00, 0x41, 0xb8, 0x03, 0x00, 0x00, 0x00, 0x48, 0x89, 0xc1,
    0x48, 0x8d, 0x15, 0xbf, 0xd8, 0x99, 0x00, 0xe8, 0x3c, 0x90, 0x96, 0x00,
    0x41, 0xb8, 0x11, 0x00, 0x00, 0x00, 0x48, 0x89, 0xd9, 0x48, 0x8d, 0x15,
    0xde, 0xe0, 0x99, 0x00, 0xe8, 0x27, 0x90, 0x96, 0x00, 0x41, 0xb8, 0x01,
    0x00, 0x00, 0x00, 0x48, 0x89, 0xd9, 0x48, 0x8d, 0x15, 0x85, 0xdb, 0x99,
    0x00, 0xe8, 0x12, 0x90, 0x96, 0x00, 0x44, 0x89, 0xe2, 0x48, 0x89, 0xd9,
    0xe8, 0xf7, 0xac, 0x85, 0x00, 0x41, 0xb8, 0x01, 0x00, 0x00, 0x00, 0x48,
    0x89, 0xd9, 0x48, 0x8d, 0x15, 0x65, 0xdb, 0x99, 0x00, 0xe8, 0xf2, 0x8f,
    0x96, 0x00, 0x89, 0xfa, 0x48, 0x89, 0xd9, 0xe8, 0xd8, 0xac, 0x85, 0x00,
    0x41, 0xb8, 0x01, 0x00, 0x00, 0x00, 0x48, 0x89, 0xd9, 0xf2, 0x0f, 0x11,
    0x7c, 0x24, 0x20, 0x48, 0x8d, 0x15, 0x40, 0xdb, 0x99, 0x00, 0xe8, 0xcd,
    0x8f, 0x96, 0x00, 0x48, 0x8d, 0x54, 0x24, 0x20, 0x48, 0x89, 0xd9, 0xe8,
    0x70, 0xd0, 0x00, 0x00, 0x41, 0xb8, 0x01, 0x00, 0x00, 0x00, 0x48, 0x89,
    0xd9, 0xf2, 0x0f, 0x11, 0x74, 0x24, 0x30, 0x48, 0x8d, 0x15, 0x18, 0xdb,
    0x99, 0x00, 0xe8, 0xa5, 0x8f, 0x96, 0x00, 0x48, 0x8d, 0x54, 0x24, 0x30,
    0x48, 0x89, 0xd9, 0xe8, 0x48, 0xd0, 0x00, 0x00, 0x41, 0xb8, 0x01, 0x00,
    0x00, 0x00, 0x48, 0x89, 0xd9, 0x48, 0x8d, 0x15, 0xf6, 0xda, 0x99, 0x00,
    0xe8, 0x83, 0x8f, 0x96, 0x00, 0x89, 0xea, 0x48, 0x89, 0xd9, 0xe8, 0x69,
    0xac, 0x85, 0x00, 0x48, 0x89, 0xd9, 0xe8, 0x21, 0x88, 0x97, 0x00, 0x80,
    0x7c, 0x24, 0x48, 0x00, 0x0f, 0x85, 0x46, 0x00, 0x00, 0x00, 0x45, 0x85,
    0xe4, 0xb8, 0x00, 0x00, 0x00, 0x00, 0xf2, 0x0f, 0x11, 0xbe, 0xc0, 0x00,
    0x00, 0x00, 0x0f, 0x28, 0x7c, 0x24, 0x60, 0x0f, 0x44, 0xf8, 0xf2, 0x0f,
    0x11, 0xb6, 0xc8, 0x00, 0x00, 0x00, 0x0f, 0x28, 0x74, 0x24, 0x50, 0x85,
    0xed, 0x0f, 0x95, 0x86, 0xd0, 0x00, 0x00, 0x00, 0x89, 0xbe, 0xa8, 0x00,
    0x00, 0x00, 0x48, 0x83, 0xc4, 0x70, 0x5b, 0x5e, 0x5f, 0x5d, 0x41, 0x5c,
    0xc3, 0x0f, 0x1f, 0x80, 0x00, 0x00, 0x00, 0x00, 0x48, 0x8b, 0x4c, 0x24,
    0x40, 0x48, 0x85, 0xc9, 0x74, 0xb0, 0xe8, 0xb9, 0x05, 0x63, 0x00, 0xeb,
    0xa9, 0x89, 0xc1, 0xe8, 0xe8, 0xba, 0x96, 0x00, 0xb9, 0x01, 0x00, 0x00,
    0x00, 0xe8, 0xde, 0xba, 0x96, 0x00, 0x80, 0x7c, 0x24, 0x48, 0x00, 0x48,
    0x89, 0xc3, 0x74, 0x0a, 0x48, 0x8d, 0x4c, 0x24, 0x40, 0xe8, 0x8a, 0x70,
    0x86, 0x00, 0x48, 0x89, 0xd9, 0xe8, 0x52, 0x01, 0x62, 0x00, 0x90,
};

// 0xf130  388 bytes  export SetMultiTorchCuttingPreference (ordinals 176,177)
// status: comment_only  -- call to 0x1BF40 outside the block; call to 0x62F280 outside the block; call to 0x63F6B8 outside the block; call to 0x63F6C0 outside the block (+9 more)
// sha256: d2b6f5642023ab4f6d3cf2e626ef4d9d911da9d643cf6d5dd3886d9d4170a4d2
alignas(16) const unsigned char kBytes_f130[388] = {
    0x41, 0x54, 0x55, 0x57, 0x56, 0x53, 0x48, 0x83, 0xec, 0x30, 0x48, 0x89,
    0xce, 0x41, 0x89, 0xd4, 0x44, 0x89, 0xc5, 0xe8, 0xd8, 0xb9, 0xff, 0xff,
    0xc6, 0x44, 0x24, 0x28, 0x00, 0x48, 0x85, 0xc0, 0x48, 0x89, 0x44, 0x24,
    0x20, 0x0f, 0x84, 0x26, 0x01, 0x00, 0x00, 0x48, 0x89, 0xc1, 0xe8, 0x5d,
    0x05, 0x63, 0x00, 0x85, 0xc0, 0x0f, 0x85, 0x20, 0x01, 0x00, 0x00, 0xc6,
    0x44, 0x24, 0x28, 0x01, 0xe8, 0xcb, 0xcd, 0x00, 0x00, 0x48, 0x85, 0xc0,
    0x48, 0x89, 0xc3, 0x0f, 0x84, 0x9b, 0x00, 0x00, 0x00, 0x41, 0xb8, 0x03,
    0x00, 0x00, 0x00, 0x48, 0x89, 0xc1, 0x48, 0x8d, 0x15, 0xfd, 0xd6, 0x99,
    0x00, 0xe8, 0x7a, 0x8e, 0x96, 0x00, 0x41, 0xb8, 0x1e, 0x00, 0x00, 0x00,
    0x48, 0x89, 0xd9, 0x48, 0x8d, 0x15, 0x32, 0xdf, 0x99, 0x00, 0xe8, 0x65,
    0x8e, 0x96, 0x00, 0x41, 0xb8, 0x01, 0x00, 0x00, 0x00, 0x48, 0x89, 0xd9,
    0x48, 0x8d, 0x15, 0xc3, 0xd9, 0x99, 0x00, 0xe8, 0x50, 0x8e, 0x96, 0x00,
    0x44, 0x89, 0xe2, 0x48, 0x89, 0xd9, 0xe8, 0x35, 0xab, 0x85, 0x00, 0x41,
    0xb8, 0x01, 0x00, 0x00, 0x00, 0x48, 0x89, 0xd9, 0x48, 0x8d, 0x15, 0xa3,
    0xd9, 0x99, 0x00, 0xe8, 0x30, 0x8e, 0x96, 0x00, 0x89, 0xea, 0x48, 0x89,
    0xd9, 0xe8, 0x16, 0xab, 0x85, 0x00, 0x48, 0x8b, 0x03, 0x48, 0x8b, 0x40,
    0xe8, 0x48, 0x8b, 0xbc, 0x03, 0xf0, 0x00, 0x00, 0x00, 0x48, 0x85, 0xff,
    0x0f, 0x84, 0x90, 0x00, 0x00, 0x00, 0x80, 0x7f, 0x38, 0x00, 0x74, 0x3d,
    0x0f, 0xbe, 0x57, 0x43, 0x48, 0x89, 0xd9, 0xe8, 0xdc, 0x89, 0x85, 0x00,
    0x48, 0x89, 0xc1, 0xe8, 0xd4, 0x8b, 0x85, 0x00, 0x80, 0x7c, 0x24, 0x28,
    0x00, 0x75, 0x4d, 0x85, 0xed, 0xc6, 0x86, 0x98, 0x00, 0x00, 0x00, 0x01,
    0x0f, 0x9f, 0x86, 0xa0, 0x00, 0x00, 0x00, 0x44, 0x89, 0xa6, 0x9c, 0x00,
    0x00, 0x00, 0x48, 0x83, 0xc4, 0x30, 0x5b, 0x5e, 0x5f, 0x5d, 0x41, 0x5c,
    0xc3, 0x48, 0x89, 0xf9, 0xe8, 0x93, 0x72, 0x81, 0x00, 0x48, 0x8b, 0x07,
    0x48, 0x8d, 0x0d, 0xc9, 0x74, 0x81, 0x00, 0xba, 0x0a, 0x00, 0x00, 0x00,
    0x48, 0x8b, 0x40, 0x30, 0x48, 0x39, 0xc8, 0x74, 0xa7, 0x48, 0x89, 0xf9,
    0xff, 0xd0, 0x0f, 0xbe, 0xd0, 0xeb, 0x9d, 0x90, 0x48, 0x8b, 0x4c, 0x24,
    0x20, 0x48, 0x85, 0xc9, 0x74, 0xa9, 0xe8, 0x39, 0x04, 0x63, 0x00, 0xeb,
    0xa2, 0xb9, 0x01, 0x00, 0x00, 0x00, 0xe8, 0x65, 0xb9, 0x96, 0x00, 0x89,
    0xc1, 0xe8, 0x5e, 0xb9, 0x96, 0x00, 0xe8, 0xb9, 0x94, 0x96, 0x00, 0x80,
    0x7c, 0x24, 0x28, 0x00, 0x48, 0x89, 0xc3, 0x74, 0x0a, 0x48, 0x8d, 0x4c,
    0x24, 0x20, 0xe8, 0x05, 0x6f, 0x86, 0x00, 0x48, 0x89, 0xd9, 0xe8, 0xcd,
    0xff, 0x61, 0x00, 0x90,
};

// 0xf2c0  633 bytes  export SetMultiTorchObjective (ordinals 178,179)
// status: comment_only  -- call to 0x1BF40 outside the block; call to 0x1C0C0 outside the block; call to 0x62F280 outside the block; call to 0x63F6C0 outside the block (+6 more)
// sha256: f81068b0409db34878962154c9b35ca6c8aade8ad1be4598d7239bda825dea62
alignas(16) const unsigned char kBytes_f2c0[633] = {
    0x57, 0x56, 0x53, 0x48, 0x81, 0xec, 0x90, 0x00, 0x00, 0x00, 0x0f, 0x29,
    0x74, 0x24, 0x60, 0x0f, 0x29, 0x7c, 0x24, 0x70, 0x44, 0x0f, 0x29, 0x84,
    0x24, 0x80, 0x00, 0x00, 0x00, 0xf2, 0x44, 0x0f, 0x10, 0x84, 0x24, 0xd0,
    0x00, 0x00, 0x00, 0x48, 0x89, 0xce, 0x66, 0x0f, 0x28, 0xf9, 0x66, 0x0f,
    0x28, 0xf2, 0x44, 0x89, 0xcf, 0xe8, 0x26, 0xb8, 0xff, 0xff, 0xc6, 0x44,
    0x24, 0x58, 0x00, 0x48, 0x85, 0xc0, 0x48, 0x89, 0x44, 0x24, 0x50, 0x0f,
    0x84, 0xfe, 0x01, 0x00, 0x00, 0x48, 0x89, 0xc1, 0xe8, 0xab, 0x03, 0x63,
    0x00, 0x85, 0xc0, 0x0f, 0x85, 0xf8, 0x01, 0x00, 0x00, 0xc6, 0x44, 0x24,
    0x58, 0x01, 0xe8, 0x19, 0xcc, 0x00, 0x00, 0x48, 0x85, 0xc0, 0x48, 0x89,
    0xc3, 0x0f, 0x84, 0xca, 0x00, 0x00, 0x00, 0x41, 0xb8, 0x03, 0x00, 0x00,
    0x00, 0x48, 0x89, 0xc1, 0x48, 0x8d, 0x15, 0x4b, 0xd5, 0x99, 0x00, 0xe8,
    0xc8, 0x8c, 0x96, 0x00, 0x41, 0xb8, 0x16, 0x00, 0x00, 0x00, 0x48, 0x89,
    0xd9, 0x48, 0x8d, 0x15, 0x9f, 0xdd, 0x99, 0x00, 0xe8, 0xb3, 0x8c, 0x96,
    0x00, 0x41, 0xb8, 0x01, 0x00, 0x00, 0x00, 0x48, 0x89, 0xd9, 0xf2, 0x0f,
    0x11, 0x7c, 0x24, 0x20, 0x48, 0x8d, 0x15, 0x0b, 0xd8, 0x99, 0x00, 0xe8,
    0x98, 0x8c, 0x96, 0x00, 0x48, 0x8d, 0x54, 0x24, 0x20, 0x48, 0x89, 0xd9,
    0xe8, 0x3b, 0xcd, 0x00, 0x00, 0x41, 0xb8, 0x01, 0x00, 0x00, 0x00, 0x48,
    0x89, 0xd9, 0xf2, 0x0f, 0x11, 0x74, 0x24, 0x30, 0x48, 0x8d, 0x15, 0xe3,
    0xd7, 0x99, 0x00, 0xe8, 0x70, 0x8c, 0x96, 0x00, 0x48, 0x8d, 0x54, 0x24,
    0x30, 0x48, 0x89, 0xd9, 0xe8, 0x13, 0xcd, 0x00, 0x00, 0x41, 0xb8, 0x01,
    0x00, 0x00, 0x00, 0x48, 0x89, 0xd9, 0x48, 0x8d, 0x15, 0xc1, 0xd7, 0x99,
    0x00, 0xe8, 0x4e, 0x8c, 0x96, 0x00, 0x89, 0xfa, 0x48, 0x89, 0xd9, 0xe8,
    0x34, 0xa9, 0x85, 0x00, 0x41, 0xb8, 0x01, 0x00, 0x00, 0x00, 0x48, 0x89,
    0xd9, 0xf2, 0x44, 0x0f, 0x11, 0x44, 0x24, 0x40, 0x48, 0x8d, 0x15, 0x9b,
    0xd7, 0x99, 0x00, 0xe8, 0x28, 0x8c, 0x96, 0x00, 0x48, 0x8d, 0x54, 0x24,
    0x40, 0x48, 0x89, 0xd9, 0xe8, 0xcb, 0xcc, 0x00, 0x00, 0x48, 0x89, 0xd9,
    0xe8, 0xc3, 0x84, 0x97, 0x00, 0x80, 0x7c, 0x24, 0x58, 0x00, 0x74, 0x0a,
    0x48, 0x8d, 0x4c, 0x24, 0x50, 0xe8, 0xa2, 0x6d, 0x86, 0x00, 0x66, 0x0f,
    0xef, 0xc0, 0x66, 0x0f, 0x2e, 0xf8, 0x0f, 0x86, 0x86, 0x00, 0x00, 0x00,
    0x66, 0x0f, 0x28, 0xcf, 0xf2, 0x0f, 0x5e, 0x0d, 0xe8, 0xe2, 0x99, 0x00,
    0xf2, 0x0f, 0x5f, 0xce, 0x66, 0x0f, 0x28, 0xf1, 0x66, 0x0f, 0x28, 0xce,
    0xf2, 0x0f, 0x5e, 0xcf, 0x66, 0x0f, 0x2e, 0xf0, 0xf2, 0x0f, 0x11, 0x8e,
    0xb0, 0x00, 0x00, 0x00, 0x0f, 0x86, 0x96, 0x00, 0x00, 0x00, 0xf2, 0x44,
    0x0f, 0x5e, 0xc6, 0x85, 0xff, 0x74, 0x3d, 0xf2, 0x44, 0x0f, 0x11, 0x86,
    0xb8, 0x00, 0x00, 0x00, 0xc6, 0x86, 0x98, 0x00, 0x00, 0x00, 0x00, 0xf2,
    0x0f, 0x11, 0xbe, 0xd8, 0x00, 0x00, 0x00, 0x0f, 0x28, 0x74, 0x24, 0x60,
    0x0f, 0x28, 0x7c, 0x24, 0x70, 0x44, 0x0f, 0x28, 0x84, 0x24, 0x80, 0x00,
    0x00, 0x00, 0x48, 0x81, 0xc4, 0x90, 0x00, 0x00, 0x00, 0x5b, 0x5e, 0x5f,
    0xc3, 0x0f, 0x1f, 0x80, 0x00, 0x00, 0x00, 0x00, 0xf2, 0x0f, 0x10, 0x1d,
    0x70, 0xe2, 0x99, 0x00, 0xf2, 0x0f, 0x11, 0x9e, 0xb8, 0x00, 0x00, 0x00,
    0xeb, 0xba, 0x66, 0x0f, 0x2e, 0xf0, 0x76, 0xc3, 0x66, 0x0f, 0x28, 0xcf,
    0xf2, 0x0f, 0x5e, 0x0d, 0x5c, 0xe2, 0x99, 0x00, 0x66, 0x0f, 0x2e, 0xce,
    0x77, 0x36, 0x66, 0x0f, 0x2e, 0xf8, 0x0f, 0x87, 0x6c, 0xff, 0xff, 0xff,
    0xf2, 0x0f, 0x10, 0x25, 0x34, 0xe2, 0x99, 0x00, 0xf2, 0x0f, 0x11, 0xa6,
    0xb0, 0x00, 0x00, 0x00, 0xe9, 0x71, 0xff, 0xff, 0xff, 0x0f, 0x1f, 0x80,
    0x00, 0x00, 0x00, 0x00, 0xf2, 0x44, 0x0f, 0x10, 0x05, 0x1f, 0xe2, 0x99,
    0x00, 0xe9, 0x61, 0xff, 0xff, 0xff, 0x66, 0x90, 0x66, 0x0f, 0x2e, 0xf8,
    0x66, 0x0f, 0x28, 0xf1, 0x0f, 0x87, 0x32, 0xff, 0xff, 0xff, 0xf2, 0x0f,
    0x10, 0x0d, 0xfa, 0xe1, 0x99, 0x00, 0xe9, 0x2d, 0xff, 0xff, 0xff, 0xb9,
    0x01, 0x00, 0x00, 0x00, 0xe8, 0xdb, 0xb6, 0x96, 0x00, 0x89, 0xc1, 0xe8,
    0xd4, 0xb6, 0x96, 0x00, 0x80, 0x7c, 0x24, 0x58, 0x00, 0x48, 0x89, 0xc3,
    0x74, 0x0a, 0x48, 0x8d, 0x4c, 0x24, 0x50, 0xe8, 0x80, 0x6c, 0x86, 0x00,
    0x48, 0x89, 0xd9, 0xe8, 0x48, 0xfd, 0x61, 0x00, 0x90,
};

// 0x14450  449 bytes  export SetExtraGapOnPart (ordinals 180,181)
// status: comment_only  -- call to 0x1BF40 outside the block; call to 0x1C0C0 outside the block; call to 0x62D860 outside the block; call to 0x62F280 outside the block (+13 more)
// sha256: 07221efb5959a3e580916ca46d36a72203027d0f5177335156d5d33b4d5b88e0
alignas(16) const unsigned char kBytes_14450[449] = {
    0x57, 0x56, 0x53, 0x48, 0x83, 0xec, 0x50, 0x0f, 0x29, 0x74, 0x24, 0x40,
    0x0f, 0xb6, 0x05, 0x7d, 0xac, 0xb0, 0x00, 0x84, 0xc0, 0x48, 0x89, 0xcf,
    0x66, 0x0f, 0x28, 0xf1, 0x0f, 0x84, 0x1e, 0x01, 0x00, 0x00, 0x48, 0x8d,
    0x0d, 0x6f, 0xac, 0xb0, 0x00, 0xc6, 0x44, 0x24, 0x38, 0x00, 0x48, 0x89,
    0x4c, 0x24, 0x30, 0xe8, 0x38, 0xb2, 0x62, 0x00, 0x85, 0xc0, 0x0f, 0x85,
    0x58, 0x01, 0x00, 0x00, 0xc6, 0x44, 0x24, 0x38, 0x01, 0xe8, 0xa6, 0x7a,
    0x00, 0x00, 0x48, 0x85, 0xc0, 0x48, 0x89, 0xc3, 0x0f, 0x84, 0xa4, 0x00,
    0x00, 0x00, 0x41, 0xb8, 0x03, 0x00, 0x00, 0x00, 0x48, 0x89, 0xc1, 0x48,
    0x8d, 0x15, 0x8a, 0x92, 0x99, 0x00, 0xe8, 0x55, 0x3b, 0x96, 0x00, 0x41,
    0xb8, 0x11, 0x00, 0x00, 0x00, 0x48, 0x89, 0xd9, 0x48, 0x8d, 0x15, 0xb2,
    0x93, 0x99, 0x00, 0xe8, 0x40, 0x3b, 0x96, 0x00, 0x41, 0xb8, 0x01, 0x00,
    0x00, 0x00, 0x48, 0x89, 0xd9, 0x48, 0x8d, 0x15, 0x64, 0x92, 0x99, 0x00,
    0xe8, 0x2b, 0x3b, 0x96, 0x00, 0x48, 0x89, 0xfa, 0x48, 0x89, 0xd9, 0xe8,
    0xa0, 0x3f, 0x85, 0x00, 0x41, 0xb8, 0x01, 0x00, 0x00, 0x00, 0x48, 0x89,
    0xd9, 0xf2, 0x0f, 0x11, 0x74, 0x24, 0x20, 0x48, 0x8d, 0x15, 0x3e, 0x92,
    0x99, 0x00, 0xe8, 0x05, 0x3b, 0x96, 0x00, 0x48, 0x8d, 0x54, 0x24, 0x20,
    0x48, 0x89, 0xd9, 0xe8, 0xa8, 0x7b, 0x00, 0x00, 0x48, 0x8b, 0x03, 0x48,
    0x8b, 0x40, 0xe8, 0x48, 0x8b, 0xb4, 0x03, 0xf0, 0x00, 0x00, 0x00, 0x48,
    0x85, 0xf6, 0x0f, 0x84, 0xbf, 0x00, 0x00, 0x00, 0x80, 0x7e, 0x38, 0x00,
    0x74, 0x2d, 0x0f, 0xbe, 0x56, 0x43, 0x48, 0x89, 0xd9, 0xe8, 0xae, 0x36,
    0x85, 0x00, 0x48, 0x89, 0xc1, 0xe8, 0xa6, 0x38, 0x85, 0x00, 0x80, 0x7c,
    0x24, 0x38, 0x00, 0x75, 0x7f, 0xf2, 0x0f, 0x11, 0x77, 0x10, 0x0f, 0x28,
    0x74, 0x24, 0x40, 0x48, 0x83, 0xc4, 0x50, 0x5b, 0x5e, 0x5f, 0xc3, 0x48,
    0x89, 0xf1, 0xe8, 0x75, 0x1f, 0x81, 0x00, 0x48, 0x8b, 0x06, 0x48, 0x8d,
    0x0d, 0xab, 0x21, 0x81, 0x00, 0xba, 0x0a, 0x00, 0x00, 0x00, 0x48, 0x8b,
    0x40, 0x30, 0x48, 0x39, 0xc8, 0x74, 0xb7, 0x48, 0x89, 0xf1, 0xff, 0xd0,
    0x0f, 0xbe, 0xd0, 0xeb, 0xad, 0x0f, 0x1f, 0x00, 0x48, 0x8d, 0x0d, 0x49,
    0xab, 0xb0, 0x00, 0xe8, 0x04, 0x48, 0x98, 0x00, 0x85, 0xc0, 0x0f, 0x84,
    0xce, 0xfe, 0xff, 0xff, 0x48, 0x8d, 0x0d, 0x3d, 0xab, 0xb0, 0x00, 0x31,
    0xd2, 0xe8, 0x16, 0xb1, 0x62, 0x00, 0x48, 0x8d, 0x0d, 0x27, 0xab, 0xb0,
    0x00, 0xe8, 0x22, 0x49, 0x98, 0x00, 0x48, 0x8d, 0x0d, 0xfb, 0xec, 0xff,
    0xff, 0xe8, 0x96, 0x92, 0x61, 0x00, 0xe9, 0xa3, 0xfe, 0xff, 0xff, 0x90,
    0x48, 0x8b, 0x4c, 0x24, 0x30, 0x48, 0x85, 0xc9, 0x0f, 0x84, 0x73, 0xff,
    0xff, 0xff, 0xe8, 0xd5, 0xb0, 0x62, 0x00, 0xe9, 0x69, 0xff, 0xff, 0xff,
    0x89, 0xc1, 0xe8, 0x01, 0x66, 0x96, 0x00, 0xe8, 0x5c, 0x41, 0x96, 0x00,
    0x80, 0x7c, 0x24, 0x38, 0x00, 0x48, 0x89, 0xc3, 0x74, 0x0a, 0x48, 0x8d,
    0x4c, 0x24, 0x30, 0xe8, 0xa8, 0x1b, 0x86, 0x00, 0x48, 0x89, 0xd9, 0xe8,
    0x70, 0xac, 0x61, 0x00, 0x90,
};

// 0xdd30  36 bytes  export CNS_SetFloatingMode (ordinals 182,183)
// status: comment_only  -- call to 0x64E120 outside the block
// sha256: 8776844253294ee0aa5800b450ee9cbb9e87a46660d17c05c79f771930d5775e
alignas(16) const unsigned char kBytes_dd30[36] = {
    0x56, 0x53, 0x48, 0x83, 0xec, 0x28, 0x48, 0x89, 0xce, 0x89, 0xd3, 0x48,
    0x8d, 0x0d, 0xbe, 0xf1, 0x99, 0x00, 0xe8, 0xd9, 0x03, 0x64, 0x00, 0x85,
    0xdb, 0x0f, 0x95, 0x46, 0x20, 0x48, 0x83, 0xc4, 0x28, 0x5b, 0x5e, 0xc3,
};

// 0xd870  826 bytes  export GetPartTorchInfos (ordinals 184,185)
// status: comment_only  -- call to 0x51D0C0 outside the block; call to 0x51E1B0 outside the block; call to 0x60A620 outside the block; call to 0x62F280 outside the block (+4 more)
// sha256: 67e9820145e3af64b98d8d47cf93b341ff6fcd81e51eab8640eb332449d13e64
alignas(16) const unsigned char kBytes_d870[826] = {
    0x41, 0x56, 0x41, 0x55, 0x41, 0x54, 0x55, 0x57, 0x56, 0x53, 0x48, 0x83,
    0xc4, 0x80, 0x89, 0xd3, 0x48, 0x89, 0xcd, 0x4c, 0x89, 0xc7, 0x48, 0x8d,
    0x0d, 0x73, 0xf5, 0x99, 0x00, 0x89, 0xda, 0x4c, 0x89, 0xce, 0xe8, 0x99,
    0x0d, 0x64, 0x00, 0x48, 0x8b, 0x4d, 0x08, 0x48, 0x85, 0xc9, 0x0f, 0x84,
    0x0c, 0x02, 0x00, 0x00, 0xe8, 0x17, 0xf8, 0x50, 0x00, 0x48, 0x8b, 0x50,
    0x08, 0x48, 0x2b, 0x10, 0x48, 0x89, 0xd0, 0x48, 0xba, 0xef, 0xee, 0xee,
    0xee, 0xee, 0xee, 0xee, 0xee, 0x48, 0xc1, 0xf8, 0x03, 0x48, 0x0f, 0xaf,
    0xc2, 0x48, 0x39, 0xc3, 0x0f, 0x82, 0x88, 0x00, 0x00, 0x00, 0x4c, 0x8d,
    0x64, 0x24, 0x60, 0x48, 0x8d, 0x15, 0x3e, 0xf5, 0x99, 0x00, 0x4c, 0x89,
    0xe1, 0xe8, 0x6e, 0xd3, 0xff, 0xff, 0x4c, 0x8d, 0x6c, 0x24, 0x40, 0x48,
    0x8d, 0x15, 0xe2, 0xfc, 0x99, 0x00, 0x4c, 0x89, 0xe9, 0xe8, 0x5a, 0xd3,
    0xff, 0xff, 0x4c, 0x8d, 0x74, 0x24, 0x20, 0x48, 0x8d, 0x15, 0x7d, 0xf1,
    0x99, 0x00, 0x4c, 0x89, 0xf1, 0xe8, 0x46, 0xd3, 0xff, 0xff, 0x4d, 0x89,
    0xe1, 0x4d, 0x89, 0xe8, 0xba, 0x86, 0x03, 0x00, 0x00, 0x4c, 0x89, 0xf1,
    0xe8, 0x03, 0xcd, 0x5f, 0x00, 0x48, 0x8b, 0x4c, 0x24, 0x20, 0x49, 0x83,
    0xc6, 0x10, 0x4c, 0x39, 0xf1, 0x74, 0x05, 0xe8, 0x80, 0xab, 0x98, 0x00,
    0x48, 0x8b, 0x4c, 0x24, 0x40, 0x49, 0x83, 0xc5, 0x10, 0x4c, 0x39, 0xe9,
    0x74, 0x05, 0xe8, 0x6d, 0xab, 0x98, 0x00, 0x48, 0x8b, 0x4c, 0x24, 0x60,
    0x49, 0x83, 0xc4, 0x10, 0x4c, 0x39, 0xe1, 0x74, 0x05, 0xe8, 0x5a, 0xab,
    0x98, 0x00, 0x48, 0x8b, 0x4d, 0x08, 0xe8, 0x51, 0x08, 0x51, 0x00, 0x48,
    0x8b, 0x50, 0x38, 0x48, 0x39, 0x50, 0x30, 0x0f, 0x84, 0x17, 0x01, 0x00,
    0x00, 0x48, 0x8b, 0x4d, 0x08, 0xe8, 0x3a, 0x08, 0x51, 0x00, 0x48, 0x8b,
    0x50, 0x38, 0x48, 0x2b, 0x50, 0x30, 0x48, 0x89, 0xd0, 0x48, 0xba, 0xab,
    0xaa, 0xaa, 0xaa, 0xaa, 0xaa, 0xaa, 0xaa, 0x48, 0xc1, 0xf8, 0x03, 0x48,
    0x0f, 0xaf, 0xc2, 0x48, 0x39, 0xd8, 0x0f, 0x87, 0x88, 0x00, 0x00, 0x00,
    0x4c, 0x8d, 0x64, 0x24, 0x60, 0x48, 0x8d, 0x15, 0xa8, 0xf4, 0x99, 0x00,
    0x4c, 0x89, 0xe1, 0xe8, 0xa0, 0xd2, 0xff, 0xff, 0x4c, 0x8d, 0x6c, 0x24,
    0x40, 0x48, 0x8d, 0x15, 0x14, 0xfc, 0x99, 0x00, 0x4c, 0x89, 0xe9, 0xe8,
    0x8c, 0xd2, 0xff, 0xff, 0x4c, 0x8d, 0x74, 0x24, 0x20, 0x48, 0x8d, 0x15,
    0xaf, 0xf0, 0x99, 0x00, 0x4c, 0x89, 0xf1, 0xe8, 0x78, 0xd2, 0xff, 0xff,
    0x4d, 0x89, 0xe1, 0x4d, 0x89, 0xe8, 0xba, 0x8f, 0x03, 0x00, 0x00, 0x4c,
    0x89, 0xf1, 0xe8, 0x35, 0xcc, 0x5f, 0x00, 0x48, 0x8b, 0x4c, 0x24, 0x20,
    0x49, 0x83, 0xc6, 0x10, 0x4c, 0x39, 0xf1, 0x74, 0x05, 0xe8, 0xb2, 0xaa,
    0x98, 0x00, 0x48, 0x8b, 0x4c, 0x24, 0x40, 0x49, 0x83, 0xc5, 0x10, 0x4c,
    0x39, 0xe9, 0x74, 0x05, 0xe8, 0x9f, 0xaa, 0x98, 0x00, 0x48, 0x8b, 0x4c,
    0x24, 0x60, 0x49, 0x83, 0xc4, 0x10, 0x4c, 0x39, 0xe1, 0x74, 0x05, 0xe8,
    0x8c, 0xaa, 0x98, 0x00, 0x48, 0x8b, 0x4d, 0x08, 0xe8, 0x83, 0x07, 0x51,
    0x00, 0x48, 0x8b, 0x50, 0x30, 0x4c, 0x8b, 0x40, 0x38, 0x48, 0xb8, 0xab,
    0xaa, 0xaa, 0xaa, 0xaa, 0xaa, 0xaa, 0xaa, 0x49, 0x29, 0xd0, 0x49, 0xc1,
    0xf8, 0x03, 0x4c, 0x0f, 0xaf, 0xc0, 0x4c, 0x39, 0xc3, 0x0f, 0x83, 0xee,
    0x00, 0x00, 0x00, 0x48, 0x8d, 0x04, 0x5b, 0x48, 0x8d, 0x04, 0xc2, 0x8b,
    0x10, 0xf2, 0x0f, 0x10, 0x40, 0x08, 0x89, 0x17, 0x8b, 0x50, 0x04, 0x48,
    0x8b, 0x84, 0x24, 0xe0, 0x00, 0x00, 0x00, 0x89, 0x16, 0xf2, 0x0f, 0x11,
    0x00, 0x48, 0x83, 0xec, 0x80, 0x5b, 0x5e, 0x5f, 0x5d, 0x41, 0x5c, 0x41,
    0x5d, 0x41, 0x5e, 0xc3, 0x48, 0x8b, 0x84, 0x24, 0xe0, 0x00, 0x00, 0x00,
    0xc7, 0x07, 0xff, 0xff, 0xff, 0xff, 0xc7, 0x06, 0x00, 0x00, 0x00, 0x00,
    0x48, 0xc7, 0x00, 0x00, 0x00, 0x00, 0x00, 0x48, 0x83, 0xec, 0x80, 0x5b,
    0x5e, 0x5f, 0x5d, 0x41, 0x5c, 0x41, 0x5d, 0x41, 0x5e, 0xc3, 0x66, 0x90,
    0x4c, 0x8d, 0x64, 0x24, 0x60, 0x48, 0x8d, 0x15, 0x3f, 0xf0, 0x99, 0x00,
    0x4c, 0x89, 0xe1, 0xe8, 0x8c, 0xd1, 0xff, 0xff, 0x4c, 0x8d, 0x6c, 0x24,
    0x40, 0x48, 0x8d, 0x15, 0x00, 0xfb, 0x99, 0x00, 0x4c, 0x89, 0xe9, 0xe8,
    0x78, 0xd1, 0xff, 0xff, 0x4c, 0x8d, 0x74, 0x24, 0x20, 0x48, 0x8d, 0x15,
    0x9b, 0xef, 0x99, 0x00, 0x4c, 0x89, 0xf1, 0xe8, 0x64, 0xd1, 0xff, 0xff,
    0x4d, 0x89, 0xe1, 0x4d, 0x89, 0xe8, 0xba, 0x85, 0x03, 0x00, 0x00, 0x4c,
    0x89, 0xf1, 0xe8, 0x21, 0xcb, 0x5f, 0x00, 0x48, 0x8b, 0x4c, 0x24, 0x20,
    0x49, 0x83, 0xc6, 0x10, 0x4c, 0x39, 0xf1, 0x74, 0x05, 0xe8, 0x9e, 0xa9,
    0x98, 0x00, 0x48, 0x8b, 0x4c, 0x24, 0x40, 0x49, 0x83, 0xc5, 0x10, 0x4c,
    0x39, 0xe9, 0x74, 0x05, 0xe8, 0x8b, 0xa9, 0x98, 0x00, 0x48, 0x8b, 0x4c,
    0x24, 0x60, 0x49, 0x83, 0xc4, 0x10, 0x4c, 0x39, 0xe1, 0x74, 0x05, 0xe8,
    0x78, 0xa9, 0x98, 0x00, 0x48, 0x8b, 0x4d, 0x08, 0xe9, 0x63, 0xfd, 0xff,
    0xff, 0x48, 0x8d, 0x0d, 0x50, 0xf3, 0x99, 0x00, 0x48, 0x89, 0xda, 0xe8,
    0x50, 0x61, 0x97, 0x00, 0x48, 0x8b, 0x4c, 0x24, 0x20, 0x49, 0x83, 0xc6,
    0x10, 0x48, 0x89, 0xc3, 0x4c, 0x39, 0xf1, 0x74, 0x05, 0xe8, 0x4a, 0xa9,
    0x98, 0x00, 0x48, 0x8b, 0x4c, 0x24, 0x40, 0x49, 0x83, 0xc5, 0x10, 0x4c,
    0x39, 0xe9, 0x74, 0x05, 0xe8, 0x37, 0xa9, 0x98, 0x00, 0x48, 0x8b, 0x4c,
    0x24, 0x60, 0x49, 0x83, 0xc4, 0x10, 0x4c, 0x39, 0xe1, 0x74, 0x05, 0xe8,
    0x24, 0xa9, 0x98, 0x00, 0x48, 0x89, 0xd9, 0xe8, 0xec, 0x16, 0x62, 0x00,
    0x48, 0x89, 0xc3, 0xeb, 0xcd, 0x48, 0x89, 0xc3, 0xeb, 0xdb, 0xeb, 0xf4,
    0xeb, 0xf7, 0xeb, 0xac, 0xeb, 0xaa, 0xeb, 0xf1, 0xeb, 0xea,
};

// 0xf540  629 bytes  export SetDetailedMultiTorchObjective (ordinals 186,187)
// status: comment_only  -- call to 0x1BF40 outside the block; call to 0x1C0C0 outside the block; call to 0x62F280 outside the block; call to 0x63F6C0 outside the block (+7 more)
// sha256: 058d70a1ab321ff82056c8aa122acb79ca1a92e881058b90070a318042a83e3b
alignas(16) const unsigned char kBytes_f540[629] = {
    0x57, 0x56, 0x53, 0x48, 0x81, 0xec, 0xe0, 0x00, 0x00, 0x00, 0x0f, 0x29,
    0xb4, 0x24, 0x90, 0x00, 0x00, 0x00, 0x0f, 0x29, 0xbc, 0x24, 0xa0, 0x00,
    0x00, 0x00, 0x44, 0x0f, 0x29, 0x84, 0x24, 0xb0, 0x00, 0x00, 0x00, 0x44,
    0x0f, 0x29, 0x8c, 0x24, 0xc0, 0x00, 0x00, 0x00, 0x44, 0x0f, 0x29, 0x94,
    0x24, 0xd0, 0x00, 0x00, 0x00, 0xf2, 0x0f, 0x10, 0xbc, 0x24, 0x20, 0x01,
    0x00, 0x00, 0x8b, 0xb4, 0x24, 0x28, 0x01, 0x00, 0x00, 0xf2, 0x44, 0x0f,
    0x10, 0x8c, 0x24, 0x30, 0x01, 0x00, 0x00, 0x48, 0x89, 0xcf, 0x66, 0x44,
    0x0f, 0x28, 0xc1, 0x66, 0x0f, 0x28, 0xf2, 0x66, 0x44, 0x0f, 0x28, 0xd3,
    0xe8, 0x7b, 0xb5, 0xff, 0xff, 0xc6, 0x84, 0x24, 0x88, 0x00, 0x00, 0x00,
    0x00, 0x48, 0x85, 0xc0, 0x48, 0x89, 0x84, 0x24, 0x80, 0x00, 0x00, 0x00,
    0x0f, 0x84, 0xca, 0x01, 0x00, 0x00, 0x48, 0x89, 0xc1, 0xe8, 0xfa, 0x00,
    0x63, 0x00, 0x85, 0xc0, 0x0f, 0x85, 0xb3, 0x01, 0x00, 0x00, 0xc6, 0x84,
    0x24, 0x88, 0x00, 0x00, 0x00, 0x01, 0xe8, 0x65, 0xc9, 0x00, 0x00, 0x48,
    0x85, 0xc0, 0x48, 0x89, 0xc3, 0x0f, 0x84, 0x1c, 0x01, 0x00, 0x00, 0x41,
    0xb8, 0x03, 0x00, 0x00, 0x00, 0x48, 0x89, 0xc1, 0x48, 0x8d, 0x15, 0x97,
    0xd2, 0x99, 0x00, 0xe8, 0x14, 0x8a, 0x96, 0x00, 0x41, 0xb8, 0x1e, 0x00,
    0x00, 0x00, 0x48, 0x89, 0xd9, 0x48, 0x8d, 0x15, 0x04, 0xdb, 0x99, 0x00,
    0xe8, 0xff, 0x89, 0x96, 0x00, 0x41, 0xb8, 0x01, 0x00, 0x00, 0x00, 0x48,
    0x89, 0xd9, 0xf2, 0x44, 0x0f, 0x11, 0x44, 0x24, 0x30, 0x48, 0x8d, 0x15,
    0x56, 0xd5, 0x99, 0x00, 0xe8, 0xe3, 0x89, 0x96, 0x00, 0x48, 0x8d, 0x54,
    0x24, 0x30, 0x48, 0x89, 0xd9, 0xe8, 0x86, 0xca, 0x00, 0x00, 0x41, 0xb8,
    0x01, 0x00, 0x00, 0x00, 0x48, 0x89, 0xd9, 0xf2, 0x0f, 0x11, 0x74, 0x24,
    0x40, 0x48, 0x8d, 0x15, 0x2e, 0xd5, 0x99, 0x00, 0xe8, 0xbb, 0x89, 0x96,
    0x00, 0x48, 0x8d, 0x54, 0x24, 0x40, 0x48, 0x89, 0xd9, 0xe8, 0x5e, 0xca,
    0x00, 0x00, 0x41, 0xb8, 0x01, 0x00, 0x00, 0x00, 0x48, 0x89, 0xd9, 0xf2,
    0x44, 0x0f, 0x11, 0x54, 0x24, 0x50, 0x48, 0x8d, 0x15, 0x05, 0xd5, 0x99,
    0x00, 0xe8, 0x92, 0x89, 0x96, 0x00, 0x48, 0x8d, 0x54, 0x24, 0x50, 0x48,
    0x89, 0xd9, 0xe8, 0x35, 0xca, 0x00, 0x00, 0x41, 0xb8, 0x01, 0x00, 0x00,
    0x00, 0x48, 0x89, 0xd9, 0xf2, 0x0f, 0x11, 0x7c, 0x24, 0x60, 0x48, 0x8d,
    0x15, 0xdd, 0xd4, 0x99, 0x00, 0xe8, 0x6a, 0x89, 0x96, 0x00, 0x48, 0x8d,
    0x54, 0x24, 0x60, 0x48, 0x89, 0xd9, 0xe8, 0x0d, 0xca, 0x00, 0x00, 0x41,
    0xb8, 0x01, 0x00, 0x00, 0x00, 0x48, 0x89, 0xd9, 0x48, 0x8d, 0x15, 0xbb,
    0xd4, 0x99, 0x00, 0xe8, 0x48, 0x89, 0x96, 0x00, 0x89, 0xf2, 0x48, 0x89,
    0xd9, 0xe8, 0x2e, 0xa6, 0x85, 0x00, 0x41, 0xb8, 0x01, 0x00, 0x00, 0x00,
    0x48, 0x89, 0xd9, 0xf2, 0x44, 0x0f, 0x11, 0x4c, 0x24, 0x70, 0x48, 0x8d,
    0x15, 0x95, 0xd4, 0x99, 0x00, 0xe8, 0x22, 0x89, 0x96, 0x00, 0x48, 0x8d,
    0x54, 0x24, 0x70, 0x48, 0x89, 0xd9, 0xe8, 0xc5, 0xc9, 0x00, 0x00, 0x48,
    0x89, 0xd9, 0xe8, 0xbd, 0x81, 0x97, 0x00, 0x80, 0xbc, 0x24, 0x88, 0x00,
    0x00, 0x00, 0x00, 0x74, 0x0d, 0x48, 0x8d, 0x8c, 0x24, 0x80, 0x00, 0x00,
    0x00, 0xe8, 0x96, 0x6a, 0x86, 0x00, 0x66, 0x0f, 0xef, 0xd2, 0x66, 0x0f,
    0x2e, 0xfa, 0x7a, 0x02, 0x74, 0x0d, 0xf2, 0x41, 0x0f, 0x5c, 0xf2, 0x66,
    0x0f, 0x28, 0xd6, 0xf2, 0x0f, 0x5e, 0xd7, 0xf2, 0x44, 0x0f, 0x11, 0x4c,
    0x24, 0x20, 0x66, 0x41, 0x0f, 0x28, 0xc8, 0x41, 0x89, 0xf1, 0x48, 0x89,
    0xf9, 0xe8, 0x76, 0xfb, 0xff, 0xff, 0x90, 0x0f, 0x28, 0xb4, 0x24, 0x90,
    0x00, 0x00, 0x00, 0x0f, 0x28, 0xbc, 0x24, 0xa0, 0x00, 0x00, 0x00, 0x44,
    0x0f, 0x28, 0x84, 0x24, 0xb0, 0x00, 0x00, 0x00, 0x44, 0x0f, 0x28, 0x8c,
    0x24, 0xc0, 0x00, 0x00, 0x00, 0x44, 0x0f, 0x28, 0x94, 0x24, 0xd0, 0x00,
    0x00, 0x00, 0x48, 0x81, 0xc4, 0xe0, 0x00, 0x00, 0x00, 0x5b, 0x5e, 0x5f,
    0xc3, 0x89, 0xc1, 0xe8, 0x68, 0xb4, 0x96, 0x00, 0xb9, 0x01, 0x00, 0x00,
    0x00, 0xe8, 0x5e, 0xb4, 0x96, 0x00, 0x80, 0xbc, 0x24, 0x88, 0x00, 0x00,
    0x00, 0x00, 0x48, 0x89, 0xc3, 0x74, 0x0d, 0x48, 0x8d, 0x8c, 0x24, 0x80,
    0x00, 0x00, 0x00, 0xe8, 0x04, 0x6a, 0x86, 0x00, 0x48, 0x89, 0xd9, 0xe8,
    0xcc, 0xfa, 0x61, 0x00, 0x90,
};

// 0xd310  33 bytes  export CNS_SetNoMixPreference (ordinals 188,189)
// status: comment_only  -- call to 0x64E630 outside the block
// sha256: a3ad0ae2b4b51146f844d635be7f9ac8ff746221f4d75a217486788a97af7c73
alignas(16) const unsigned char kBytes_d310[33] = {
    0x56, 0x53, 0x48, 0x83, 0xec, 0x28, 0x48, 0x89, 0xce, 0x89, 0xd3, 0x48,
    0x8d, 0x0d, 0xae, 0xf9, 0x99, 0x00, 0xe8, 0x09, 0x13, 0x64, 0x00, 0x89,
    0x5e, 0x18, 0x48, 0x83, 0xc4, 0x28, 0x5b, 0x5e, 0xc3,
};

// 0xdbb0  382 bytes  export CNS_SetNoOrientationMixOnPart (ordinals 190,191)
// status: comment_only  -- call to 0x1BF40 outside the block; call to 0x62F280 outside the block; call to 0x63F6B8 outside the block; call to 0x63F6C0 outside the block (+10 more)
// sha256: f4f270aff3b4cfae68826c077d737461bea71e3fccf577d87bcf3a7b783a777e
alignas(16) const unsigned char kBytes_dbb0[382] = {
    0x55, 0x57, 0x56, 0x53, 0x48, 0x83, 0xec, 0x38, 0x48, 0x89, 0xcf, 0x89,
    0xd5, 0xe8, 0x5e, 0xcf, 0xff, 0xff, 0xc6, 0x44, 0x24, 0x28, 0x00, 0x48,
    0x85, 0xc0, 0x48, 0x89, 0x44, 0x24, 0x20, 0x0f, 0x84, 0x26, 0x01, 0x00,
    0x00, 0x48, 0x89, 0xc1, 0xe8, 0xe3, 0x1a, 0x63, 0x00, 0x85, 0xc0, 0x0f,
    0x85, 0x20, 0x01, 0x00, 0x00, 0xc6, 0x44, 0x24, 0x28, 0x01, 0xe8, 0x51,
    0xe3, 0x00, 0x00, 0x48, 0x85, 0xc0, 0x48, 0x89, 0xc3, 0x0f, 0x84, 0x9b,
    0x00, 0x00, 0x00, 0x41, 0xb8, 0x03, 0x00, 0x00, 0x00, 0x48, 0x89, 0xc1,
    0x48, 0x8d, 0x15, 0x83, 0xec, 0x99, 0x00, 0xe8, 0x00, 0xa4, 0x96, 0x00,
    0x41, 0xb8, 0x1d, 0x00, 0x00, 0x00, 0x48, 0x89, 0xd9, 0x48, 0x8d, 0x15,
    0xc2, 0xf2, 0x99, 0x00, 0xe8, 0xeb, 0xa3, 0x96, 0x00, 0x41, 0xb8, 0x01,
    0x00, 0x00, 0x00, 0x48, 0x89, 0xd9, 0x48, 0x8d, 0x15, 0x49, 0xef, 0x99,
    0x00, 0xe8, 0xd6, 0xa3, 0x96, 0x00, 0x48, 0x89, 0xfa, 0x48, 0x89, 0xd9,
    0xe8, 0x4b, 0xa8, 0x85, 0x00, 0x41, 0xb8, 0x01, 0x00, 0x00, 0x00, 0x48,
    0x89, 0xd9, 0x48, 0x8d, 0x15, 0x29, 0xef, 0x99, 0x00, 0xe8, 0xb6, 0xa3,
    0x96, 0x00, 0x89, 0xea, 0x48, 0x89, 0xd9, 0xe8, 0x9c, 0xc0, 0x85, 0x00,
    0x48, 0x8b, 0x03, 0x48, 0x8b, 0x40, 0xe8, 0x48, 0x8b, 0xb4, 0x03, 0xf0,
    0x00, 0x00, 0x00, 0x48, 0x85, 0xf6, 0x0f, 0x84, 0x90, 0x00, 0x00, 0x00,
    0x80, 0x7e, 0x38, 0x00, 0x74, 0x2e, 0x0f, 0xbe, 0x56, 0x43, 0x48, 0x89,
    0xd9, 0xe8, 0x62, 0x9f, 0x85, 0x00, 0x48, 0x89, 0xc1, 0xe8, 0x5a, 0xa1,
    0x85, 0x00, 0x80, 0x7c, 0x24, 0x28, 0x00, 0x75, 0x43, 0x89, 0x6f, 0x18,
    0x48, 0x83, 0xc4, 0x38, 0x5b, 0x5e, 0x5f, 0x5d, 0xc3, 0x0f, 0x1f, 0x80,
    0x00, 0x00, 0x00, 0x00, 0x48, 0x89, 0xf1, 0xe8, 0x28, 0x88, 0x81, 0x00,
    0x48, 0x8b, 0x06, 0x48, 0x8d, 0x0d, 0x5e, 0x8a, 0x81, 0x00, 0xba, 0x0a,
    0x00, 0x00, 0x00, 0x48, 0x8b, 0x40, 0x30, 0x48, 0x39, 0xc8, 0x74, 0xb6,
    0x48, 0x89, 0xf1, 0xff, 0xd0, 0x0f, 0xbe, 0xd0, 0xeb, 0xac, 0x66, 0x0f,
    0x1f, 0x44, 0x00, 0x00, 0x48, 0x8b, 0x4c, 0x24, 0x20, 0x48, 0x85, 0xc9,
    0x74, 0xb3, 0xe8, 0xc9, 0x19, 0x63, 0x00, 0x89, 0x6f, 0x18, 0x48, 0x83,
    0xc4, 0x38, 0x5b, 0x5e, 0x5f, 0x5d, 0xc3, 0xb9, 0x01, 0x00, 0x00, 0x00,
    0xe8, 0xeb, 0xce, 0x96, 0x00, 0x89, 0xc1, 0xe8, 0xe4, 0xce, 0x96, 0x00,
    0xe8, 0x3f, 0xaa, 0x96, 0x00, 0x80, 0x7c, 0x24, 0x28, 0x00, 0x48, 0x89,
    0xc3, 0x74, 0x0a, 0x48, 0x8d, 0x4c, 0x24, 0x20, 0xe8, 0x8b, 0x84, 0x86,
    0x00, 0x48, 0x89, 0xd9, 0xe8, 0x53, 0x15, 0x62, 0x00, 0x90,
};

// 0xb4e0  38 bytes  export GetNestingFillRatio (ordinals 192,193)
// status: comment_only  -- call to 0x64AEA0 outside the block; jmp to 0x5257D0 outside the block
// sha256: 3d642d870a6cd048b09ed5e182f58080423a604f788dad66d9ca2c3f208ab4c4
alignas(16) const unsigned char kBytes_b4e0[38] = {
    0x53, 0x48, 0x83, 0xec, 0x20, 0x48, 0x89, 0xcb, 0x48, 0x8d, 0x0d, 0x02,
    0x15, 0x9a, 0x00, 0xe8, 0xac, 0xf9, 0x63, 0x00, 0x0f, 0xb6, 0x53, 0x10,
    0x48, 0x8b, 0x4b, 0x08, 0x48, 0x83, 0xc4, 0x20, 0x5b, 0xe9, 0xca, 0xa2,
    0x51, 0x00,
};

// 0x18100  1955 bytes  export AddPartVariantToPart (ordinals 194,195)
// status: comment_only  -- call to 0x1BA30 outside the block; call to 0x23BF0 outside the block; call to 0x5C3F00 outside the block; call to 0x62F280 outside the block (+9 more)
// sha256: 451c051b4f0d29f6267ce5e94eff686e9efd329eab47196246524b4d3a687dc0
alignas(16) const unsigned char kBytes_18100[1955] = {
    0x41, 0x57, 0x41, 0x56, 0x41, 0x55, 0x41, 0x54, 0x55, 0x57, 0x56, 0x53,
    0x48, 0x83, 0xec, 0x78, 0x89, 0xd0, 0x89, 0x94, 0x24, 0xc8, 0x00, 0x00,
    0x00, 0x48, 0x89, 0xcb, 0x48, 0x89, 0xca, 0x4c, 0x89, 0x44, 0x24, 0x58,
    0x48, 0x8d, 0x0d, 0xd2, 0x59, 0x99, 0x00, 0x4d, 0x89, 0xc4, 0x4c, 0x8d,
    0x44, 0x24, 0x50, 0x48, 0x89, 0x44, 0x24, 0x50, 0xe8, 0x03, 0x48, 0x63,
    0x00, 0xb9, 0x10, 0x02, 0x00, 0x00, 0xe8, 0xb9, 0x03, 0x98, 0x00, 0xba,
    0x01, 0x00, 0x00, 0x00, 0xf2, 0x0f, 0x10, 0x0d, 0xc4, 0x59, 0x99, 0x00,
    0x48, 0x89, 0xc6, 0xc7, 0x00, 0x00, 0x00, 0x00, 0x00, 0xc7, 0x40, 0x04,
    0x00, 0x00, 0x00, 0x00, 0x48, 0x8d, 0x40, 0x50, 0xc7, 0x40, 0xb8, 0x00,
    0x00, 0x00, 0x00, 0x48, 0x8d, 0x8e, 0x88, 0x01, 0x00, 0x00, 0xf2, 0x0f,
    0x11, 0x48, 0xc0, 0xc7, 0x40, 0xc8, 0x00, 0x00, 0x00, 0x00, 0xc6, 0x40,
    0xcc, 0x01, 0xc6, 0x40, 0xd0, 0x00, 0x48, 0x89, 0x44, 0x24, 0x48, 0x48,
    0x8d, 0x86, 0xd0, 0x00, 0x00, 0x00, 0x48, 0x89, 0x86, 0xe0, 0x00, 0x00,
    0x00, 0x48, 0x89, 0x86, 0xe8, 0x00, 0x00, 0x00, 0x48, 0x8d, 0x86, 0x00,
    0x01, 0x00, 0x00, 0x48, 0xc7, 0x46, 0x50, 0x00, 0x00, 0x00, 0x00, 0x48,
    0xc7, 0x46, 0x58, 0x00, 0x00, 0x00, 0x00, 0x48, 0xc7, 0x46, 0x60, 0x00,
    0x00, 0x00, 0x00, 0x48, 0xc7, 0x46, 0x68, 0x00, 0x00, 0x00, 0x00, 0x48,
    0xc7, 0x46, 0x70, 0x00, 0x00, 0x00, 0x00, 0x48, 0xc7, 0x46, 0x78, 0x00,
    0x00, 0x00, 0x00, 0x48, 0xc7, 0x86, 0x80, 0x00, 0x00, 0x00, 0x00, 0x00,
    0x00, 0x00, 0x48, 0xc7, 0x86, 0x88, 0x00, 0x00, 0x00, 0x00, 0x00, 0x00,
    0x00, 0x48, 0xc7, 0x86, 0x90, 0x00, 0x00, 0x00, 0x00, 0x00, 0x00, 0x00,
    0x48, 0xc7, 0x86, 0x98, 0x00, 0x00, 0x00, 0x00, 0x00, 0x00, 0x00, 0x48,
    0xc7, 0x86, 0xa0, 0x00, 0x00, 0x00, 0x00, 0x00, 0x00, 0x00, 0x48, 0xc7,
    0x86, 0xa8, 0x00, 0x00, 0x00, 0x00, 0x00, 0x00, 0x00, 0x48, 0xc7, 0x86,
    0xb0, 0x00, 0x00, 0x00, 0x00, 0x00, 0x00, 0x00, 0x48, 0xc7, 0x86, 0xb8,
    0x00, 0x00, 0x00, 0x00, 0x00, 0x00, 0x00, 0x48, 0xc7, 0x86, 0xc0, 0x00,
    0x00, 0x00, 0x00, 0x00, 0x00, 0x00, 0xc7, 0x86, 0xd0, 0x00, 0x00, 0x00,
    0x00, 0x00, 0x00, 0x00, 0x48, 0xc7, 0x86, 0xd8, 0x00, 0x00, 0x00, 0x00,
    0x00, 0x00, 0x00, 0x48, 0xc7, 0x86, 0xf0, 0x00, 0x00, 0x00, 0x00, 0x00,
    0x00, 0x00, 0xc7, 0x86, 0x00, 0x01, 0x00, 0x00, 0x00, 0x00, 0x00, 0x00,
    0x48, 0xc7, 0x86, 0x08, 0x01, 0x00, 0x00, 0x00, 0x00, 0x00, 0x00, 0x48,
    0xc7, 0x86, 0x20, 0x01, 0x00, 0x00, 0x00, 0x00, 0x00, 0x00, 0x48, 0x89,
    0x86, 0x10, 0x01, 0x00, 0x00, 0x48, 0x89, 0x86, 0x18, 0x01, 0x00, 0x00,
    0x48, 0x8d, 0x86, 0x30, 0x01, 0x00, 0x00, 0x48, 0x89, 0x86, 0x40, 0x01,
    0x00, 0x00, 0x48, 0x89, 0x86, 0x48, 0x01, 0x00, 0x00, 0x48, 0x8d, 0x86,
    0x60, 0x01, 0x00, 0x00, 0xc7, 0x86, 0x30, 0x01, 0x00, 0x00, 0x00, 0x00,
    0x00, 0x00, 0x48, 0xc7, 0x86, 0x38, 0x01, 0x00, 0x00, 0x00, 0x00, 0x00,
    0x00, 0x48, 0xc7, 0x86, 0x50, 0x01, 0x00, 0x00, 0x00, 0x00, 0x00, 0x00,
    0xc7, 0x86, 0x60, 0x01, 0x00, 0x00, 0x00, 0x00, 0x00, 0x00, 0x48, 0xc7,
    0x86, 0x68, 0x01, 0x00, 0x00, 0x00, 0x00, 0x00, 0x00, 0x48, 0xc7, 0x86,
    0x80, 0x01, 0x00, 0x00, 0x00, 0x00, 0x00, 0x00, 0x48, 0x89, 0x86, 0x70,
    0x01, 0x00, 0x00, 0x48, 0x89, 0x86, 0x78, 0x01, 0x00, 0x00, 0xe8, 0x05,
    0xbc, 0x5a, 0x00, 0x48, 0x8d, 0x86, 0xc8, 0x01, 0x00, 0x00, 0x48, 0x89,
    0x74, 0x24, 0x60, 0x48, 0x89, 0x86, 0xb8, 0x01, 0x00, 0x00, 0x48, 0x8b,
    0x83, 0xe0, 0x01, 0x00, 0x00, 0x48, 0x3b, 0x83, 0xe8, 0x01, 0x00, 0x00,
    0x48, 0xc7, 0x86, 0xa0, 0x01, 0x00, 0x00, 0x00, 0x00, 0x00, 0x00, 0x48,
    0xc7, 0x86, 0xa8, 0x01, 0x00, 0x00, 0x00, 0x00, 0x00, 0x00, 0x48, 0xc7,
    0x86, 0xb0, 0x01, 0x00, 0x00, 0x00, 0x00, 0x00, 0x00, 0x48, 0xc7, 0x86,
    0xc0, 0x01, 0x00, 0x00, 0x00, 0x00, 0x00, 0x00, 0xc6, 0x86, 0xc8, 0x01,
    0x00, 0x00, 0x00, 0x48, 0xc7, 0x86, 0xd8, 0x01, 0x00, 0x00, 0x00, 0x00,
    0x00, 0x00, 0x48, 0xc7, 0x86, 0xe0, 0x01, 0x00, 0x00, 0x00, 0x00, 0x00,
    0x00, 0x48, 0xc7, 0x86, 0xe8, 0x01, 0x00, 0x00, 0x00, 0x00, 0x00, 0x00,
    0x48, 0xc7, 0x86, 0xf0, 0x01, 0x00, 0x00, 0x00, 0x00, 0x00, 0x00, 0x48,
    0xc7, 0x86, 0xf8, 0x01, 0x00, 0x00, 0x00, 0x00, 0x00, 0x00, 0x48, 0xc7,
    0x86, 0x00, 0x02, 0x00, 0x00, 0x00, 0x00, 0x00, 0x00, 0xc6, 0x86, 0x08,
    0x02, 0x00, 0x00, 0x01, 0xc6, 0x86, 0x09, 0x02, 0x00, 0x00, 0x00, 0xc6,
    0x86, 0x0a, 0x02, 0x00, 0x00, 0x00, 0xc6, 0x86, 0x0b, 0x02, 0x00, 0x00,
    0x00, 0x0f, 0x84, 0x29, 0x04, 0x00, 0x00, 0x48, 0x85, 0xc0, 0x0f, 0x84,
    0x18, 0x04, 0x00, 0x00, 0x48, 0xc7, 0x44, 0x24, 0x60, 0x00, 0x00, 0x00,
    0x00, 0x48, 0x89, 0x30, 0x48, 0x8b, 0x7c, 0x24, 0x60, 0x48, 0x83, 0xc0,
    0x08, 0x48, 0x89, 0x83, 0xe0, 0x01, 0x00, 0x00, 0x48, 0x85, 0xff, 0x0f,
    0x84, 0x82, 0x03, 0x00, 0x00, 0x48, 0x8b, 0x8f, 0xf0, 0x01, 0x00, 0x00,
    0x48, 0x85, 0xc9, 0x74, 0x05, 0xe8, 0xbe, 0x00, 0x98, 0x00, 0x4c, 0x8b,
    0xaf, 0xe0, 0x01, 0x00, 0x00, 0x48, 0x8b, 0x9f, 0xd8, 0x01, 0x00, 0x00,
    0x49, 0x39, 0xdd, 0x74, 0x18, 0x48, 0x89, 0xd9, 0x48, 0x83, 0xc3, 0x08,
    0xe8, 0x4f, 0x85, 0x85, 0x00, 0x49, 0x39, 0xdd, 0x75, 0xef, 0x48, 0x8b,
    0x9f, 0xd8, 0x01, 0x00, 0x00, 0x48, 0x85, 0xdb, 0x74, 0x08, 0x48, 0x89,
    0xd9, 0xe8, 0x86, 0x00, 0x98, 0x00, 0x48, 0x8b, 0x8f, 0xb8, 0x01, 0x00,
    0x00, 0x48, 0x8d, 0x87, 0xc8, 0x01, 0x00, 0x00, 0x48, 0x39, 0xc1, 0x74,
    0x05, 0xe8, 0x6e, 0x00, 0x98, 0x00, 0x48, 0x8b, 0x8f, 0xa0, 0x01, 0x00,
    0x00, 0x48, 0x85, 0xc9, 0x74, 0x05, 0xe8, 0x5d, 0x00, 0x98, 0x00, 0x48,
    0x8b, 0x8f, 0x88, 0x01, 0x00, 0x00, 0x48, 0x85, 0xc9, 0x74, 0x05, 0xe8,
    0x4c, 0x00, 0x98, 0x00, 0x4c, 0x8b, 0xaf, 0x68, 0x01, 0x00, 0x00, 0x4c,
    0x8d, 0xbf, 0x58, 0x01, 0x00, 0x00, 0x4d, 0x85, 0xed, 0x74, 0x61, 0x66,
    0x0f, 0x1f, 0x84, 0x00, 0x00, 0x00, 0x00, 0x00, 0x49, 0x8b, 0x55, 0x18,
    0x4c, 0x89, 0xf9, 0xe8, 0x24, 0x63, 0x92, 0x00, 0x49, 0x8b, 0x5d, 0x30,
    0x49, 0x8b, 0x6d, 0x28, 0x4d, 0x8b, 0x75, 0x10, 0x48, 0x39, 0xeb, 0x74,
    0x1e, 0x0f, 0x1f, 0x00, 0x48, 0x8b, 0x4d, 0x00, 0x48, 0x85, 0xc9, 0x74,
    0x05, 0xe8, 0x02, 0x00, 0x98, 0x00, 0x48, 0x83, 0xc5, 0x18, 0x48, 0x39,
    0xeb, 0x75, 0xe9, 0x49, 0x8b, 0x6d, 0x28, 0x48, 0x85, 0xed, 0x74, 0x08,
    0x48, 0x89, 0xe9, 0xe8, 0xe8, 0xff, 0x97, 0x00, 0x4c, 0x89, 0xe9, 0x4d,
    0x89, 0xf5, 0xe8, 0xdd, 0xff, 0x97, 0x00, 0x4d, 0x85, 0xf6, 0x75, 0xa8,
    0x4c, 0x8b, 0xaf, 0x38, 0x01, 0x00, 0x00, 0x4c, 0x8d, 0xbf, 0x28, 0x01,
    0x00, 0x00, 0x4d, 0x85, 0xed, 0x74, 0x5d, 0x0f, 0x1f, 0x44, 0x00, 0x00,
    0x49, 0x8b, 0x55, 0x18, 0x4c, 0x89, 0xf9, 0xe8, 0xb4, 0x62, 0x92, 0x00,
    0x49, 0x8b, 0x5d, 0x30, 0x49, 0x8b, 0x6d, 0x28, 0x4d, 0x8b, 0x75, 0x10,
    0x48, 0x39, 0xeb, 0x74, 0x1e, 0x0f, 0x1f, 0x00, 0x48, 0x8b, 0x4d, 0x00,
    0x48, 0x85, 0xc9, 0x74, 0x05, 0xe8, 0x92, 0xff, 0x97, 0x00, 0x48, 0x83,
    0xc5, 0x18, 0x48, 0x39, 0xeb, 0x75, 0xe9, 0x49, 0x8b, 0x6d, 0x28, 0x48,
    0x85, 0xed, 0x74, 0x08, 0x48, 0x89, 0xe9, 0xe8, 0x78, 0xff, 0x97, 0x00,
    0x4c, 0x89, 0xe9, 0x4d, 0x89, 0xf5, 0xe8, 0x6d, 0xff, 0x97, 0x00, 0x4d,
    0x85, 0xf6, 0x75, 0xa8, 0x4c, 0x8b, 0xaf, 0x08, 0x01, 0x00, 0x00, 0x4c,
    0x8d, 0xbf, 0xf8, 0x00, 0x00, 0x00, 0x4d, 0x85, 0xed, 0x74, 0x5d, 0x0f,
    0x1f, 0x44, 0x00, 0x00, 0x49, 0x8b, 0x55, 0x18, 0x4c, 0x89, 0xf9, 0xe8,
    0x44, 0x62, 0x92, 0x00, 0x49, 0x8b, 0x5d, 0x30, 0x49, 0x8b, 0x6d, 0x28,
    0x4d, 0x8b, 0x75, 0x10, 0x48, 0x39, 0xeb, 0x74, 0x1e, 0x0f, 0x1f, 0x00,
    0x48, 0x8b, 0x4d, 0x00, 0x48, 0x85, 0xc9, 0x74, 0x05, 0xe8, 0x22, 0xff,
    0x97, 0x00, 0x48, 0x83, 0xc5, 0x18, 0x48, 0x39, 0xeb, 0x75, 0xe9, 0x49,
    0x8b, 0x6d, 0x28, 0x48, 0x85, 0xed, 0x74, 0x08, 0x48, 0x89, 0xe9, 0xe8,
    0x08, 0xff, 0x97, 0x00, 0x4c, 0x89, 0xe9, 0x4d, 0x89, 0xf5, 0xe8, 0xfd,
    0xfe, 0x97, 0x00, 0x4d, 0x85, 0xf6, 0x75, 0xa8, 0x4c, 0x8b, 0xaf, 0xd8,
    0x00, 0x00, 0x00, 0x4c, 0x8d, 0xbf, 0xc8, 0x00, 0x00, 0x00, 0x4d, 0x85,
    0xed, 0x74, 0x5d, 0x0f, 0x1f, 0x44, 0x00, 0x00, 0x49, 0x8b, 0x55, 0x18,
    0x4c, 0x89, 0xf9, 0xe8, 0xd4, 0x61, 0x92, 0x00, 0x49, 0x8b, 0x5d, 0x30,
    0x49, 0x8b, 0x6d, 0x28, 0x4d, 0x8b, 0x75, 0x10, 0x48, 0x39, 0xeb, 0x74,
    0x1e, 0x0f, 0x1f, 0x00, 0x48, 0x8b, 0x4d, 0x00, 0x48, 0x85, 0xc9, 0x74,
    0x05, 0xe8, 0xb2, 0xfe, 0x97, 0x00, 0x48, 0x83, 0xc5, 0x18, 0x48, 0x39,
    0xeb, 0x75, 0xe9, 0x49, 0x8b, 0x6d, 0x28, 0x48, 0x85, 0xed, 0x74, 0x08,
    0x48, 0x89, 0xe9, 0xe8, 0x98, 0xfe, 0x97, 0x00, 0x4c, 0x89, 0xe9, 0x4d,
    0x89, 0xf5, 0xe8, 0x8d, 0xfe, 0x97, 0x00, 0x4d, 0x85, 0xf6, 0x75, 0xa8,
    0x4c, 0x8b, 0xaf, 0xb8, 0x00, 0x00, 0x00, 0x48, 0x8b, 0x9f, 0xb0, 0x00,
    0x00, 0x00, 0x49, 0x39, 0xdd, 0x74, 0x22, 0x0f, 0x1f, 0x44, 0x00, 0x00,
    0x48, 0x8b, 0x0b, 0x48, 0x85, 0xc9, 0x74, 0x05, 0xe8, 0x63, 0xfe, 0x97,
    0x00, 0x48, 0x83, 0xc3, 0x18, 0x49, 0x39, 0xdd, 0x75, 0xea, 0x48, 0x8b,
    0x9f, 0xb0, 0x00, 0x00, 0x00, 0x48, 0x85, 0xdb, 0x74, 0x08, 0x48, 0x89,
    0xd9, 0xe8, 0x46, 0xfe, 0x97, 0x00, 0x4c, 0x8b, 0xaf, 0xa0, 0x00, 0x00,
    0x00, 0x48, 0x8b, 0x9f, 0x98, 0x00, 0x00, 0x00, 0x49, 0x39, 0xdd, 0x74,
    0x20, 0x0f, 0x1f, 0x00, 0x48, 0x8b, 0x0b, 0x48, 0x85, 0xc9, 0x74, 0x05,
    0xe8, 0x23, 0xfe, 0x97, 0x00, 0x48, 0x83, 0xc3, 0x18, 0x49, 0x39, 0xdd,
    0x75, 0xea, 0x48, 0x8b, 0x9f, 0x98, 0x00, 0x00, 0x00, 0x48, 0x85, 0xdb,
    0x74, 0x08, 0x48, 0x89, 0xd9, 0xe8, 0x06, 0xfe, 0x97, 0x00, 0x4c, 0x8b,
    0xaf, 0x88, 0x00, 0x00, 0x00, 0x48, 0x8b, 0x9f, 0x80, 0x00, 0x00, 0x00,
    0x49, 0x39, 0xdd, 0x74, 0x21, 0x0f, 0x1f, 0x00, 0x48, 0x8b, 0x4b, 0x18,
    0x48, 0x85, 0xc9, 0x74, 0x05, 0xe8, 0xe2, 0xfd, 0x97, 0x00, 0x48, 0x83,
    0xc3, 0x30, 0x49, 0x39, 0xdd, 0x75, 0xe9, 0x48, 0x8b, 0x9f, 0x80, 0x00,
    0x00, 0x00, 0x48, 0x85, 0xdb, 0x74, 0x08, 0x48, 0x89, 0xd9, 0xe8, 0xc5,
    0xfd, 0x97, 0x00, 0x4c, 0x8b, 0x6f, 0x70, 0x48, 0x8b, 0x5f, 0x68, 0x49,
    0x39, 0xdd, 0x74, 0x22, 0x0f, 0x1f, 0x84, 0x00, 0x00, 0x00, 0x00, 0x00,
    0x48, 0x8b, 0x0b, 0x48, 0x85, 0xc9, 0x74, 0x05, 0xe8, 0xa3, 0xfd, 0x97,
    0x00, 0x48, 0x83, 0xc3, 0x18, 0x49, 0x39, 0xdd, 0x75, 0xea, 0x48, 0x8b,
    0x5f, 0x68, 0x48, 0x85, 0xdb, 0x74, 0x08, 0x48, 0x89, 0xd9, 0xe8, 0x89,
    0xfd, 0x97, 0x00, 0x4c, 0x8b, 0x6f, 0x58, 0x48, 0x8b, 0x5f, 0x50, 0x49,
    0x39, 0xdd, 0x74, 0x1a, 0x48, 0x8b, 0x0b, 0x48, 0x85, 0xc9, 0x74, 0x05,
    0xe8, 0x6f, 0xfd, 0x97, 0x00, 0x48, 0x83, 0xc3, 0x18, 0x49, 0x39, 0xdd,
    0x75, 0xea, 0x48, 0x8b, 0x5f, 0x50, 0x48, 0x85, 0xdb, 0x74, 0x08, 0x48,
    0x89, 0xd9, 0xe8, 0x55, 0xfd, 0x97, 0x00, 0x48, 0x89, 0xf9, 0xe8, 0x4d,
    0xfd, 0x97, 0x00, 0x8b, 0x8c, 0x24, 0xc8, 0x00, 0x00, 0x00, 0x4c, 0x89,
    0xe2, 0xe8, 0xbe, 0x32, 0x00, 0x00, 0x48, 0x8d, 0x86, 0x08, 0x02, 0x00,
    0x00, 0x8b, 0x8c, 0x24, 0xc8, 0x00, 0x00, 0x00, 0x41, 0xb8, 0x01, 0x00,
    0x00, 0x00, 0xf2, 0x0f, 0x10, 0x1d, 0xaa, 0x53, 0x99, 0x00, 0x48, 0x89,
    0x44, 0x24, 0x30, 0x4c, 0x89, 0xe2, 0x48, 0x8b, 0x44, 0x24, 0x48, 0xc7,
    0x44, 0x24, 0x28, 0x00, 0x00, 0x00, 0x00, 0xf2, 0x0f, 0x59, 0xd8, 0x48,
    0x89, 0x44, 0x24, 0x20, 0xe8, 0x3f, 0xb4, 0x00, 0x00, 0x48, 0x8d, 0x0d,
    0x41, 0x53, 0x99, 0x00, 0x48, 0x89, 0xf2, 0xe8, 0x90, 0x42, 0x63, 0x00,
    0x48, 0x89, 0xf0, 0x48, 0x83, 0xc4, 0x78, 0x5b, 0x5e, 0x5f, 0x5d, 0x41,
    0x5c, 0x41, 0x5d, 0x41, 0x5e, 0x41, 0x5f, 0xc3, 0x48, 0x89, 0xf7, 0xe9,
    0xf1, 0xfb, 0xff, 0xff, 0x48, 0x8d, 0x7c, 0x24, 0x60, 0x48, 0x8d, 0x8b,
    0xd8, 0x01, 0x00, 0x00, 0x48, 0x89, 0xfa, 0xe8, 0x30, 0x19, 0x8e, 0x00,
    0x48, 0x8b, 0x7c, 0x24, 0x60, 0xe9, 0xde, 0xfb, 0xff, 0xff, 0x48, 0x89,
    0xc3, 0x48, 0x89, 0xf9, 0xe8, 0x5b, 0x81, 0x85, 0x00, 0x48, 0x89, 0xd9,
    0xe8, 0x73, 0x6a, 0x61, 0x00, 0x48, 0x8b, 0x96, 0x68, 0x01, 0x00, 0x00,
    0x48, 0x8d, 0x8e, 0x58, 0x01, 0x00, 0x00, 0x48, 0x89, 0xc3, 0xe8, 0x8d,
    0x5f, 0x92, 0x00, 0x48, 0x8b, 0x96, 0x38, 0x01, 0x00, 0x00, 0x48, 0x8d,
    0x8e, 0x28, 0x01, 0x00, 0x00, 0xe8, 0x7a, 0x5f, 0x92, 0x00, 0x48, 0x8b,
    0x96, 0x08, 0x01, 0x00, 0x00, 0x48, 0x8d, 0x8e, 0xf8, 0x00, 0x00, 0x00,
    0xe8, 0x67, 0x5f, 0x92, 0x00, 0x48, 0x8b, 0x96, 0xd8, 0x00, 0x00, 0x00,
    0x48, 0x8d, 0x8e, 0xc8, 0x00, 0x00, 0x00, 0xe8, 0x54, 0x5f, 0x92, 0x00,
    0x48, 0x8d, 0x8e, 0xb0, 0x00, 0x00, 0x00, 0xe8, 0xb8, 0x9a, 0x8a, 0x00,
    0x48, 0x8d, 0x8e, 0x98, 0x00, 0x00, 0x00, 0xe8, 0xac, 0x9a, 0x8a, 0x00,
    0x48, 0x8d, 0x8e, 0x80, 0x00, 0x00, 0x00, 0xe8, 0x40, 0x24, 0x8a, 0x00,
    0x48, 0x8d, 0x4e, 0x68, 0xe8, 0x97, 0x9a, 0x8a, 0x00, 0x48, 0x8d, 0x4e,
    0x50, 0xe8, 0x8e, 0x9a, 0x8a, 0x00, 0x48, 0x89, 0xf1, 0xe8, 0x16, 0xfc,
    0x97, 0x00, 0x48, 0x89, 0xd9, 0xe8, 0xde, 0x69, 0x61, 0x00, 0x90,
};

// 0x16d00  49 bytes  export AddHoleToPartVariant (ordinals 196,197)
// status: comment_only  -- call to 0x64AEA0 outside the block; jmp to 0x132E0 outside the block
// sha256: 0309028f76f67950bf482adf57fe0e8e0bb6c43ebd17eb8e0946f73a9664c337
alignas(16) const unsigned char kBytes_16d00[49] = {
    0x56, 0x53, 0x48, 0x83, 0xec, 0x38, 0x48, 0x89, 0xcb, 0x89, 0xd6, 0x4c,
    0x89, 0x44, 0x24, 0x28, 0x48, 0x8d, 0x0d, 0xef, 0x6c, 0x99, 0x00, 0xe8,
    0x84, 0x41, 0x63, 0x00, 0x4c, 0x8b, 0x44, 0x24, 0x28, 0x89, 0xf2, 0x48,
    0x89, 0xd9, 0x48, 0x83, 0xc4, 0x38, 0x5b, 0x5e, 0xe9, 0xaf, 0xc5, 0xff,
    0xff,
};

// 0x16d40  49 bytes  export CNS_AddExternalBoundaryToPartVariant (ordinals 198,199)
// status: comment_only  -- call to 0x64AEA0 outside the block; jmp to 0x132E0 outside the block
// sha256: 09ae759ea1c1386dc257554918a7d258c7a046011d445f4327dbd8b6b4a717bf
alignas(16) const unsigned char kBytes_16d40[49] = {
    0x56, 0x53, 0x48, 0x83, 0xec, 0x38, 0x48, 0x89, 0xcb, 0x89, 0xd6, 0x4c,
    0x89, 0x44, 0x24, 0x28, 0x48, 0x8d, 0x0d, 0xc9, 0x6c, 0x99, 0x00, 0xe8,
    0x44, 0x41, 0x63, 0x00, 0x4c, 0x8b, 0x44, 0x24, 0x28, 0x89, 0xf2, 0x48,
    0x89, 0xd9, 0x48, 0x83, 0xc4, 0x38, 0x5b, 0x5e, 0xe9, 0x6f, 0xc5, 0xff,
    0xff,
};

// 0x16d80  96 bytes  export CNS_AddOpenCuttingPathToPartVariant (ordinals 200,201)
// status: comment_only  -- call to 0x14A60 outside the block; call to 0x64AEA0 outside the block
// sha256: 1a0ca86c079cf84147667644c3496e42d836de0b99e527ad0e01d19ba53d5fa4
alignas(16) const unsigned char kBytes_16d80[96] = {
    0x57, 0x56, 0x53, 0x48, 0x83, 0xec, 0x50, 0x48, 0x8b, 0x32, 0x48, 0x8b,
    0x7a, 0x08, 0x48, 0x89, 0xcb, 0x44, 0x89, 0x44, 0x24, 0x3c, 0x48, 0x8d,
    0x0d, 0xab, 0x6c, 0x99, 0x00, 0x4c, 0x89, 0x4c, 0x24, 0x30, 0xe8, 0xf9,
    0x40, 0x63, 0x00, 0x4c, 0x8b, 0x4c, 0x24, 0x30, 0x48, 0x8d, 0x54, 0x24,
    0x40, 0x48, 0x89, 0xd9, 0x44, 0x8b, 0x44, 0x24, 0x3c, 0x48, 0x89, 0x74,
    0x24, 0x40, 0xf2, 0x0f, 0x10, 0x84, 0x24, 0x90, 0x00, 0x00, 0x00, 0x48,
    0x89, 0x7c, 0x24, 0x48, 0xf2, 0x0f, 0x11, 0x44, 0x24, 0x20, 0xe8, 0x89,
    0xdc, 0xff, 0xff, 0x90, 0x48, 0x83, 0xc4, 0x50, 0x5b, 0x5e, 0x5f, 0xc3,
};

// 0x16de0  61 bytes  export CNS_SetPartVariantAuthorizations (ordinals 202,203)
// status: comment_only  -- call to 0x64AEA0 outside the block; jmp to 0xC1A0 outside the block
// sha256: e9bf76ebe5b7644e5ed26e007b5e823b0bc5327ebfba0d30231aafe97fcf3bf5
alignas(16) const unsigned char kBytes_16de0[61] = {
    0x56, 0x53, 0x48, 0x83, 0xec, 0x38, 0x48, 0x89, 0xcb, 0x89, 0xd6, 0x44,
    0x89, 0x44, 0x24, 0x2c, 0x48, 0x8d, 0x0d, 0x79, 0x6c, 0x99, 0x00, 0xf2,
    0x0f, 0x11, 0x5c, 0x24, 0x20, 0xe8, 0x9e, 0x40, 0x63, 0x00, 0x44, 0x8b,
    0x44, 0x24, 0x2c, 0x89, 0xf2, 0x48, 0x89, 0xd9, 0xf2, 0x0f, 0x10, 0x5c,
    0x24, 0x20, 0x48, 0x83, 0xc4, 0x38, 0x5b, 0x5e, 0xe9, 0x83, 0x53, 0xff,
    0xff,
};

// 0x16e20  63 bytes  export CNS_AddPartVariantSpecificAuthorizations (ordinals 204,205)
// status: comment_only  -- call to 0x64AEA0 outside the block; jmp to 0x10CE0 outside the block
// sha256: 2cae2d75f90d282e59d47d7537959ac93081e88cf5c7abacde6268c34f8547af
alignas(16) const unsigned char kBytes_16e20[63] = {
    0x56, 0x53, 0x48, 0x83, 0xec, 0x38, 0x48, 0x89, 0xcb, 0x89, 0xd6, 0xf2,
    0x0f, 0x11, 0x54, 0x24, 0x28, 0x48, 0x8d, 0x0d, 0x60, 0x6c, 0x99, 0x00,
    0xf2, 0x0f, 0x11, 0x5c, 0x24, 0x20, 0xe8, 0x5d, 0x40, 0x63, 0x00, 0xf2,
    0x0f, 0x10, 0x5c, 0x24, 0x20, 0x89, 0xf2, 0x48, 0x89, 0xd9, 0xf2, 0x0f,
    0x10, 0x54, 0x24, 0x28, 0x48, 0x83, 0xc4, 0x38, 0x5b, 0x5e, 0xe9, 0x81,
    0x9e, 0xff, 0xff,
};

// 0x16e60  1727 bytes  export GetNestedPartPartVariant (ordinals 206,207)
// status: comment_only  -- call to 0x4F76A0 outside the block; call to 0x51D0C0 outside the block; call to 0x520440 outside the block; call to 0x60A620 outside the block (+4 more)
// sha256: b238c8e313e079cefe54d3ba198cd20f79b6c7da243f61de9a7fa34651558a7b
alignas(16) const unsigned char kBytes_16e60[1727] = {
    0x41, 0x55, 0x41, 0x54, 0x55, 0x57, 0x56, 0x53, 0x48, 0x81, 0xec, 0x98,
    0x00, 0x00, 0x00, 0x89, 0xd7, 0x49, 0x89, 0xcc, 0x48, 0x8d, 0x0d, 0x49,
    0x6c, 0x99, 0x00, 0x89, 0xfa, 0xe8, 0xae, 0x77, 0x63, 0x00, 0x49, 0x8b,
    0x4c, 0x24, 0x08, 0xe8, 0x34, 0x62, 0x50, 0x00, 0x48, 0xb9, 0xef, 0xee,
    0xee, 0xee, 0xee, 0xee, 0xee, 0xee, 0x48, 0x8b, 0x10, 0x48, 0x89, 0xc5,
    0x48, 0x8b, 0x40, 0x08, 0x48, 0x29, 0xd0, 0x48, 0xc1, 0xf8, 0x03, 0x48,
    0x0f, 0xaf, 0xc1, 0x48, 0x39, 0xc7, 0x0f, 0x86, 0xc7, 0x01, 0x00, 0x00,
    0x48, 0x8d, 0x5c, 0x24, 0x50, 0x45, 0x31, 0xc0, 0x48, 0xc7, 0x44, 0x24,
    0x50, 0x29, 0x00, 0x00, 0x00, 0x48, 0xbe, 0x6e, 0x65, 0x73, 0x74, 0x65,
    0x64, 0x5f, 0x70, 0x4c, 0x8d, 0x6c, 0x24, 0x70, 0x48, 0x89, 0xda, 0x49,
    0x8d, 0x45, 0x10, 0x4c, 0x89, 0xe9, 0x48, 0x89, 0x44, 0x24, 0x70, 0xe8,
    0xb8, 0x9c, 0x8f, 0x00, 0x48, 0x8b, 0x54, 0x24, 0x50, 0x45, 0x31, 0xc0,
    0x48, 0x89, 0xd9, 0x48, 0x89, 0x44, 0x24, 0x70, 0x48, 0x89, 0x94, 0x24,
    0x80, 0x00, 0x00, 0x00, 0x48, 0x89, 0x30, 0x48, 0xbe, 0x61, 0x72, 0x74,
    0x5f, 0x6e, 0x75, 0x6d, 0x62, 0x48, 0x89, 0x70, 0x08, 0x48, 0xbe, 0x65,
    0x72, 0x20, 0x3c, 0x3d, 0x20, 0x6e, 0x65, 0x48, 0x89, 0x70, 0x10, 0x48,
    0xbe, 0x73, 0x74, 0x65, 0x64, 0x5f, 0x70, 0x61, 0x72, 0x48, 0x89, 0x70,
    0x18, 0x48, 0xbe, 0x74, 0x73, 0x2e, 0x73, 0x69, 0x7a, 0x65, 0x28, 0x48,
    0x89, 0x70, 0x20, 0xc6, 0x40, 0x28, 0x29, 0x48, 0x8b, 0x44, 0x24, 0x50,
    0x48, 0x8b, 0x54, 0x24, 0x70, 0x48, 0x89, 0x44, 0x24, 0x78, 0xc6, 0x04,
    0x02, 0x00, 0x48, 0x8d, 0x43, 0x10, 0x48, 0x8d, 0x54, 0x24, 0x20, 0x48,
    0x89, 0x44, 0x24, 0x50, 0x48, 0xc7, 0x44, 0x24, 0x20, 0x1c, 0x00, 0x00,
    0x00, 0xe8, 0x32, 0x9c, 0x8f, 0x00, 0x48, 0x8b, 0x54, 0x24, 0x20, 0x48,
    0x89, 0x44, 0x24, 0x50, 0x45, 0x31, 0xc0, 0x48, 0xbe, 0x43, 0x4e, 0x53,
    0x5f, 0x47, 0x65, 0x74, 0x4e, 0x48, 0x89, 0x54, 0x24, 0x60, 0x48, 0x89,
    0x30, 0x48, 0xbe, 0x65, 0x73, 0x74, 0x65, 0x64, 0x50, 0x61, 0x72, 0x48,
    0x89, 0x70, 0x08, 0x48, 0xbe, 0x74, 0x50, 0x61, 0x72, 0x74, 0x56, 0x61,
    0x72, 0x48, 0x89, 0x70, 0x10, 0x48, 0x8d, 0x74, 0x24, 0x30, 0xc7, 0x40,
    0x18, 0x69, 0x61, 0x6e, 0x74, 0x48, 0x8b, 0x44, 0x24, 0x20, 0x48, 0x89,
    0xf1, 0x48, 0x8b, 0x54, 0x24, 0x50, 0x48, 0x89, 0x44, 0x24, 0x58, 0xc6,
    0x04, 0x02, 0x00, 0x48, 0x8d, 0x46, 0x10, 0x48, 0x8d, 0x54, 0x24, 0x28,
    0x48, 0x89, 0x44, 0x24, 0x30, 0x48, 0xc7, 0x44, 0x24, 0x28, 0x14, 0x00,
    0x00, 0x00, 0xe8, 0xb9, 0x9b, 0x8f, 0x00, 0x48, 0x8b, 0x54, 0x24, 0x28,
    0x48, 0x89, 0x44, 0x24, 0x30, 0x4d, 0x89, 0xe9, 0x49, 0x89, 0xd8, 0x48,
    0xb9, 0x63, 0x6e, 0x73, 0x5f, 0x70, 0x61, 0x72, 0x74, 0x48, 0x89, 0x54,
    0x24, 0x40, 0x48, 0x89, 0x08, 0x48, 0xb9, 0x5f, 0x76, 0x61, 0x72, 0x69,
    0x61, 0x6e, 0x74, 0x48, 0x89, 0x48, 0x08, 0x48, 0x89, 0xf1, 0xc7, 0x40,
    0x10, 0x2e, 0x63, 0x70, 0x70, 0x48, 0x8b, 0x44, 0x24, 0x28, 0x48, 0x8b,
    0x54, 0x24, 0x30, 0x48, 0x89, 0x44, 0x24, 0x38, 0xc6, 0x04, 0x02, 0x00,
    0xba, 0x63, 0x00, 0x00, 0x00, 0xe8, 0xe2, 0x35, 0x5f, 0x00, 0x48, 0x8b,
    0x4c, 0x24, 0x30, 0x48, 0x83, 0xc6, 0x10, 0x48, 0x39, 0xf1, 0x74, 0x05,
    0xe8, 0x5f, 0x14, 0x98, 0x00, 0x48, 0x8b, 0x4c, 0x24, 0x50, 0x48, 0x83,
    0xc3, 0x10, 0x48, 0x39, 0xd9, 0x74, 0x05, 0xe8, 0x4c, 0x14, 0x98, 0x00,
    0x48, 0x8b, 0x4c, 0x24, 0x70, 0x49, 0x83, 0xc5, 0x10, 0x4c, 0x39, 0xe9,
    0x74, 0x05, 0xe8, 0x39, 0x14, 0x98, 0x00, 0x48, 0x8b, 0x55, 0x00, 0x48,
    0x89, 0xf8, 0x4d, 0x8b, 0x24, 0x24, 0x48, 0xc1, 0xe0, 0x04, 0x48, 0x29,
    0xf8, 0x48, 0x8d, 0x2c, 0xc2, 0x48, 0x89, 0xe9, 0xe8, 0xab, 0x93, 0x50,
    0x00, 0x48, 0x89, 0xc1, 0xe8, 0x03, 0x06, 0x4e, 0x00, 0x49, 0x8b, 0x94,
    0x24, 0x88, 0x01, 0x00, 0x00, 0x89, 0xc7, 0x49, 0x8b, 0x84, 0x24, 0x80,
    0x01, 0x00, 0x00, 0x48, 0x29, 0xc2, 0x48, 0xc1, 0xfa, 0x03, 0x48, 0x39,
    0xd7, 0x0f, 0x86, 0xc2, 0x01, 0x00, 0x00, 0x48, 0x8d, 0x5c, 0x24, 0x50,
    0x45, 0x31, 0xc0, 0x48, 0xc7, 0x44, 0x24, 0x50, 0x22, 0x00, 0x00, 0x00,
    0x48, 0xbe, 0x70, 0x61, 0x72, 0x74, 0x5f, 0x6e, 0x75, 0x6d, 0x4c, 0x8d,
    0x6c, 0x24, 0x70, 0x48, 0x89, 0xda, 0x49, 0x8d, 0x45, 0x10, 0x4c, 0x89,
    0xe9, 0x48, 0x89, 0x44, 0x24, 0x70, 0xe8, 0xad, 0x9a, 0x8f, 0x00, 0x48,
    0x8b, 0x54, 0x24, 0x50, 0xb9, 0x28, 0x29, 0x00, 0x00, 0x45, 0x31, 0xc0,
    0x48, 0x89, 0x44, 0x24, 0x70, 0x48, 0x89, 0x94, 0x24, 0x80, 0x00, 0x00,
    0x00, 0x48, 0x89, 0x30, 0x48, 0xbe, 0x62, 0x65, 0x72, 0x20, 0x3c, 0x3d,
    0x20, 0x6f, 0x48, 0x89, 0x70, 0x08, 0x48, 0xbe, 0x72, 0x64, 0x65, 0x72,
    0x2d, 0x3e, 0x70, 0x61, 0x48, 0x89, 0x70, 0x10, 0x48, 0xbe, 0x72, 0x74,
    0x73, 0x2e, 0x73, 0x69, 0x7a, 0x65, 0x66, 0x89, 0x48, 0x20, 0x48, 0x89,
    0xd9, 0x48, 0x89, 0x70, 0x18, 0x48, 0x8b, 0x44, 0x24, 0x50, 0x48, 0x8b,
    0x54, 0x24, 0x70, 0x48, 0x89, 0x44, 0x24, 0x78, 0xc6, 0x04, 0x02, 0x00,
    0x48, 0x8d, 0x43, 0x10, 0x48, 0x8d, 0x54, 0x24, 0x20, 0x48, 0x89, 0x44,
    0x24, 0x50, 0x48, 0xc7, 0x44, 0x24, 0x20, 0x1c, 0x00, 0x00, 0x00, 0xe8,
    0x30, 0x9a, 0x8f, 0x00, 0x48, 0x8b, 0x54, 0x24, 0x20, 0x48, 0x89, 0x44,
    0x24, 0x50, 0x45, 0x31, 0xc0, 0x48, 0xbe, 0x43, 0x4e, 0x53, 0x5f, 0x47,
    0x65, 0x74, 0x4e, 0x48, 0x89, 0x54, 0x24, 0x60, 0x48, 0x89, 0x30, 0x48,
    0xbe, 0x65, 0x73, 0x74, 0x65, 0x64, 0x50, 0x61, 0x72, 0x48, 0x89, 0x70,
    0x08, 0x48, 0xbe, 0x74, 0x50, 0x61, 0x72, 0x74, 0x56, 0x61, 0x72, 0x48,
    0x89, 0x70, 0x10, 0x48, 0x8d, 0x74, 0x24, 0x30, 0xc7, 0x40, 0x18, 0x69,
    0x61, 0x6e, 0x74, 0x48, 0x8b, 0x44, 0x24, 0x20, 0x48, 0x89, 0xf1, 0x48,
    0x8b, 0x54, 0x24, 0x50, 0x48, 0x89, 0x44, 0x24, 0x58, 0xc6, 0x04, 0x02,
    0x00, 0x48, 0x8d, 0x46, 0x10, 0x48, 0x8d, 0x54, 0x24, 0x28, 0x48, 0x89,
    0x44, 0x24, 0x30, 0x48, 0xc7, 0x44, 0x24, 0x28, 0x14, 0x00, 0x00, 0x00,
    0xe8, 0xb7, 0x99, 0x8f, 0x00, 0x48, 0x8b, 0x54, 0x24, 0x28, 0x48, 0x89,
    0x44, 0x24, 0x30, 0x4d, 0x89, 0xe9, 0x49, 0x89, 0xd8, 0x48, 0xb9, 0x63,
    0x6e, 0x73, 0x5f, 0x70, 0x61, 0x72, 0x74, 0x48, 0x89, 0x54, 0x24, 0x40,
    0x48, 0x89, 0x08, 0x48, 0xb9, 0x5f, 0x76, 0x61, 0x72, 0x69, 0x61, 0x6e,
    0x74, 0x48, 0x89, 0x48, 0x08, 0x48, 0x89, 0xf1, 0xc7, 0x40, 0x10, 0x2e,
    0x63, 0x70, 0x70, 0x48, 0x8b, 0x44, 0x24, 0x28, 0x48, 0x8b, 0x54, 0x24,
    0x30, 0x48, 0x89, 0x44, 0x24, 0x38, 0xc6, 0x04, 0x02, 0x00, 0xba, 0x68,
    0x00, 0x00, 0x00, 0xe8, 0xe0, 0x33, 0x5f, 0x00, 0x48, 0x8b, 0x4c, 0x24,
    0x30, 0x48, 0x83, 0xc6, 0x10, 0x48, 0x39, 0xf1, 0x74, 0x05, 0xe8, 0x5d,
    0x12, 0x98, 0x00, 0x48, 0x8b, 0x4c, 0x24, 0x50, 0x48, 0x83, 0xc3, 0x10,
    0x48, 0x39, 0xd9, 0x74, 0x05, 0xe8, 0x4a, 0x12, 0x98, 0x00, 0x48, 0x8b,
    0x4c, 0x24, 0x70, 0x49, 0x83, 0xc5, 0x10, 0x4c, 0x39, 0xe9, 0x74, 0x05,
    0xe8, 0x37, 0x12, 0x98, 0x00, 0x49, 0x8b, 0x84, 0x24, 0x80, 0x01, 0x00,
    0x00, 0x48, 0x89, 0xe9, 0x48, 0x8b, 0x3c, 0xf8, 0xe8, 0x33, 0x91, 0x50,
    0x00, 0x85, 0xc0, 0x0f, 0x84, 0x1b, 0x02, 0x00, 0x00, 0x8d, 0x68, 0xff,
    0x48, 0x8b, 0x97, 0xd8, 0x01, 0x00, 0x00, 0x48, 0x8b, 0x87, 0xe0, 0x01,
    0x00, 0x00, 0x48, 0x29, 0xd0, 0x48, 0xc1, 0xf8, 0x03, 0x48, 0x39, 0xc5,
    0x73, 0x1e, 0x48, 0x8b, 0x04, 0xea, 0x48, 0x81, 0xc4, 0x98, 0x00, 0x00,
    0x00, 0x5b, 0x5e, 0x5f, 0x5d, 0x41, 0x5c, 0x41, 0x5d, 0xc3, 0x66, 0x2e,
    0x0f, 0x1f, 0x84, 0x00, 0x00, 0x00, 0x00, 0x00, 0x48, 0x8d, 0x5c, 0x24,
    0x50, 0x45, 0x31, 0xc0, 0x48, 0xc7, 0x44, 0x24, 0x50, 0x2e, 0x00, 0x00,
    0x00, 0x48, 0xbe, 0x70, 0x61, 0x72, 0x74, 0x5f, 0x76, 0x61, 0x72, 0x4c,
    0x8d, 0x6c, 0x24, 0x70, 0x48, 0x89, 0xda, 0x49, 0x8d, 0x45, 0x10, 0x4c,
    0x89, 0xe9, 0x48, 0x89, 0x44, 0x24, 0x70, 0xe8, 0x9c, 0x98, 0x8f, 0x00,
    0x48, 0x8b, 0x54, 0x24, 0x50, 0x45, 0x31, 0xc0, 0x48, 0x89, 0xd9, 0x48,
    0x89, 0x44, 0x24, 0x70, 0x48, 0x89, 0x94, 0x24, 0x80, 0x00, 0x00, 0x00,
    0xba, 0x28, 0x29, 0x00, 0x00, 0x48, 0x89, 0x30, 0x48, 0xbe, 0x69, 0x61,
    0x6e, 0x74, 0x5f, 0x69, 0x6e, 0x64, 0x48, 0x89, 0x70, 0x08, 0x48, 0xbe,
    0x65, 0x78, 0x20, 0x2d, 0x20, 0x31, 0x20, 0x3c, 0x48, 0x89, 0x70, 0x10,
    0x48, 0xbe, 0x20, 0x70, 0x61, 0x72, 0x74, 0x2d, 0x3e, 0x76, 0x48, 0x89,
    0x70, 0x18, 0x48, 0xbe, 0x61, 0x72, 0x69, 0x61, 0x6e, 0x74, 0x73, 0x2e,
    0x48, 0x89, 0x70, 0x20, 0xc7, 0x40, 0x28, 0x73, 0x69, 0x7a, 0x65, 0x66,
    0x89, 0x50, 0x2c, 0x48, 0x8b, 0x44, 0x24, 0x50, 0x48, 0x8b, 0x54, 0x24,
    0x70, 0x48, 0x89, 0x44, 0x24, 0x78, 0xc6, 0x04, 0x02, 0x00, 0x48, 0x8d,
    0x43, 0x10, 0x48, 0x8d, 0x54, 0x24, 0x20, 0x48, 0x89, 0x44, 0x24, 0x50,
    0x48, 0xc7, 0x44, 0x24, 0x20, 0x1c, 0x00, 0x00, 0x00, 0xe8, 0x0a, 0x98,
    0x8f, 0x00, 0x48, 0x8b, 0x54, 0x24, 0x20, 0x48, 0x89, 0x44, 0x24, 0x50,
    0x45, 0x31, 0xc0, 0x48, 0xbe, 0x43, 0x4e, 0x53, 0x5f, 0x47, 0x65, 0x74,
    0x4e, 0x48, 0x89, 0x54, 0x24, 0x60, 0x48, 0x89, 0x30, 0x48, 0xbe, 0x65,
    0x73, 0x74, 0x65, 0x64, 0x50, 0x61, 0x72, 0x48, 0x89, 0x70, 0x08, 0x48,
    0xbe, 0x74, 0x50, 0x61, 0x72, 0x74, 0x56, 0x61, 0x72, 0x48, 0x89, 0x70,
    0x10, 0x48, 0x8d, 0x74, 0x24, 0x30, 0xc7, 0x40, 0x18, 0x69, 0x61, 0x6e,
    0x74, 0x48, 0x8b, 0x44, 0x24, 0x20, 0x48, 0x89, 0xf1, 0x48, 0x8b, 0x54,
    0x24, 0x50, 0x48, 0x89, 0x44, 0x24, 0x58, 0xc6, 0x04, 0x02, 0x00, 0x48,
    0x8d, 0x46, 0x10, 0x48, 0x8d, 0x54, 0x24, 0x28, 0x48, 0x89, 0x44, 0x24,
    0x30, 0x48, 0xc7, 0x44, 0x24, 0x28, 0x14, 0x00, 0x00, 0x00, 0xe8, 0x91,
    0x97, 0x8f, 0x00, 0x48, 0x8b, 0x54, 0x24, 0x28, 0x48, 0x89, 0x44, 0x24,
    0x30, 0x4d, 0x89, 0xe9, 0x49, 0x89, 0xd8, 0x48, 0xb9, 0x63, 0x6e, 0x73,
    0x5f, 0x70, 0x61, 0x72, 0x74, 0x48, 0x89, 0x54, 0x24, 0x40, 0x48, 0x89,
    0x08, 0x48, 0xb9, 0x5f, 0x76, 0x61, 0x72, 0x69, 0x61, 0x6e, 0x74, 0x48,
    0x89, 0x48, 0x08, 0x48, 0x89, 0xf1, 0xc7, 0x40, 0x10, 0x2e, 0x63, 0x70,
    0x70, 0x48, 0x8b, 0x44, 0x24, 0x28, 0x48, 0x8b, 0x54, 0x24, 0x30, 0x48,
    0x89, 0x44, 0x24, 0x38, 0xc6, 0x04, 0x02, 0x00, 0xba, 0x6f, 0x00, 0x00,
    0x00, 0xe8, 0xba, 0x31, 0x5f, 0x00, 0x48, 0x8b, 0x4c, 0x24, 0x30, 0x48,
    0x83, 0xc6, 0x10, 0x48, 0x39, 0xf1, 0x74, 0x05, 0xe8, 0x37, 0x10, 0x98,
    0x00, 0x48, 0x8b, 0x4c, 0x24, 0x50, 0x48, 0x83, 0xc3, 0x10, 0x48, 0x39,
    0xd9, 0x74, 0x05, 0xe8, 0x24, 0x10, 0x98, 0x00, 0x48, 0x8b, 0x4c, 0x24,
    0x70, 0x49, 0x83, 0xc5, 0x10, 0x4c, 0x39, 0xe9, 0x74, 0x05, 0xe8, 0x11,
    0x10, 0x98, 0x00, 0x48, 0x8b, 0x97, 0xd8, 0x01, 0x00, 0x00, 0xe9, 0x07,
    0xfe, 0xff, 0xff, 0x0f, 0x1f, 0x44, 0x00, 0x00, 0x31, 0xc0, 0x48, 0x81,
    0xc4, 0x98, 0x00, 0x00, 0x00, 0x5b, 0x5e, 0x5f, 0x5d, 0x41, 0x5c, 0x41,
    0x5d, 0xc3, 0x48, 0x89, 0xc6, 0x48, 0x8b, 0x4c, 0x24, 0x50, 0x48, 0x83,
    0xc3, 0x10, 0x48, 0x39, 0xd9, 0x74, 0x05, 0xe8, 0xd8, 0x0f, 0x98, 0x00,
    0x48, 0x8b, 0x4c, 0x24, 0x70, 0x49, 0x83, 0xc5, 0x10, 0x4c, 0x39, 0xe9,
    0x74, 0x05, 0xe8, 0xc5, 0x0f, 0x98, 0x00, 0x48, 0x89, 0xf1, 0xe8, 0x8d,
    0x7d, 0x61, 0x00, 0x48, 0x8b, 0x4c, 0x24, 0x30, 0x48, 0x83, 0xc6, 0x10,
    0x48, 0x89, 0xc7, 0x48, 0x39, 0xf1, 0x74, 0x05, 0xe8, 0xa7, 0x0f, 0x98,
    0x00, 0x48, 0x89, 0xfe, 0xeb, 0xb7, 0xeb, 0xb2, 0x48, 0x89, 0xc6, 0xeb,
    0xc3, 0xeb, 0xf9, 0xeb, 0xf7, 0xeb, 0xd8, 0xeb, 0xa5, 0xeb, 0xd4,
};

// 0x16cb0  57 bytes  export sub_16CB0 (ordinals 208,209)
// status: comment_only  -- call to 0x63F238 outside the block; call to 0x90ECB0 outside the block
// sha256: 026b56bf17b32a8059b88f08a79a4cc467fc3cd0c5cf2998bc06d361bd295605
alignas(16) const unsigned char kBytes_16cb0[57] = {
    0x56, 0x53, 0x48, 0x83, 0xec, 0x38, 0x48, 0x89, 0xcb, 0x48, 0x89, 0xd1,
    0x48, 0x89, 0xd6, 0xe8, 0x74, 0x85, 0x62, 0x00, 0x4c, 0x8b, 0x83, 0xc0,
    0x01, 0x00, 0x00, 0x48, 0x8d, 0x8b, 0xb8, 0x01, 0x00, 0x00, 0x31, 0xd2,
    0x48, 0x89, 0x44, 0x24, 0x20, 0x49, 0x89, 0xf1, 0xe8, 0xcf, 0x7f, 0x8f,
    0x00, 0x90, 0x48, 0x83, 0xc4, 0x38, 0x5b, 0x5e, 0xc3,
};

// 0x16cf0  8 bytes  export sub_16CF0 (ordinals 210,211)
// status: callable
// sha256: d9281642d1642eba42a247a7cc7a24bf8d22dc5450ae6e032b6edbb338702125
alignas(16) const unsigned char kBytes_16cf0[8] = {
    0x48, 0x8b, 0x81, 0xb8, 0x01, 0x00, 0x00, 0xc3,
};

// 0xcef0  45 bytes  export SetShearGap (ordinals 212,213)
// status: comment_only  -- call to 0x64ABF0 outside the block
// sha256: 339fc34e7a983c35b220ebdb1d42a927ffe04c7825b0453ef5b557bf9932d9b0
alignas(16) const unsigned char kBytes_cef0[45] = {
    0x53, 0x48, 0x83, 0xec, 0x30, 0x0f, 0x29, 0x74, 0x24, 0x20, 0x66, 0x0f,
    0x28, 0xf1, 0x48, 0x89, 0xcb, 0x48, 0x8d, 0x0d, 0x50, 0xfd, 0x99, 0x00,
    0xe8, 0xe3, 0xdc, 0x63, 0x00, 0xf2, 0x0f, 0x11, 0x73, 0x50, 0x0f, 0x28,
    0x74, 0x24, 0x20, 0x48, 0x83, 0xc4, 0x30, 0x5b, 0xc3,
};

// 0x11490  423 bytes  export SetIncompatibleSheet (ordinals 214,215)
// status: comment_only  -- call to 0x1BF40 outside the block; call to 0x62F280 outside the block; call to 0x63F6B8 outside the block; call to 0x63F6C0 outside the block (+10 more)
// sha256: 8fccee20d05442261c3e8ddac2e7e273316378a2562341af5b4ba52df0901a27
alignas(16) const unsigned char kBytes_11490[423] = {
    0x55, 0x57, 0x56, 0x53, 0x48, 0x83, 0xec, 0x38, 0x48, 0x89, 0xce, 0x48,
    0x89, 0xd7, 0xe8, 0x7d, 0x96, 0xff, 0xff, 0xc6, 0x44, 0x24, 0x28, 0x00,
    0x48, 0x85, 0xc0, 0x48, 0x89, 0x44, 0x24, 0x20, 0x0f, 0x84, 0x4e, 0x01,
    0x00, 0x00, 0x48, 0x89, 0xc1, 0xe8, 0x02, 0xe2, 0x62, 0x00, 0x85, 0xc0,
    0x0f, 0x85, 0x48, 0x01, 0x00, 0x00, 0xc6, 0x44, 0x24, 0x28, 0x01, 0xe8,
    0x70, 0xaa, 0x00, 0x00, 0x48, 0x85, 0xc0, 0x48, 0x89, 0xc3, 0x0f, 0x84,
    0x9c, 0x00, 0x00, 0x00, 0x41, 0xb8, 0x03, 0x00, 0x00, 0x00, 0x48, 0x89,
    0xc1, 0x48, 0x8d, 0x15, 0xa2, 0xb3, 0x99, 0x00, 0xe8, 0x1f, 0x6b, 0x96,
    0x00, 0x41, 0xb8, 0x14, 0x00, 0x00, 0x00, 0x48, 0x89, 0xd9, 0x48, 0x8d,
    0x15, 0x47, 0xbf, 0x99, 0x00, 0xe8, 0x0a, 0x6b, 0x96, 0x00, 0x41, 0xb8,
    0x01, 0x00, 0x00, 0x00, 0x48, 0x89, 0xd9, 0x48, 0x8d, 0x15, 0x68, 0xb6,
    0x99, 0x00, 0xe8, 0xf5, 0x6a, 0x96, 0x00, 0x48, 0x89, 0xf2, 0x48, 0x89,
    0xd9, 0xe8, 0x6a, 0x6f, 0x85, 0x00, 0x41, 0xb8, 0x01, 0x00, 0x00, 0x00,
    0x48, 0x89, 0xd9, 0x48, 0x8d, 0x15, 0x48, 0xb6, 0x99, 0x00, 0xe8, 0xd5,
    0x6a, 0x96, 0x00, 0x48, 0x89, 0xfa, 0x48, 0x89, 0xd9, 0xe8, 0x4a, 0x6f,
    0x85, 0x00, 0x48, 0x8b, 0x03, 0x48, 0x8b, 0x40, 0xe8, 0x48, 0x8b, 0xac,
    0x03, 0xf0, 0x00, 0x00, 0x00, 0x48, 0x85, 0xed, 0x0f, 0x84, 0xb7, 0x00,
    0x00, 0x00, 0x80, 0x7d, 0x38, 0x00, 0x74, 0x4c, 0x0f, 0xbe, 0x55, 0x43,
    0x48, 0x89, 0xd9, 0xe8, 0x80, 0x66, 0x85, 0x00, 0x48, 0x89, 0xc1, 0xe8,
    0x78, 0x68, 0x85, 0x00, 0x80, 0x7c, 0x24, 0x28, 0x00, 0x75, 0x61, 0x48,
    0x8b, 0x86, 0xf8, 0x01, 0x00, 0x00, 0x48, 0x89, 0x7c, 0x24, 0x20, 0x48,
    0x3b, 0x86, 0x00, 0x02, 0x00, 0x00, 0x74, 0x5d, 0x48, 0x85, 0xc0, 0x74,
    0x03, 0x48, 0x89, 0x38, 0x48, 0x83, 0xc0, 0x08, 0x48, 0x89, 0x86, 0xf8,
    0x01, 0x00, 0x00, 0x48, 0x83, 0xc4, 0x38, 0x5b, 0x5e, 0x5f, 0x5d, 0xc3,
    0x48, 0x89, 0xe9, 0xe8, 0x28, 0x4f, 0x81, 0x00, 0x48, 0x8b, 0x45, 0x00,
    0x48, 0x8d, 0x0d, 0x5d, 0x51, 0x81, 0x00, 0xba, 0x0a, 0x00, 0x00, 0x00,
    0x48, 0x8b, 0x40, 0x30, 0x48, 0x39, 0xc8, 0x74, 0x97, 0x48, 0x89, 0xe9,
    0xff, 0xd0, 0x0f, 0xbe, 0xd0, 0xeb, 0x8d, 0x0f, 0x1f, 0x44, 0x00, 0x00,
    0x48, 0x8b, 0x4c, 0x24, 0x20, 0x48, 0x85, 0xc9, 0x74, 0x95, 0xe8, 0xc9,
    0xe0, 0x62, 0x00, 0xeb, 0x8e, 0x48, 0x8d, 0x54, 0x24, 0x20, 0x48, 0x8d,
    0x8e, 0xf0, 0x01, 0x00, 0x00, 0xe8, 0x7e, 0x2a, 0x8e, 0x00, 0xeb, 0xa3,
    0xb9, 0x01, 0x00, 0x00, 0x00, 0xe8, 0xe2, 0x95, 0x96, 0x00, 0x89, 0xc1,
    0xe8, 0xdb, 0x95, 0x96, 0x00, 0xe8, 0x36, 0x71, 0x96, 0x00, 0x80, 0x7c,
    0x24, 0x28, 0x00, 0x48, 0x89, 0xc3, 0x74, 0x0a, 0x48, 0x8d, 0x4c, 0x24,
    0x20, 0xe8, 0x82, 0x4b, 0x86, 0x00, 0x48, 0x89, 0xd9, 0xe8, 0x4a, 0xdc,
    0x61, 0x00, 0x90,
};

// 0x3360  52 bytes  export LaunchEstimateLocalComputation (ordinals 216,217)
// status: comment_only  -- call to 0x64AEA0 outside the block; jmp to 0x2AB0 outside the block
// sha256: c5f20a8466ffe8bd570da19c8777e241efb985c23ed46b4b72a433bcb41f553a
alignas(16) const unsigned char kBytes_3360[52] = {
    0x53, 0x48, 0x83, 0xec, 0x30, 0x48, 0x89, 0xcb, 0xf2, 0x0f, 0x11, 0x4c,
    0x24, 0x28, 0x48, 0x8d, 0x0d, 0x63, 0x8e, 0x9a, 0x00, 0xe8, 0x26, 0x7b,
    0x64, 0x00, 0xf2, 0x0f, 0x10, 0x4c, 0x24, 0x28, 0x48, 0x89, 0xd9, 0xc6,
    0x83, 0x88, 0x02, 0x00, 0x00, 0x01, 0x48, 0x83, 0xc4, 0x30, 0x5b, 0xe9,
    0x1c, 0xf7, 0xff, 0xff,
};

// 0x11640  483 bytes  export AddSuggestedPartsGrouping (ordinals 218,219)
// status: comment_only  -- call to 0x60A620 outside the block; call to 0x62F280 outside the block; call to 0x64AEA0 outside the block; call to 0x8F9DC0 outside the block (+3 more)
// sha256: 06186fffe5cfd3912699f93269f01ab5eab9d49bfe9379e2e50c913a7fa8c277
alignas(16) const unsigned char kBytes_11640[483] = {
    0x41, 0x54, 0x55, 0x57, 0x56, 0x53, 0x48, 0x83, 0xc4, 0x80, 0x48, 0x89,
    0xce, 0x48, 0x8d, 0x0d, 0x09, 0xbe, 0x99, 0x00, 0xe8, 0x47, 0x98, 0x63,
    0x00, 0xb9, 0x18, 0x00, 0x00, 0x00, 0xe8, 0x9d, 0x6e, 0x98, 0x00, 0x48,
    0x85, 0xf6, 0x48, 0x89, 0xc3, 0x48, 0xc7, 0x00, 0x00, 0x00, 0x00, 0x00,
    0x48, 0xc7, 0x40, 0x08, 0x00, 0x00, 0x00, 0x00, 0x48, 0xc7, 0x40, 0x10,
    0x00, 0x00, 0x00, 0x00, 0x74, 0x6e, 0x48, 0x8b, 0x86, 0xa0, 0x01, 0x00,
    0x00, 0x48, 0x89, 0x5c, 0x24, 0x60, 0x48, 0x3b, 0x86, 0xa8, 0x01, 0x00,
    0x00, 0x0f, 0x84, 0xf5, 0x00, 0x00, 0x00, 0x48, 0x85, 0xc0, 0x0f, 0x84,
    0xdd, 0x00, 0x00, 0x00, 0x48, 0xc7, 0x44, 0x24, 0x60, 0x00, 0x00, 0x00,
    0x00, 0x48, 0x89, 0x18, 0x48, 0x8b, 0x7c, 0x24, 0x60, 0x48, 0x83, 0xc0,
    0x08, 0x48, 0x89, 0x86, 0xa0, 0x01, 0x00, 0x00, 0x48, 0x85, 0xff, 0x74,
    0x15, 0x48, 0x8b, 0x0f, 0x48, 0x85, 0xc9, 0x74, 0x05, 0xe8, 0xde, 0x6d,
    0x98, 0x00, 0x48, 0x89, 0xf9, 0xe8, 0xd6, 0x6d, 0x98, 0x00, 0x48, 0x89,
    0xd8, 0x48, 0x83, 0xec, 0x80, 0x5b, 0x5e, 0x5f, 0x5d, 0x41, 0x5c, 0xc3,
    0x0f, 0x1f, 0x84, 0x00, 0x00, 0x00, 0x00, 0x00, 0x48, 0x8d, 0x7c, 0x24,
    0x60, 0x48, 0x8d, 0x15, 0x7b, 0xbd, 0x99, 0x00, 0x48, 0x89, 0xf9, 0xe8,
    0x4c, 0x95, 0xff, 0xff, 0x48, 0x8d, 0x6c, 0x24, 0x40, 0x48, 0x8d, 0x15,
    0xa0, 0xbe, 0x99, 0x00, 0x48, 0x89, 0xe9, 0xe8, 0x38, 0x95, 0xff, 0xff,
    0x4c, 0x8d, 0x64, 0x24, 0x20, 0x48, 0x8d, 0x15, 0x5b, 0xb3, 0x99, 0x00,
    0x4c, 0x89, 0xe1, 0xe8, 0x24, 0x95, 0xff, 0xff, 0x49, 0x89, 0xf9, 0x49,
    0x89, 0xe8, 0xba, 0xa3, 0x03, 0x00, 0x00, 0x4c, 0x89, 0xe1, 0xe8, 0xe1,
    0x8e, 0x5f, 0x00, 0x48, 0x8b, 0x4c, 0x24, 0x20, 0x49, 0x83, 0xc4, 0x10,
    0x4c, 0x39, 0xe1, 0x74, 0x05, 0xe8, 0x5e, 0x6d, 0x98, 0x00, 0x48, 0x8b,
    0x4c, 0x24, 0x40, 0x48, 0x83, 0xc5, 0x10, 0x48, 0x39, 0xe9, 0x74, 0x05,
    0xe8, 0x4b, 0x6d, 0x98, 0x00, 0x48, 0x8b, 0x4c, 0x24, 0x60, 0x48, 0x83,
    0xc7, 0x10, 0x48, 0x39, 0xf9, 0x0f, 0x84, 0x0b, 0xff, 0xff, 0xff, 0xe8,
    0x34, 0x6d, 0x98, 0x00, 0xe9, 0x01, 0xff, 0xff, 0xff, 0x48, 0x89, 0xdf,
    0xe9, 0x2c, 0xff, 0xff, 0xff, 0x0f, 0x1f, 0x80, 0x00, 0x00, 0x00, 0x00,
    0x48, 0x8d, 0x54, 0x24, 0x60, 0x48, 0x8d, 0x8e, 0x98, 0x01, 0x00, 0x00,
    0xe8, 0x1f, 0x86, 0x8e, 0x00, 0x48, 0x8b, 0x7c, 0x24, 0x60, 0xe9, 0x15,
    0xff, 0xff, 0xff, 0x48, 0x89, 0xc3, 0x48, 0x8b, 0x4c, 0x24, 0x60, 0x48,
    0x83, 0xc7, 0x10, 0x48, 0x39, 0xf9, 0x74, 0x05, 0xe8, 0xef, 0x6c, 0x98,
    0x00, 0x48, 0x89, 0xd9, 0xe8, 0xb7, 0xda, 0x61, 0x00, 0x48, 0x8b, 0x5c,
    0x24, 0x60, 0x48, 0x89, 0xc6, 0x48, 0x85, 0xdb, 0x74, 0x15, 0x48, 0x8b,
    0x0b, 0x48, 0x85, 0xc9, 0x74, 0x05, 0xe8, 0xcd, 0x6c, 0x98, 0x00, 0x48,
    0x89, 0xd9, 0xe8, 0xc5, 0x6c, 0x98, 0x00, 0x48, 0x89, 0xf1, 0xe8, 0x8d,
    0xda, 0x61, 0x00, 0x48, 0x8b, 0x4c, 0x24, 0x20, 0x49, 0x83, 0xc4, 0x10,
    0x48, 0x89, 0xc3, 0x4c, 0x39, 0xe1, 0x74, 0x05, 0xe8, 0xa7, 0x6c, 0x98,
    0x00, 0x48, 0x8b, 0x4c, 0x24, 0x40, 0x48, 0x83, 0xc5, 0x10, 0x48, 0x39,
    0xe9, 0x74, 0x97, 0xe8, 0x94, 0x6c, 0x98, 0x00, 0xeb, 0x90, 0x48, 0x89,
    0xc3, 0xeb, 0xe6,
};

// 0xf7c0  1072 bytes  export AddPartToSuggestedPartsGrouping (ordinals 220,221)
// status: comment_only  -- call to 0x1BF40 outside the block; call to 0x1C0C0 outside the block; call to 0x60A620 outside the block; call to 0x62F280 outside the block (+12 more)
// sha256: ca9d91539ee009a2285b38b1b7150fb8a008dde665eea5717dde46c9aa0ace8a
alignas(16) const unsigned char kBytes_f7c0[1072] = {
    0x41, 0x55, 0x41, 0x54, 0x55, 0x57, 0x56, 0x53, 0x48, 0x81, 0xec, 0xe8,
    0x00, 0x00, 0x00, 0x0f, 0x29, 0xb4, 0x24, 0xb0, 0x00, 0x00, 0x00, 0x0f,
    0x29, 0xbc, 0x24, 0xc0, 0x00, 0x00, 0x00, 0x44, 0x0f, 0x29, 0x84, 0x24,
    0xd0, 0x00, 0x00, 0x00, 0x8b, 0xac, 0x24, 0x40, 0x01, 0x00, 0x00, 0xf2,
    0x44, 0x0f, 0x10, 0x84, 0x24, 0x48, 0x01, 0x00, 0x00, 0x48, 0x89, 0xce,
    0x48, 0x89, 0xd7, 0x66, 0x0f, 0x28, 0xf2, 0x66, 0x0f, 0x28, 0xfb, 0xe8,
    0x14, 0xb3, 0xff, 0xff, 0xc6, 0x84, 0x24, 0x98, 0x00, 0x00, 0x00, 0x00,
    0x48, 0x85, 0xc0, 0x48, 0x89, 0x84, 0x24, 0x90, 0x00, 0x00, 0x00, 0x0f,
    0x84, 0x30, 0x03, 0x00, 0x00, 0x48, 0x89, 0xc1, 0xe8, 0x93, 0xfe, 0x62,
    0x00, 0x85, 0xc0, 0x0f, 0x85, 0x2a, 0x03, 0x00, 0x00, 0xc6, 0x84, 0x24,
    0x98, 0x00, 0x00, 0x00, 0x01, 0xe8, 0xfe, 0xc6, 0x00, 0x00, 0x48, 0x85,
    0xc0, 0x48, 0x89, 0xc3, 0x0f, 0x84, 0xec, 0x00, 0x00, 0x00, 0x41, 0xb8,
    0x03, 0x00, 0x00, 0x00, 0x48, 0x89, 0xc1, 0x48, 0x8d, 0x15, 0x30, 0xd0,
    0x99, 0x00, 0xe8, 0xad, 0x87, 0x96, 0x00, 0x41, 0xb8, 0x1f, 0x00, 0x00,
    0x00, 0x48, 0x89, 0xd9, 0x48, 0x8d, 0x15, 0xbd, 0xd8, 0x99, 0x00, 0xe8,
    0x98, 0x87, 0x96, 0x00, 0x48, 0x8d, 0x15, 0xff, 0xd2, 0x99, 0x00, 0x48,
    0x89, 0xd9, 0xe8, 0x39, 0x28, 0x98, 0x00, 0x48, 0x89, 0xf2, 0x48, 0x89,
    0xd9, 0xe8, 0xfe, 0x8b, 0x85, 0x00, 0x48, 0x8d, 0x15, 0xe5, 0xd2, 0x99,
    0x00, 0x48, 0x89, 0xd9, 0xe8, 0x1f, 0x28, 0x98, 0x00, 0x48, 0x89, 0xfa,
    0x48, 0x89, 0xd9, 0xe8, 0xe4, 0x8b, 0x85, 0x00, 0x48, 0x8d, 0x15, 0xcb,
    0xd2, 0x99, 0x00, 0x48, 0x89, 0xd9, 0xf2, 0x0f, 0x11, 0x74, 0x24, 0x20,
    0xe8, 0xff, 0x27, 0x98, 0x00, 0x48, 0x8d, 0x54, 0x24, 0x20, 0x48, 0x89,
    0xd9, 0xe8, 0xf2, 0xc7, 0x00, 0x00, 0x48, 0x8d, 0x15, 0xa9, 0xd2, 0x99,
    0x00, 0x48, 0x89, 0xd9, 0xf2, 0x0f, 0x11, 0x7c, 0x24, 0x30, 0xe8, 0xdd,
    0x27, 0x98, 0x00, 0x48, 0x8d, 0x54, 0x24, 0x30, 0x48, 0x89, 0xd9, 0xe8,
    0xd0, 0xc7, 0x00, 0x00, 0x48, 0x8d, 0x15, 0x87, 0xd2, 0x99, 0x00, 0x48,
    0x89, 0xd9, 0xe8, 0xc1, 0x27, 0x98, 0x00, 0x89, 0xea, 0x48, 0x89, 0xd9,
    0xe8, 0xf7, 0xa3, 0x85, 0x00, 0x41, 0xb8, 0x01, 0x00, 0x00, 0x00, 0x48,
    0x89, 0xd9, 0xf2, 0x44, 0x0f, 0x11, 0x44, 0x24, 0x40, 0x48, 0x8d, 0x15,
    0x5e, 0xd2, 0x99, 0x00, 0xe8, 0xeb, 0x86, 0x96, 0x00, 0x48, 0x8d, 0x54,
    0x24, 0x40, 0x48, 0x89, 0xd9, 0xe8, 0x8e, 0xc7, 0x00, 0x00, 0x48, 0x89,
    0xd9, 0xe8, 0x86, 0x7f, 0x97, 0x00, 0x80, 0xbc, 0x24, 0x98, 0x00, 0x00,
    0x00, 0x00, 0x74, 0x0d, 0x48, 0x8d, 0x8c, 0x24, 0x90, 0x00, 0x00, 0x00,
    0xe8, 0x5f, 0x68, 0x86, 0x00, 0x48, 0x85, 0xf6, 0x74, 0x5a, 0x48, 0x8b,
    0x56, 0x08, 0x48, 0x3b, 0x56, 0x10, 0x0f, 0x84, 0xec, 0x00, 0x00, 0x00,
    0x48, 0x85, 0xd2, 0x74, 0x16, 0x48, 0x89, 0x3a, 0xf2, 0x0f, 0x11, 0x72,
    0x08, 0xf2, 0x0f, 0x11, 0x7a, 0x10, 0x89, 0x6a, 0x18, 0xf2, 0x44, 0x0f,
    0x11, 0x42, 0x20, 0x48, 0x83, 0xc2, 0x28, 0x48, 0x89, 0x56, 0x08, 0x0f,
    0x28, 0xb4, 0x24, 0xb0, 0x00, 0x00, 0x00, 0x0f, 0x28, 0xbc, 0x24, 0xc0,
    0x00, 0x00, 0x00, 0x44, 0x0f, 0x28, 0x84, 0x24, 0xd0, 0x00, 0x00, 0x00,
    0x48, 0x81, 0xc4, 0xe8, 0x00, 0x00, 0x00, 0x5b, 0x5e, 0x5f, 0x5d, 0x41,
    0x5c, 0x41, 0x5d, 0xc3, 0x48, 0x8d, 0x9c, 0x24, 0x90, 0x00, 0x00, 0x00,
    0x48, 0x8d, 0x15, 0x91, 0xd7, 0x99, 0x00, 0x48, 0x89, 0xd9, 0xe8, 0x89,
    0xb2, 0xff, 0xff, 0x4c, 0x8d, 0x64, 0x24, 0x70, 0x48, 0x8d, 0x15, 0xad,
    0xdb, 0x99, 0x00, 0x4c, 0x89, 0xe1, 0xe8, 0x75, 0xb2, 0xff, 0xff, 0x4c,
    0x8d, 0x6c, 0x24, 0x50, 0x48, 0x8d, 0x15, 0x98, 0xd0, 0x99, 0x00, 0x4c,
    0x89, 0xe9, 0xe8, 0x61, 0xb2, 0xff, 0xff, 0x49, 0x89, 0xd9, 0x4d, 0x89,
    0xe0, 0xba, 0xb3, 0x03, 0x00, 0x00, 0x4c, 0x89, 0xe9, 0xe8, 0x1e, 0xac,
    0x5f, 0x00, 0x48, 0x8b, 0x4c, 0x24, 0x50, 0x49, 0x83, 0xc5, 0x10, 0x4c,
    0x39, 0xe9, 0x74, 0x05, 0xe8, 0x9b, 0x8a, 0x98, 0x00, 0x48, 0x8b, 0x4c,
    0x24, 0x70, 0x49, 0x83, 0xc4, 0x10, 0x4c, 0x39, 0xe1, 0x74, 0x05, 0xe8,
    0x88, 0x8a, 0x98, 0x00, 0x48, 0x8b, 0x8c, 0x24, 0x90, 0x00, 0x00, 0x00,
    0x48, 0x83, 0xc3, 0x10, 0x48, 0x39, 0xd9, 0x0f, 0x84, 0x19, 0xff, 0xff,
    0xff, 0xe8, 0x6e, 0x8a, 0x98, 0x00, 0xe9, 0x0f, 0xff, 0xff, 0xff, 0x66,
    0x0f, 0x1f, 0x84, 0x00, 0x00, 0x00, 0x00, 0x00, 0x48, 0xb9, 0xcd, 0xcc,
    0xcc, 0xcc, 0xcc, 0xcc, 0xcc, 0xcc, 0x48, 0x89, 0xd0, 0x48, 0x2b, 0x06,
    0x48, 0xc1, 0xf8, 0x03, 0x48, 0x0f, 0xaf, 0xc1, 0x48, 0x85, 0xc0, 0x0f,
    0x85, 0xbf, 0x00, 0x00, 0x00, 0xbb, 0x28, 0x00, 0x00, 0x00, 0x48, 0x89,
    0xd9, 0xe8, 0x82, 0x8a, 0x98, 0x00, 0x48, 0x8b, 0x56, 0x08, 0x49, 0x89,
    0xc4, 0x48, 0x8b, 0x0e, 0x48, 0x89, 0xd0, 0x48, 0x29, 0xc8, 0x4c, 0x01,
    0xe0, 0x74, 0x16, 0x48, 0x89, 0x38, 0xf2, 0x0f, 0x11, 0x70, 0x08, 0xf2,
    0x0f, 0x11, 0x78, 0x10, 0x89, 0x68, 0x18, 0xf2, 0x44, 0x0f, 0x11, 0x40,
    0x20, 0x48, 0x39, 0xca, 0x0f, 0x84, 0x9e, 0x00, 0x00, 0x00, 0x4d, 0x89,
    0xe1, 0x49, 0x89, 0xc8, 0x0f, 0x1f, 0x84, 0x00, 0x00, 0x00, 0x00, 0x00,
    0x4d, 0x85, 0xc9, 0x74, 0x26, 0x49, 0x8b, 0x00, 0x49, 0x89, 0x01, 0x4d,
    0x8b, 0x50, 0x08, 0x4d, 0x89, 0x51, 0x08, 0x4d, 0x8b, 0x50, 0x10, 0x4d,
    0x89, 0x51, 0x10, 0x4d, 0x8b, 0x50, 0x18, 0x4d, 0x89, 0x51, 0x18, 0x4d,
    0x8b, 0x50, 0x20, 0x4d, 0x89, 0x51, 0x20, 0x49, 0x83, 0xc0, 0x28, 0x49,
    0x83, 0xc1, 0x28, 0x4c, 0x39, 0xc2, 0x75, 0xc8, 0x48, 0x8d, 0x41, 0x28,
    0x48, 0x29, 0xc2, 0x48, 0xc1, 0xea, 0x03, 0x49, 0x8d, 0x7c, 0xd4, 0x28,
    0x48, 0x83, 0xc7, 0x28, 0x48, 0x85, 0xc9, 0x74, 0x05, 0xe8, 0x9a, 0x89,
    0x98, 0x00, 0x4c, 0x01, 0xe3, 0x4c, 0x89, 0x26, 0x48, 0x89, 0x7e, 0x08,
    0x48, 0x89, 0x5e, 0x10, 0xe9, 0x5e, 0xfe, 0xff, 0xff, 0x0f, 0x1f, 0x80,
    0x00, 0x00, 0x00, 0x00, 0x48, 0x01, 0xc0, 0x72, 0x0f, 0x48, 0xb9, 0x66,
    0x66, 0x66, 0x66, 0x66, 0x66, 0x66, 0x06, 0x48, 0x39, 0xc8, 0x76, 0x22,
    0x48, 0xc7, 0xc3, 0xf0, 0xff, 0xff, 0xff, 0xe9, 0x26, 0xff, 0xff, 0xff,
    0x4c, 0x89, 0xe7, 0xeb, 0xb3, 0xb9, 0x01, 0x00, 0x00, 0x00, 0xe8, 0x91,
    0xb0, 0x96, 0x00, 0x89, 0xc1, 0xe8, 0x8a, 0xb0, 0x96, 0x00, 0x31, 0xdb,
    0x45, 0x31, 0xe4, 0x48, 0x85, 0xc0, 0x0f, 0x84, 0x11, 0xff, 0xff, 0xff,
    0x48, 0x6b, 0xd8, 0x28, 0xe9, 0xf9, 0xfe, 0xff, 0xff, 0x48, 0x89, 0xc6,
    0x48, 0x8b, 0x4c, 0x24, 0x70, 0x49, 0x83, 0xc4, 0x10, 0x4c, 0x39, 0xe1,
    0x74, 0x05, 0xe8, 0x1d, 0x89, 0x98, 0x00, 0x48, 0x8b, 0x8c, 0x24, 0x90,
    0x00, 0x00, 0x00, 0x48, 0x83, 0xc3, 0x10, 0x48, 0x39, 0xd9, 0x74, 0x05,
    0xe8, 0x07, 0x89, 0x98, 0x00, 0x48, 0x89, 0xf1, 0xe8, 0xcf, 0xf6, 0x61,
    0x00, 0x80, 0xbc, 0x24, 0x98, 0x00, 0x00, 0x00, 0x00, 0x48, 0x89, 0xc3,
    0x74, 0x0d, 0x48, 0x8d, 0x8c, 0x24, 0x90, 0x00, 0x00, 0x00, 0xe8, 0xe5,
    0x65, 0x86, 0x00, 0x48, 0x89, 0xd9, 0xe8, 0xad, 0xf6, 0x61, 0x00, 0x48,
    0x89, 0xc6, 0xeb, 0xbb, 0x48, 0x8b, 0x4c, 0x24, 0x50, 0x49, 0x83, 0xc5,
    0x10, 0x48, 0x89, 0xc6, 0x4c, 0x39, 0xe9, 0x74, 0x97, 0xe8, 0xc2, 0x88,
    0x98, 0x00, 0xeb, 0x90,
};

// 0xd340  33 bytes  export CNS_SetNoSheetMixPreference (ordinals 222,223)
// status: comment_only  -- call to 0x64E630 outside the block
// sha256: 55ffbfc88b3a8e426d9e729415fd54d972ce618b0683795f165b5d4be8218890
alignas(16) const unsigned char kBytes_d340[33] = {
    0x56, 0x53, 0x48, 0x83, 0xec, 0x28, 0x48, 0x89, 0xce, 0x89, 0xd3, 0x48,
    0x8d, 0x0d, 0x95, 0xf9, 0x99, 0x00, 0xe8, 0xd9, 0x12, 0x64, 0x00, 0x89,
    0x5e, 0x1c, 0x48, 0x83, 0xc4, 0x28, 0x5b, 0x5e, 0xc3,
};

// 0xbf70  148 bytes  export GenerateDxfNesting (ordinals 224,225)
// status: comment_only  -- call to 0x510A40 outside the block; call to 0x62F280 outside the block; call to 0x63F238 outside the block; call to 0x64AEA0 outside the block (+2 more)
// sha256: fec4d21287f91ad80016f7b811574f9f49dc70e66fb7b9c2130c82c20ee1f43a
alignas(16) const unsigned char kBytes_bf70[148] = {
    0x57, 0x56, 0x53, 0x48, 0x83, 0xec, 0x40, 0x48, 0x89, 0xcb, 0x48, 0x89,
    0xd6, 0x48, 0x8d, 0x0d, 0xdf, 0x0b, 0x9a, 0x00, 0xe8, 0x17, 0xef, 0x63,
    0x00, 0x48, 0x8b, 0x7b, 0x08, 0x48, 0x85, 0xf6, 0x49, 0xc7, 0xc0, 0xff,
    0xff, 0xff, 0xff, 0x48, 0x8d, 0x5c, 0x24, 0x20, 0x48, 0x8d, 0x43, 0x10,
    0x48, 0x89, 0x44, 0x24, 0x20, 0x74, 0x0c, 0x48, 0x89, 0xf1, 0xe8, 0x89,
    0x32, 0x63, 0x00, 0x4c, 0x8d, 0x04, 0x06, 0x48, 0x89, 0xf2, 0x48, 0x89,
    0xd9, 0xe8, 0xd2, 0xeb, 0xff, 0xff, 0x48, 0x89, 0xfa, 0x48, 0x89, 0xd9,
    0xe8, 0x77, 0x4a, 0x50, 0x00, 0x48, 0x8b, 0x4c, 0x24, 0x20, 0x48, 0x83,
    0xc3, 0x10, 0x48, 0x39, 0xd9, 0x74, 0x06, 0xe8, 0xd4, 0xc4, 0x98, 0x00,
    0x90, 0x48, 0x83, 0xc4, 0x40, 0x5b, 0x5e, 0x5f, 0xc3, 0x48, 0x8b, 0x4c,
    0x24, 0x20, 0x48, 0x83, 0xc3, 0x10, 0x48, 0x89, 0xc6, 0x48, 0x39, 0xd9,
    0x74, 0x05, 0xe8, 0xb5, 0xc4, 0x98, 0x00, 0x48, 0x89, 0xf1, 0xe8, 0x7d,
    0x32, 0x62, 0x00, 0x90,
};

// 0xc010  386 bytes  export GetPCId (ordinals 226,227)
// status: comment_only  -- call to 0x24290 outside the block; call to 0x62D860 outside the block; call to 0x62F280 outside the block; call to 0x64AEA0 outside the block (+6 more)
// sha256: c984e9ded2cef7dcdfddc1f523010ec73a9e375d6102e8408abdd682dbc149a7
alignas(16) const unsigned char kBytes_c010[386] = {
    0x56, 0x53, 0x48, 0x83, 0xec, 0x58, 0x48, 0x8d, 0x0d, 0x59, 0x0b, 0x9a,
    0x00, 0xe8, 0x7e, 0xee, 0x63, 0x00, 0x0f, 0xb6, 0x05, 0x57, 0x30, 0xb1,
    0x00, 0x84, 0xc0, 0x74, 0x13, 0x48, 0x8b, 0x05, 0x6c, 0x30, 0xb1, 0x00,
    0x48, 0x83, 0xc4, 0x58, 0x5b, 0x5e, 0xc3, 0x0f, 0x1f, 0x44, 0x00, 0x00,
    0x48, 0x8d, 0x0d, 0x39, 0x30, 0xb1, 0x00, 0xe8, 0x54, 0xcd, 0x98, 0x00,
    0x85, 0xc0, 0x74, 0xdd, 0x48, 0x8d, 0x35, 0x59, 0x30, 0xb1, 0x00, 0xc6,
    0x05, 0x52, 0x30, 0xb1, 0x00, 0x00, 0x48, 0x89, 0x35, 0x3b, 0x30, 0xb1,
    0x00, 0x48, 0xc7, 0x05, 0x38, 0x30, 0xb1, 0x00, 0x00, 0x00, 0x00, 0x00,
    0xe8, 0x1b, 0x82, 0x01, 0x00, 0x48, 0x8d, 0x5c, 0x24, 0x30, 0x89, 0x44,
    0x24, 0x20, 0x41, 0xb8, 0x10, 0x00, 0x00, 0x00, 0x4c, 0x8d, 0x0d, 0xff,
    0x07, 0x9a, 0x00, 0x48, 0x89, 0xd9, 0x48, 0x8d, 0x15, 0x6b, 0xea, 0xff,
    0xff, 0xe8, 0xf6, 0xeb, 0xff, 0xff, 0x48, 0x8b, 0x54, 0x24, 0x30, 0x48,
    0x8d, 0x4b, 0x10, 0x48, 0x8b, 0x05, 0xf6, 0x2f, 0xb1, 0x00, 0x48, 0x39,
    0xca, 0x0f, 0x84, 0x9d, 0x00, 0x00, 0x00, 0x48, 0x39, 0xf0, 0x74, 0x78,
    0xf3, 0x0f, 0x6f, 0x44, 0x24, 0x38, 0x48, 0x85, 0xc0, 0x48, 0x89, 0x15,
    0xd8, 0x2f, 0xb1, 0x00, 0x48, 0x8b, 0x0d, 0xe1, 0x2f, 0xb1, 0x00, 0x0f,
    0x11, 0x05, 0xd2, 0x2f, 0xb1, 0x00, 0x74, 0x6c, 0x48, 0x89, 0x44, 0x24,
    0x30, 0x48, 0x89, 0x4c, 0x24, 0x40, 0x48, 0xc7, 0x44, 0x24, 0x38, 0x00,
    0x00, 0x00, 0x00, 0x48, 0x83, 0xc3, 0x10, 0xc6, 0x00, 0x00, 0x48, 0x8b,
    0x4c, 0x24, 0x30, 0x48, 0x39, 0xd9, 0x74, 0x05, 0xe8, 0xaf, 0xc3, 0x98,
    0x00, 0x48, 0x8d, 0x0d, 0x78, 0x2f, 0xb1, 0x00, 0xe8, 0xd3, 0xcd, 0x98,
    0x00, 0x48, 0x8d, 0x0d, 0xac, 0xe9, 0xff, 0xff, 0xe8, 0x47, 0x17, 0x62,
    0x00, 0x48, 0x8b, 0x05, 0x80, 0x2f, 0xb1, 0x00, 0x48, 0x83, 0xc4, 0x58,
    0x5b, 0x5e, 0xc3, 0x66, 0x0f, 0x1f, 0x84, 0x00, 0x00, 0x00, 0x00, 0x00,
    0xf3, 0x0f, 0x6f, 0x44, 0x24, 0x38, 0x48, 0x89, 0x15, 0x63, 0x2f, 0xb1,
    0x00, 0x0f, 0x11, 0x05, 0x64, 0x2f, 0xb1, 0x00, 0x48, 0x8d, 0x43, 0x10,
    0x48, 0x89, 0x44, 0x24, 0x30, 0xeb, 0x93, 0x90, 0x48, 0x8d, 0x0d, 0x49,
    0x2f, 0xb1, 0x00, 0x48, 0x89, 0xda, 0xe8, 0x91, 0x49, 0x90, 0x00, 0x48,
    0x8b, 0x44, 0x24, 0x30, 0xe9, 0x79, 0xff, 0xff, 0xff, 0x48, 0x8b, 0x0d,
    0x30, 0x2f, 0xb1, 0x00, 0x48, 0x89, 0xc3, 0x48, 0x39, 0xf1, 0x74, 0x05,
    0xe8, 0x33, 0xc3, 0x98, 0x00, 0x48, 0x8d, 0x0d, 0xfc, 0x2e, 0xb1, 0x00,
    0xe8, 0x47, 0xcb, 0x98, 0x00, 0x48, 0x89, 0xd9, 0xe8, 0xef, 0x30, 0x62,
    0x00, 0x90,
};

// 0xe260  111 bytes  export UnLockLaunchingOrderPCId (ordinals 228,229)
// status: comment_only  -- call to 0x63F238 outside the block; call to 0x64D9C0 outside the block; call to 0x90ECB0 outside the block
// sha256: 018c95d826e9a2db6c1168b98de1b87abb91e2552d8596b8e4de59c712f63921
alignas(16) const unsigned char kBytes_e260[111] = {
    0x57, 0x56, 0x53, 0x48, 0x83, 0xec, 0x30, 0x48, 0x89, 0xcb, 0x48, 0x89,
    0xd7, 0x4c, 0x89, 0xc6, 0x48, 0x8d, 0x0d, 0x7a, 0xed, 0x99, 0x00, 0xe8,
    0x44, 0xf7, 0x63, 0x00, 0x48, 0x89, 0xf9, 0xe8, 0xb4, 0x0f, 0x63, 0x00,
    0x4c, 0x8b, 0x83, 0x50, 0x02, 0x00, 0x00, 0x49, 0x89, 0xf9, 0x31, 0xd2,
    0x48, 0x8d, 0x8b, 0x48, 0x02, 0x00, 0x00, 0x48, 0x89, 0x44, 0x24, 0x20,
    0xe8, 0x0f, 0x0a, 0x90, 0x00, 0x48, 0x89, 0xf1, 0xe8, 0x8f, 0x0f, 0x63,
    0x00, 0x4c, 0x8b, 0x83, 0x70, 0x02, 0x00, 0x00, 0x48, 0x8d, 0x8b, 0x68,
    0x02, 0x00, 0x00, 0x31, 0xd2, 0x48, 0x89, 0x44, 0x24, 0x20, 0x49, 0x89,
    0xf1, 0xe8, 0xea, 0x09, 0x90, 0x00, 0x90, 0x48, 0x83, 0xc4, 0x30, 0x5b,
    0x5e, 0x5f, 0xc3,
};

// 0x9af0  452 bytes  export NewNoFitContext (ordinals 230,231)
// status: comment_only  -- call to 0x1BF40 outside the block; call to 0x62D860 outside the block; call to 0x62F280 outside the block; call to 0x63F6B8 outside the block (+16 more)
// sha256: 5ca84097eae7149bf3ec8410839d2bc3f82550c145a50d713c2d78b4624a3bb4
alignas(16) const unsigned char kBytes_9af0[452] = {
    0x57, 0x56, 0x53, 0x48, 0x83, 0xec, 0x30, 0x0f, 0xb6, 0x05, 0x52, 0x55,
    0xb1, 0x00, 0x84, 0xc0, 0x48, 0x89, 0xcf, 0x0f, 0x84, 0x17, 0x01, 0x00,
    0x00, 0x48, 0x8d, 0x0d, 0x48, 0x55, 0xb1, 0x00, 0xc6, 0x44, 0x24, 0x28,
    0x00, 0x48, 0x89, 0x4c, 0x24, 0x20, 0xe8, 0xa1, 0x5b, 0x63, 0x00, 0x85,
    0xc0, 0x0f, 0x85, 0x51, 0x01, 0x00, 0x00, 0xc6, 0x44, 0x24, 0x28, 0x01,
    0xe8, 0x0f, 0x24, 0x01, 0x00, 0x48, 0x85, 0xc0, 0x48, 0x89, 0xc3, 0x74,
    0x7c, 0x41, 0xb8, 0x03, 0x00, 0x00, 0x00, 0x48, 0x89, 0xc1, 0x48, 0x8d,
    0x15, 0xfb, 0x29, 0x9a, 0x00, 0xe8, 0xc2, 0xe4, 0x96, 0x00, 0x41, 0xb8,
    0x0f, 0x00, 0x00, 0x00, 0x48, 0x89, 0xd9, 0x48, 0x8d, 0x15, 0xbc, 0x2b,
    0x9a, 0x00, 0xe8, 0xad, 0xe4, 0x96, 0x00, 0x41, 0xb8, 0x01, 0x00, 0x00,
    0x00, 0x48, 0x89, 0xd9, 0x48, 0x8d, 0x15, 0xd5, 0x29, 0x9a, 0x00, 0xe8,
    0x98, 0xe4, 0x96, 0x00, 0x48, 0x89, 0xfa, 0x48, 0x89, 0xd9, 0xe8, 0x0d,
    0xe9, 0x85, 0x00, 0x48, 0x8b, 0x03, 0x48, 0x8b, 0x40, 0xe8, 0x48, 0x8b,
    0xb4, 0x03, 0xf0, 0x00, 0x00, 0x00, 0x48, 0x85, 0xf6, 0x0f, 0x84, 0xe4,
    0x00, 0x00, 0x00, 0x80, 0x7e, 0x38, 0x00, 0x74, 0x51, 0x0f, 0xbe, 0x56,
    0x43, 0x48, 0x89, 0xd9, 0xe8, 0x43, 0xe0, 0x85, 0x00, 0x48, 0x89, 0xc1,
    0xe8, 0x3b, 0xe2, 0x85, 0x00, 0x80, 0x7c, 0x24, 0x28, 0x00, 0x0f, 0x85,
    0xa0, 0x00, 0x00, 0x00, 0xb9, 0xf0, 0x00, 0x00, 0x00, 0xe8, 0x36, 0xe9,
    0x98, 0x00, 0x48, 0x89, 0xfa, 0x48, 0x89, 0xc1, 0x48, 0x89, 0xc3, 0xe8,
    0x48, 0xf3, 0x65, 0x00, 0x48, 0x8d, 0x0d, 0x4b, 0x2b, 0x9a, 0x00, 0x48,
    0x89, 0xda, 0xe8, 0xd9, 0x16, 0x64, 0x00, 0x48, 0x89, 0xd8, 0x48, 0x83,
    0xc4, 0x30, 0x5b, 0x5e, 0x5f, 0xc3, 0x48, 0x89, 0xf1, 0xe8, 0xe6, 0xc8,
    0x81, 0x00, 0x48, 0x8b, 0x06, 0x48, 0x8d, 0x0d, 0x1c, 0xcb, 0x81, 0x00,
    0xba, 0x0a, 0x00, 0x00, 0x00, 0x48, 0x8b, 0x40, 0x30, 0x48, 0x39, 0xc8,
    0x74, 0x93, 0x48, 0x89, 0xf1, 0xff, 0xd0, 0x0f, 0xbe, 0xd0, 0xeb, 0x89,
    0x0f, 0x1f, 0x40, 0x00, 0x48, 0x8d, 0x0d, 0x29, 0x54, 0xb1, 0x00, 0xe8,
    0x74, 0xf1, 0x98, 0x00, 0x85, 0xc0, 0x0f, 0x84, 0xd5, 0xfe, 0xff, 0xff,
    0x48, 0x8d, 0x0d, 0x1d, 0x54, 0xb1, 0x00, 0x31, 0xd2, 0xe8, 0x86, 0x5a,
    0x63, 0x00, 0x48, 0x8d, 0x0d, 0x07, 0x54, 0xb1, 0x00, 0xe8, 0x92, 0xf2,
    0x98, 0x00, 0x48, 0x8d, 0x0d, 0xeb, 0xd3, 0xff, 0xff, 0xe8, 0x06, 0x3c,
    0x62, 0x00, 0xe9, 0xaa, 0xfe, 0xff, 0xff, 0x90, 0x48, 0x8b, 0x4c, 0x24,
    0x20, 0x48, 0x85, 0xc9, 0x0f, 0x84, 0x52, 0xff, 0xff, 0xff, 0xe8, 0x45,
    0x5a, 0x63, 0x00, 0xe9, 0x48, 0xff, 0xff, 0xff, 0x89, 0xc1, 0xe8, 0x71,
    0x0f, 0x97, 0x00, 0xe8, 0xcc, 0xea, 0x96, 0x00, 0x80, 0x7c, 0x24, 0x28,
    0x00, 0x48, 0x89, 0xc3, 0x74, 0x0a, 0x48, 0x8d, 0x4c, 0x24, 0x20, 0xe8,
    0x18, 0xc5, 0x86, 0x00, 0x48, 0x89, 0xd9, 0xe8, 0xe0, 0x55, 0x62, 0x00,
    0x48, 0x89, 0xc6, 0x48, 0x89, 0xd9, 0xe8, 0x05, 0xe8, 0x98, 0x00, 0x48,
    0x89, 0xf1, 0xe8, 0xcd, 0x55, 0x62, 0x00, 0x90,
};

// 0x9cc0  568 bytes  export DeleteNoFitContext (ordinals 232,233)
// status: comment_only  -- call to 0x5007C0 outside the block; call to 0x64B2C0 outside the block; call to 0x76D0 outside the block; call to 0x7CB0 outside the block (+4 more)
// sha256: c446b84a9e8735466d72d49d28931a8d63c78db2783bdbaa6359518b763289b8
alignas(16) const unsigned char kBytes_9cc0[568] = {
    0x41, 0x57, 0x41, 0x56, 0x41, 0x55, 0x41, 0x54, 0x55, 0x57, 0x56, 0x53,
    0x48, 0x83, 0xec, 0x28, 0x49, 0x89, 0xce, 0x48, 0x89, 0xca, 0x48, 0x8d,
    0x0d, 0x60, 0x2a, 0x9a, 0x00, 0xe8, 0xde, 0x15, 0x64, 0x00, 0x4d, 0x85,
    0xf6, 0x0f, 0x84, 0xfc, 0x01, 0x00, 0x00, 0x4d, 0x8b, 0xa6, 0xb8, 0x00,
    0x00, 0x00, 0x4d, 0x8d, 0xbe, 0xa8, 0x00, 0x00, 0x00, 0x4d, 0x85, 0xe4,
    0x0f, 0x84, 0x91, 0x00, 0x00, 0x00, 0x49, 0x8b, 0x54, 0x24, 0x18, 0x4c,
    0x89, 0xf9, 0xe8, 0xc1, 0xd9, 0xff, 0xff, 0x49, 0x8b, 0x6c, 0x24, 0x48,
    0x49, 0x8b, 0x7c, 0x24, 0x40, 0x4d, 0x8b, 0x6c, 0x24, 0x10, 0x48, 0x39,
    0xfd, 0x74, 0x4f, 0x48, 0x8b, 0x77, 0x20, 0x48, 0x8b, 0x5f, 0x18, 0x48,
    0x39, 0xde, 0x74, 0x1a, 0x48, 0x8b, 0x0b, 0x48, 0x85, 0xc9, 0x74, 0x05,
    0xe8, 0x73, 0xe7, 0x98, 0x00, 0x48, 0x83, 0xc3, 0x18, 0x48, 0x39, 0xde,
    0x75, 0xea, 0x48, 0x8b, 0x5f, 0x18, 0x48, 0x85, 0xdb, 0x74, 0x08, 0x48,
    0x89, 0xd9, 0xe8, 0x59, 0xe7, 0x98, 0x00, 0x48, 0x8b, 0x0f, 0x48, 0x85,
    0xc9, 0x74, 0x05, 0xe8, 0x4c, 0xe7, 0x98, 0x00, 0x48, 0x83, 0xc7, 0x30,
    0x48, 0x39, 0xfd, 0x75, 0xb6, 0x49, 0x8b, 0x7c, 0x24, 0x40, 0x48, 0x85,
    0xff, 0x74, 0x08, 0x48, 0x89, 0xf9, 0xe8, 0x31, 0xe7, 0x98, 0x00, 0x4c,
    0x89, 0xe1, 0x4d, 0x89, 0xec, 0xe8, 0x26, 0xe7, 0x98, 0x00, 0x4d, 0x85,
    0xed, 0x0f, 0x85, 0x6f, 0xff, 0xff, 0xff, 0x4d, 0x8b, 0xa6, 0x88, 0x00,
    0x00, 0x00, 0x4d, 0x8d, 0x7e, 0x78, 0x4d, 0x85, 0xe4, 0x0f, 0x84, 0x9c,
    0x00, 0x00, 0x00, 0x49, 0x8b, 0x54, 0x24, 0x18, 0x4c, 0x89, 0xf9, 0xe8,
    0xfc, 0xde, 0xff, 0xff, 0x49, 0x8b, 0x6c, 0x24, 0x48, 0x49, 0x8b, 0x7c,
    0x24, 0x40, 0x4d, 0x8b, 0x6c, 0x24, 0x10, 0x48, 0x39, 0xfd, 0x74, 0x5a,
    0x0f, 0x1f, 0x84, 0x00, 0x00, 0x00, 0x00, 0x00, 0x48, 0x8b, 0x77, 0x20,
    0x48, 0x8b, 0x5f, 0x18, 0x48, 0x39, 0xde, 0x74, 0x1d, 0x0f, 0x1f, 0x00,
    0x48, 0x8b, 0x0b, 0x48, 0x85, 0xc9, 0x74, 0x05, 0xe8, 0xc3, 0xe6, 0x98,
    0x00, 0x48, 0x83, 0xc3, 0x18, 0x48, 0x39, 0xde, 0x75, 0xea, 0x48, 0x8b,
    0x5f, 0x18, 0x48, 0x85, 0xdb, 0x74, 0x08, 0x48, 0x89, 0xd9, 0xe8, 0xa9,
    0xe6, 0x98, 0x00, 0x48, 0x8b, 0x0f, 0x48, 0x85, 0xc9, 0x74, 0x05, 0xe8,
    0x9c, 0xe6, 0x98, 0x00, 0x48, 0x83, 0xc7, 0x30, 0x48, 0x39, 0xfd, 0x75,
    0xb3, 0x49, 0x8b, 0x7c, 0x24, 0x40, 0x48, 0x85, 0xff, 0x74, 0x08, 0x48,
    0x89, 0xf9, 0xe8, 0x81, 0xe6, 0x98, 0x00, 0x4c, 0x89, 0xe1, 0x4d, 0x89,
    0xec, 0xe8, 0x76, 0xe6, 0x98, 0x00, 0x4d, 0x85, 0xed, 0x0f, 0x85, 0x64,
    0xff, 0xff, 0xff, 0x49, 0x8b, 0x5e, 0x58, 0x49, 0x8d, 0x7e, 0x48, 0x48,
    0x85, 0xdb, 0x74, 0x20, 0x48, 0x8b, 0x53, 0x18, 0x48, 0x89, 0xf9, 0xe8,
    0xa4, 0x7d, 0x92, 0x00, 0x48, 0x8b, 0x73, 0x10, 0x48, 0x89, 0xd9, 0xe8,
    0x48, 0xe6, 0x98, 0x00, 0x48, 0x85, 0xf6, 0x48, 0x89, 0xf3, 0x75, 0xe0,
    0x49, 0x8b, 0x5e, 0x28, 0x49, 0x8d, 0x7e, 0x18, 0x48, 0x85, 0xdb, 0x74,
    0x20, 0x48, 0x8b, 0x53, 0x18, 0x48, 0x89, 0xf9, 0xe8, 0x07, 0x78, 0x92,
    0x00, 0x48, 0x8b, 0x73, 0x10, 0x48, 0x89, 0xd9, 0xe8, 0x1b, 0xe6, 0x98,
    0x00, 0x48, 0x85, 0xf6, 0x48, 0x89, 0xf3, 0x75, 0xe0, 0x49, 0x8b, 0x5e,
    0x10, 0x48, 0x85, 0xdb, 0x74, 0x10, 0x48, 0x89, 0xd9, 0xe8, 0x12, 0x69,
    0x4f, 0x00, 0x48, 0x89, 0xd9, 0xe8, 0xfa, 0xe5, 0x98, 0x00, 0x49, 0x8b,
    0x5e, 0x08, 0x48, 0x85, 0xdb, 0x74, 0x10, 0x48, 0x89, 0xd9, 0xe8, 0xf9,
    0x68, 0x4f, 0x00, 0x48, 0x89, 0xd9, 0xe8, 0xe1, 0xe5, 0x98, 0x00, 0x4c,
    0x89, 0xf1, 0x48, 0x83, 0xc4, 0x28, 0x5b, 0x5e, 0x5f, 0x5d, 0x41, 0x5c,
    0x41, 0x5d, 0x41, 0x5e, 0x41, 0x5f, 0xe9, 0xc9, 0xe5, 0x98, 0x00, 0x48,
    0x83, 0xc4, 0x28, 0x5b, 0x5e, 0x5f, 0x5d, 0x41, 0x5c, 0x41, 0x5d, 0x41,
    0x5e, 0x41, 0x5f, 0xc3,
};

// 0x8ac0  939 bytes  export GetNoFitMap (ordinals 234,235)
// status: comment_only  -- call to 0x5C4C50 outside the block; call to 0x5CEE50 outside the block; call to 0x5D2900 outside the block; call to 0x5D38C0 outside the block (+9 more)
// sha256: be0bbd154e2803f4f215511e84e99792e294e945f678deeea7d5c665285befbf
alignas(16) const unsigned char kBytes_8ac0[939] = {
    0x41, 0x55, 0x41, 0x54, 0x55, 0x57, 0x56, 0x53, 0x48, 0x81, 0xec, 0x88,
    0x01, 0x00, 0x00, 0x0f, 0x29, 0xb4, 0x24, 0x40, 0x01, 0x00, 0x00, 0x0f,
    0x29, 0xbc, 0x24, 0x50, 0x01, 0x00, 0x00, 0x44, 0x0f, 0x29, 0x84, 0x24,
    0x60, 0x01, 0x00, 0x00, 0x44, 0x0f, 0x29, 0x8c, 0x24, 0x70, 0x01, 0x00,
    0x00, 0x8b, 0xac, 0x24, 0xe8, 0x01, 0x00, 0x00, 0xf2, 0x0f, 0x10, 0xb4,
    0x24, 0xf0, 0x01, 0x00, 0x00, 0x48, 0x89, 0xd0, 0x45, 0x89, 0xc1, 0xf2,
    0x0f, 0x11, 0x5c, 0x24, 0x20, 0x48, 0x89, 0xce, 0x48, 0x89, 0x94, 0x24,
    0xc8, 0x01, 0x00, 0x00, 0x48, 0x8b, 0x94, 0x24, 0xe0, 0x01, 0x00, 0x00,
    0x44, 0x89, 0xc7, 0x49, 0x89, 0xc0, 0xf2, 0x0f, 0x11, 0x74, 0x24, 0x38,
    0x89, 0x6c, 0x24, 0x30, 0xf2, 0x0f, 0x11, 0x5c, 0x24, 0x48, 0x48, 0x89,
    0x54, 0x24, 0x28, 0x48, 0x89, 0xca, 0x48, 0x8d, 0x0d, 0x40, 0x3a, 0x9a,
    0x00, 0xe8, 0x76, 0x2b, 0x64, 0x00, 0xf2, 0x0f, 0x10, 0x5c, 0x24, 0x48,
    0xf2, 0x0f, 0x10, 0x3d, 0xd8, 0x3c, 0x9a, 0x00, 0xf2, 0x44, 0x0f, 0x10,
    0x05, 0xd7, 0x3c, 0x9a, 0x00, 0xf2, 0x44, 0x0f, 0x10, 0x0d, 0xd6, 0x3c,
    0x9a, 0x00, 0xf2, 0x0f, 0x5e, 0xdf, 0x66, 0x0f, 0x28, 0xc3, 0xf2, 0x41,
    0x0f, 0x59, 0xc0, 0xf2, 0x41, 0x0f, 0x58, 0xc1, 0xe8, 0x9f, 0x6e, 0x62,
    0x00, 0xf2, 0x48, 0x0f, 0x2c, 0xd8, 0x48, 0x85, 0xdb, 0x0f, 0x89, 0xb8,
    0x01, 0x00, 0x00, 0x48, 0xba, 0x00, 0xa0, 0xb8, 0x30, 0x46, 0x03, 0x00,
    0x00, 0x48, 0x89, 0xd8, 0x0f, 0x1f, 0x40, 0x00, 0x48, 0x01, 0xd0, 0x78,
    0xfb, 0x48, 0x8d, 0x4c, 0x24, 0x50, 0x45, 0x31, 0xed, 0x85, 0xff, 0x48,
    0x89, 0x84, 0x24, 0x10, 0x01, 0x00, 0x00, 0x48, 0x8d, 0xbc, 0x24, 0x10,
    0x01, 0x00, 0x00, 0x41, 0x0f, 0x95, 0xc5, 0x49, 0x89, 0xf8, 0x44, 0x89,
    0xea, 0xe8, 0x82, 0xc0, 0x5b, 0x00, 0x48, 0xb8, 0x00, 0xa0, 0xb8, 0x30,
    0x46, 0x03, 0x00, 0x00, 0x0f, 0x1f, 0x84, 0x00, 0x00, 0x00, 0x00, 0x00,
    0x48, 0x01, 0xc3, 0x78, 0xfb, 0x48, 0x89, 0x9c, 0x24, 0xe0, 0x00, 0x00,
    0x00, 0x44, 0x89, 0xea, 0x48, 0x89, 0xf9, 0x48, 0x8d, 0x9c, 0x24, 0xe0,
    0x00, 0x00, 0x00, 0x4c, 0x8d, 0xa4, 0x24, 0x80, 0x00, 0x00, 0x00, 0x49,
    0x89, 0xd8, 0xe8, 0x45, 0xc0, 0x5b, 0x00, 0x4c, 0x89, 0xe1, 0x48, 0x89,
    0xfa, 0xe8, 0x3a, 0x62, 0x5c, 0x00, 0xf2, 0x0f, 0x5e, 0xf7, 0x85, 0xed,
    0x40, 0x0f, 0x95, 0xc5, 0x40, 0x0f, 0xb6, 0xed, 0xf2, 0x41, 0x0f, 0x59,
    0xf0, 0xf2, 0x41, 0x0f, 0x58, 0xf1, 0x66, 0x0f, 0x28, 0xc6, 0xe8, 0xe9,
    0x6d, 0x62, 0x00, 0x48, 0xb9, 0x00, 0xa0, 0xb8, 0x30, 0x46, 0x03, 0x00,
    0x00, 0xf2, 0x48, 0x0f, 0x2c, 0xc0, 0x48, 0x85, 0xc0, 0x0f, 0x89, 0x8e,
    0x01, 0x00, 0x00, 0x90, 0x48, 0x01, 0xc8, 0x78, 0xfb, 0x49, 0x89, 0xd8,
    0x89, 0xea, 0x48, 0x89, 0xf9, 0x48, 0x89, 0x84, 0x24, 0xe0, 0x00, 0x00,
    0x00, 0xe8, 0xe6, 0xbf, 0x5b, 0x00, 0x48, 0x8d, 0xac, 0x24, 0xb0, 0x00,
    0x00, 0x00, 0x48, 0x89, 0xfa, 0x48, 0x89, 0xe9, 0xe8, 0xd3, 0x61, 0x5c,
    0x00, 0x4c, 0x89, 0xe2, 0x48, 0x89, 0xf9, 0xe8, 0xc8, 0x60, 0x5c, 0x00,
    0x49, 0x89, 0xe8, 0x48, 0x89, 0xfa, 0x48, 0x89, 0xd9, 0xe8, 0xea, 0x5d,
    0x5c, 0x00, 0x48, 0x89, 0xda, 0x48, 0x89, 0xf9, 0xe8, 0x5f, 0x9c, 0x5c,
    0x00, 0x4c, 0x8d, 0x84, 0x24, 0xe0, 0x01, 0x00, 0x00, 0x48, 0x89, 0xf1,
    0x49, 0x89, 0xf9, 0x48, 0x8d, 0x94, 0x24, 0xc8, 0x01, 0x00, 0x00, 0xe8,
    0x34, 0xcf, 0x65, 0x00, 0x48, 0x8d, 0x74, 0x24, 0x60, 0x48, 0x89, 0xc2,
    0x48, 0x89, 0xf1, 0xe8, 0x94, 0xbf, 0x8b, 0x00, 0x4d, 0x89, 0xe0, 0x48,
    0x89, 0xf2, 0x48, 0x89, 0xf9, 0xe8, 0xe6, 0xab, 0x5c, 0x00, 0xb9, 0x18,
    0x00, 0x00, 0x00, 0xe8, 0x1c, 0xf8, 0x98, 0x00, 0x48, 0x89, 0xfa, 0x48,
    0x89, 0xc1, 0x48, 0x89, 0xc3, 0xe8, 0x6e, 0xbf, 0x8b, 0x00, 0x48, 0x89,
    0xf9, 0xe8, 0xf6, 0xc2, 0x8b, 0x00, 0x48, 0x8d, 0x0d, 0x90, 0x38, 0x9a,
    0x00, 0x48, 0x89, 0xda, 0xe8, 0xa7, 0x31, 0x64, 0x00, 0x48, 0x89, 0xf1,
    0xe8, 0xdf, 0xc2, 0x8b, 0x00, 0x90, 0x0f, 0x28, 0xb4, 0x24, 0x40, 0x01,
    0x00, 0x00, 0x48, 0x89, 0xd8, 0x0f, 0x28, 0xbc, 0x24, 0x50, 0x01, 0x00,
    0x00, 0x44, 0x0f, 0x28, 0x84, 0x24, 0x60, 0x01, 0x00, 0x00, 0x44, 0x0f,
    0x28, 0x8c, 0x24, 0x70, 0x01, 0x00, 0x00, 0x48, 0x81, 0xc4, 0x88, 0x01,
    0x00, 0x00, 0x5b, 0x5e, 0x5f, 0x5d, 0x41, 0x5c, 0x41, 0x5d, 0xc3, 0x49,
    0xbc, 0xff, 0x9f, 0xb8, 0x30, 0x46, 0x03, 0x00, 0x00, 0x4c, 0x39, 0xe3,
    0x0f, 0x8e, 0xb3, 0x00, 0x00, 0x00, 0x48, 0xba, 0x00, 0x60, 0x47, 0xcf,
    0xb9, 0xfc, 0xff, 0xff, 0x48, 0x89, 0xd8, 0x66, 0x0f, 0x1f, 0x84, 0x00,
    0x00, 0x00, 0x00, 0x00, 0x48, 0x01, 0xd0, 0x4c, 0x39, 0xe0, 0x7f, 0xf8,
    0x48, 0x8d, 0x4c, 0x24, 0x50, 0x45, 0x31, 0xed, 0x85, 0xff, 0x48, 0x89,
    0x84, 0x24, 0x10, 0x01, 0x00, 0x00, 0x48, 0x8d, 0xbc, 0x24, 0x10, 0x01,
    0x00, 0x00, 0x41, 0x0f, 0x95, 0xc5, 0x49, 0x89, 0xf8, 0x44, 0x89, 0xea,
    0xe8, 0xaf, 0xbe, 0x5b, 0x00, 0x48, 0x85, 0xdb, 0x0f, 0x88, 0x24, 0xfe,
    0xff, 0xff, 0x4c, 0x39, 0xe3, 0x0f, 0x8e, 0x32, 0xfe, 0xff, 0xff, 0x48,
    0xba, 0x00, 0x60, 0x47, 0xcf, 0xb9, 0xfc, 0xff, 0xff, 0x48, 0xb8, 0xff,
    0x9f, 0xb8, 0x30, 0x46, 0x03, 0x00, 0x00, 0x66, 0x0f, 0x1f, 0x84, 0x00,
    0x00, 0x00, 0x00, 0x00, 0x48, 0x01, 0xd3, 0x48, 0x39, 0xc3, 0x7f, 0xf8,
    0xe9, 0x08, 0xfe, 0xff, 0xff, 0x48, 0xb9, 0xff, 0x9f, 0xb8, 0x30, 0x46,
    0x03, 0x00, 0x00, 0x48, 0x39, 0xc8, 0x0f, 0x8e, 0x65, 0xfe, 0xff, 0xff,
    0x48, 0xba, 0x00, 0x60, 0x47, 0xcf, 0xb9, 0xfc, 0xff, 0xff, 0x66, 0x0f,
    0x1f, 0x44, 0x00, 0x00, 0x48, 0x01, 0xd0, 0x48, 0x39, 0xc8, 0x7f, 0xf8,
    0xe9, 0x48, 0xfe, 0xff, 0xff, 0x48, 0x8d, 0x4c, 0x24, 0x50, 0x45, 0x31,
    0xed, 0x85, 0xff, 0x48, 0x89, 0x9c, 0x24, 0x10, 0x01, 0x00, 0x00, 0x48,
    0x8d, 0xbc, 0x24, 0x10, 0x01, 0x00, 0x00, 0x41, 0x0f, 0x95, 0xc5, 0x49,
    0x89, 0xf8, 0x44, 0x89, 0xea, 0xe8, 0x1a, 0xbe, 0x5b, 0x00, 0xe9, 0xaa,
    0xfd, 0xff, 0xff, 0x48, 0x89, 0xc5, 0x48, 0x89, 0xd9, 0xe8, 0x6a, 0xf6,
    0x98, 0x00, 0x48, 0x89, 0xeb, 0x48, 0x89, 0xf9, 0xe8, 0x9f, 0xc1, 0x8b,
    0x00, 0x48, 0x89, 0xf1, 0xe8, 0x97, 0xc1, 0x8b, 0x00, 0x48, 0x89, 0xd9,
    0xe8, 0x1f, 0x64, 0x62, 0x00, 0x48, 0x89, 0xc3, 0xeb, 0xe3, 0x48, 0x89,
    0xc3, 0xeb, 0xe6,
};

// 0x8a10  171 bytes  export DeleteNoFitGeometry (ordinals 236,237)
// status: comment_only  -- call to 0x64BEB0 outside the block; call to 0x9984B0 outside the block; jmp to 0x9984B0 outside the block
// sha256: c60d153b416991ae0bb25ada807ee43d4e1d0574301de03774ef7f0e699d952d
alignas(16) const unsigned char kBytes_8a10[171] = {
    0x41, 0x54, 0x55, 0x57, 0x56, 0x53, 0x48, 0x83, 0xec, 0x20, 0x49, 0x89,
    0xcc, 0x48, 0x89, 0xca, 0x48, 0x8d, 0x0d, 0x4a, 0x3b, 0x9a, 0x00, 0xe8,
    0x84, 0x34, 0x64, 0x00, 0x4d, 0x85, 0xe4, 0x74, 0x7f, 0x49, 0x8b, 0x6c,
    0x24, 0x08, 0x49, 0x8b, 0x3c, 0x24, 0x48, 0x39, 0xfd, 0x74, 0x52, 0x90,
    0x48, 0x8b, 0x77, 0x20, 0x48, 0x8b, 0x5f, 0x18, 0x48, 0x39, 0xde, 0x74,
    0x1d, 0x0f, 0x1f, 0x00, 0x48, 0x8b, 0x0b, 0x48, 0x85, 0xc9, 0x74, 0x05,
    0xe8, 0x53, 0xfa, 0x98, 0x00, 0x48, 0x83, 0xc3, 0x18, 0x48, 0x39, 0xde,
    0x75, 0xea, 0x48, 0x8b, 0x5f, 0x18, 0x48, 0x85, 0xdb, 0x74, 0x08, 0x48,
    0x89, 0xd9, 0xe8, 0x39, 0xfa, 0x98, 0x00, 0x48, 0x8b, 0x0f, 0x48, 0x85,
    0xc9, 0x74, 0x05, 0xe8, 0x2c, 0xfa, 0x98, 0x00, 0x48, 0x83, 0xc7, 0x30,
    0x48, 0x39, 0xfd, 0x75, 0xb3, 0x49, 0x8b, 0x3c, 0x24, 0x48, 0x85, 0xff,
    0x74, 0x08, 0x48, 0x89, 0xf9, 0xe8, 0x12, 0xfa, 0x98, 0x00, 0x4c, 0x89,
    0xe1, 0x48, 0x83, 0xc4, 0x20, 0x5b, 0x5e, 0x5f, 0x5d, 0x41, 0x5c, 0xe9,
    0x00, 0xfa, 0x98, 0x00, 0x48, 0x83, 0xc4, 0x20, 0x5b, 0x5e, 0x5f, 0x5d,
    0x41, 0x5c, 0xc3,
};

// 0x89d0  54 bytes  export NoFitGetNumberOfExternalPolygons (ordinals 238,239)
// status: comment_only  -- call to 0x64BEB0 outside the block
// sha256: 82aca0273760c78984ebb9bb1054d3e4002770a0b4fdd44cd651dac8efae0e61
alignas(16) const unsigned char kBytes_89d0[54] = {
    0x53, 0x48, 0x83, 0xec, 0x20, 0x48, 0x89, 0xcb, 0x48, 0x89, 0xca, 0x48,
    0x8d, 0x0d, 0x6e, 0x3b, 0x9a, 0x00, 0xe8, 0xc9, 0x34, 0x64, 0x00, 0x48,
    0x8b, 0x43, 0x08, 0x48, 0xba, 0xab, 0xaa, 0xaa, 0xaa, 0xaa, 0xaa, 0xaa,
    0xaa, 0x48, 0x2b, 0x03, 0x48, 0xc1, 0xf8, 0x04, 0x48, 0x0f, 0xaf, 0xc2,
    0x48, 0x83, 0xc4, 0x20, 0x5b, 0xc3,
};

// 0x8e70  335 bytes  export NoFitGetNumberOfInternalHoles (ordinals 240,241)
// status: comment_only  -- call to 0x5C5F60 outside the block; call to 0x5C61E0 outside the block; call to 0x60A620 outside the block; call to 0x62F280 outside the block (+3 more)
// sha256: c1033c7c08ab70dfe33f9b6ca302a1270e88c7ae3a8333baf045f2cc38692f56
alignas(16) const unsigned char kBytes_8e70[335] = {
    0x41, 0x54, 0x55, 0x57, 0x56, 0x53, 0x48, 0x83, 0xc4, 0x80, 0x89, 0xd3,
    0x48, 0x89, 0xce, 0x48, 0x89, 0xca, 0x48, 0x8d, 0x0d, 0x16, 0x37, 0x9a,
    0x00, 0x41, 0x89, 0xd8, 0xe8, 0xff, 0x33, 0x64, 0x00, 0x48, 0x8b, 0x46,
    0x08, 0x48, 0x2b, 0x06, 0x48, 0xc1, 0xf8, 0x04, 0x69, 0xc0, 0xab, 0xaa,
    0xaa, 0xaa, 0x39, 0xd8, 0x0f, 0x87, 0x88, 0x00, 0x00, 0x00, 0x48, 0x8d,
    0x7c, 0x24, 0x60, 0x48, 0x8d, 0x15, 0x07, 0x37, 0x9a, 0x00, 0x48, 0x89,
    0xf9, 0xe8, 0xf2, 0xe2, 0xff, 0xff, 0x48, 0x8d, 0x6c, 0x24, 0x40, 0x48,
    0x8d, 0x15, 0xf6, 0x38, 0x9a, 0x00, 0x48, 0x89, 0xe9, 0xe8, 0xde, 0xe2,
    0xff, 0xff, 0x4c, 0x8d, 0x64, 0x24, 0x20, 0x48, 0x8d, 0x15, 0x77, 0x35,
    0x9a, 0x00, 0x4c, 0x89, 0xe1, 0xe8, 0xca, 0xe2, 0xff, 0xff, 0x49, 0x89,
    0xf9, 0x49, 0x89, 0xe8, 0xba, 0xda, 0x01, 0x00, 0x00, 0x4c, 0x89, 0xe1,
    0xe8, 0x27, 0x17, 0x60, 0x00, 0x48, 0x8b, 0x4c, 0x24, 0x20, 0x49, 0x83,
    0xc4, 0x10, 0x4c, 0x39, 0xe1, 0x74, 0x05, 0xe8, 0xa4, 0xf5, 0x98, 0x00,
    0x48, 0x8b, 0x4c, 0x24, 0x40, 0x48, 0x83, 0xc5, 0x10, 0x48, 0x39, 0xe9,
    0x74, 0x05, 0xe8, 0x91, 0xf5, 0x98, 0x00, 0x48, 0x8b, 0x4c, 0x24, 0x60,
    0x48, 0x83, 0xc7, 0x10, 0x48, 0x39, 0xf9, 0x74, 0x05, 0xe8, 0x7e, 0xf5,
    0x98, 0x00, 0x48, 0x89, 0xf1, 0xe8, 0xa6, 0xd2, 0x5b, 0x00, 0x48, 0x8d,
    0x0c, 0x5b, 0x48, 0xc1, 0xe1, 0x04, 0x48, 0x03, 0x08, 0xe8, 0x16, 0xd0,
    0x5b, 0x00, 0x48, 0x8b, 0x50, 0x08, 0x48, 0x2b, 0x10, 0x48, 0x89, 0xd0,
    0x48, 0xba, 0xab, 0xaa, 0xaa, 0xaa, 0xaa, 0xaa, 0xaa, 0xaa, 0x48, 0xc1,
    0xf8, 0x03, 0x48, 0x0f, 0xaf, 0xc2, 0x48, 0x83, 0xec, 0x80, 0x5b, 0x5e,
    0x5f, 0x5d, 0x41, 0x5c, 0xc3, 0x48, 0x8b, 0x4c, 0x24, 0x20, 0x49, 0x83,
    0xc4, 0x10, 0x48, 0x89, 0xc3, 0x4c, 0x39, 0xe1, 0x74, 0x05, 0xe8, 0x29,
    0xf5, 0x98, 0x00, 0x48, 0x8b, 0x4c, 0x24, 0x40, 0x48, 0x83, 0xc5, 0x10,
    0x48, 0x39, 0xe9, 0x74, 0x05, 0xe8, 0x16, 0xf5, 0x98, 0x00, 0x48, 0x8b,
    0x4c, 0x24, 0x60, 0x48, 0x83, 0xc7, 0x10, 0x48, 0x39, 0xf9, 0x74, 0x05,
    0xe8, 0x03, 0xf5, 0x98, 0x00, 0x48, 0x89, 0xd9, 0xe8, 0xcb, 0x62, 0x62,
    0x00, 0x48, 0x89, 0xc3, 0xeb, 0xcd, 0x48, 0x89, 0xc3, 0xeb, 0xdb,
};

// 0x8fc0  497 bytes  export NoFitGetNumberOfPoints (ordinals 242,243)
// status: comment_only  -- call to 0x1BF40 outside the block; call to 0x62D860 outside the block; call to 0x62F280 outside the block; call to 0x63F6B8 outside the block (+14 more)
// sha256: aff19658bdfd97703ece3f712b943230d95d8250b9b16afcf3a33b1fbc48ea65
alignas(16) const unsigned char kBytes_8fc0[497] = {
    0x41, 0x54, 0x55, 0x57, 0x56, 0x53, 0x48, 0x83, 0xec, 0x30, 0x0f, 0xb6,
    0x05, 0x7f, 0x60, 0xb1, 0x00, 0x84, 0xc0, 0x48, 0x89, 0xcf, 0x89, 0xd5,
    0x45, 0x89, 0xc4, 0x0f, 0x84, 0x4f, 0x01, 0x00, 0x00, 0x48, 0x8d, 0x0d,
    0x70, 0x60, 0xb1, 0x00, 0xc6, 0x44, 0x24, 0x28, 0x00, 0x48, 0x89, 0x4c,
    0x24, 0x20, 0xe8, 0xc9, 0x66, 0x63, 0x00, 0x85, 0xc0, 0x0f, 0x85, 0x89,
    0x01, 0x00, 0x00, 0xc6, 0x44, 0x24, 0x28, 0x01, 0xe8, 0x37, 0x2f, 0x01,
    0x00, 0x48, 0x85, 0xc0, 0x48, 0x89, 0xc3, 0x0f, 0x84, 0xbb, 0x00, 0x00,
    0x00, 0x41, 0xb8, 0x03, 0x00, 0x00, 0x00, 0x48, 0x89, 0xc1, 0x48, 0x8d,
    0x15, 0x1f, 0x35, 0x9a, 0x00, 0xe8, 0xe6, 0xef, 0x96, 0x00, 0x41, 0xb8,
    0x16, 0x00, 0x00, 0x00, 0x48, 0x89, 0xd9, 0x48, 0x8d, 0x15, 0x97, 0x35,
    0x9a, 0x00, 0xe8, 0xd1, 0xef, 0x96, 0x00, 0x41, 0xb8, 0x01, 0x00, 0x00,
    0x00, 0x48, 0x89, 0xd9, 0x48, 0x8d, 0x15, 0xf9, 0x34, 0x9a, 0x00, 0xe8,
    0xbc, 0xef, 0x96, 0x00, 0x48, 0x89, 0xfa, 0x48, 0x89, 0xd9, 0xe8, 0x31,
    0xf4, 0x85, 0x00, 0x41, 0xb8, 0x01, 0x00, 0x00, 0x00, 0x48, 0x89, 0xd9,
    0x48, 0x8d, 0x15, 0xd9, 0x34, 0x9a, 0x00, 0xe8, 0x9c, 0xef, 0x96, 0x00,
    0x89, 0xea, 0x48, 0x89, 0xd9, 0xe8, 0xf2, 0xfe, 0x85, 0x00, 0x41, 0xb8,
    0x01, 0x00, 0x00, 0x00, 0x48, 0x89, 0xd9, 0x48, 0x8d, 0x15, 0xba, 0x34,
    0x9a, 0x00, 0xe8, 0x7d, 0xef, 0x96, 0x00, 0x44, 0x89, 0xe2, 0x48, 0x89,
    0xd9, 0xe8, 0xd2, 0xfe, 0x85, 0x00, 0x48, 0x8b, 0x03, 0x48, 0x8b, 0x40,
    0xe8, 0x48, 0x8b, 0xb4, 0x03, 0xf0, 0x00, 0x00, 0x00, 0x48, 0x85, 0xf6,
    0x0f, 0x84, 0xd9, 0x00, 0x00, 0x00, 0x80, 0x7e, 0x38, 0x00, 0x74, 0x45,
    0x0f, 0xbe, 0x56, 0x43, 0x48, 0x89, 0xd9, 0xe8, 0x28, 0xeb, 0x85, 0x00,
    0x48, 0x89, 0xc1, 0xe8, 0x20, 0xed, 0x85, 0x00, 0x80, 0x7c, 0x24, 0x28,
    0x00, 0x0f, 0x85, 0x95, 0x00, 0x00, 0x00, 0x89, 0xea, 0x45, 0x89, 0xe0,
    0x48, 0x89, 0xf9, 0xe8, 0x88, 0xe1, 0xff, 0xff, 0x48, 0x8b, 0x50, 0x08,
    0x48, 0x2b, 0x10, 0x48, 0x89, 0xd0, 0x48, 0xc1, 0xf8, 0x04, 0x48, 0x83,
    0xc4, 0x30, 0x5b, 0x5e, 0x5f, 0x5d, 0x41, 0x5c, 0xc3, 0x48, 0x89, 0xf1,
    0xe8, 0xd7, 0xd3, 0x81, 0x00, 0x48, 0x8b, 0x06, 0x48, 0x8d, 0x0d, 0x0d,
    0xd6, 0x81, 0x00, 0xba, 0x0a, 0x00, 0x00, 0x00, 0x48, 0x8b, 0x40, 0x30,
    0x48, 0x39, 0xc8, 0x74, 0x9f, 0x48, 0x89, 0xf1, 0xff, 0xd0, 0x0f, 0xbe,
    0xd0, 0xeb, 0x95, 0x0f, 0x1f, 0x44, 0x00, 0x00, 0x48, 0x8d, 0x0d, 0x19,
    0x5f, 0xb1, 0x00, 0xe8, 0x64, 0xfc, 0x98, 0x00, 0x85, 0xc0, 0x0f, 0x84,
    0x9d, 0xfe, 0xff, 0xff, 0x48, 0x8d, 0x0d, 0x0d, 0x5f, 0xb1, 0x00, 0x31,
    0xd2, 0xe8, 0x76, 0x65, 0x63, 0x00, 0x48, 0x8d, 0x0d, 0xf7, 0x5e, 0xb1,
    0x00, 0xe8, 0x82, 0xfd, 0x98, 0x00, 0x48, 0x8d, 0x0d, 0xdb, 0xde, 0xff,
    0xff, 0xe8, 0xf6, 0x46, 0x62, 0x00, 0xe9, 0x72, 0xfe, 0xff, 0xff, 0x90,
    0x48, 0x8b, 0x4c, 0x24, 0x20, 0x48, 0x85, 0xc9, 0x0f, 0x84, 0x5d, 0xff,
    0xff, 0xff, 0xe8, 0x35, 0x65, 0x63, 0x00, 0xe9, 0x53, 0xff, 0xff, 0xff,
    0x89, 0xc1, 0xe8, 0x61, 0x1a, 0x97, 0x00, 0xe8, 0xbc, 0xf5, 0x96, 0x00,
    0x80, 0x7c, 0x24, 0x28, 0x00, 0x48, 0x89, 0xc3, 0x74, 0x0a, 0x48, 0x8d,
    0x4c, 0x24, 0x20, 0xe8, 0x08, 0xd0, 0x86, 0x00, 0x48, 0x89, 0xd9, 0xe8,
    0xd0, 0x60, 0x62, 0x00, 0x90,
};

// 0x91c0  366 bytes  export NoFitGetPoint (ordinals 244,245)
// status: comment_only  -- call to 0x60A620 outside the block; call to 0x62F280 outside the block; call to 0x64C480 outside the block; call to 0x71B0 outside the block (+2 more)
// sha256: d198ebe7e0a0b62942c801fe0bc00b09fa59b1623032b2f6646efd036bf535cc
alignas(16) const unsigned char kBytes_91c0[366] = {
    0x41, 0x54, 0x55, 0x57, 0x56, 0x53, 0x48, 0x81, 0xec, 0x90, 0x00, 0x00,
    0x00, 0x44, 0x89, 0xcb, 0x48, 0x89, 0xce, 0x45, 0x89, 0xc1, 0x89, 0xd7,
    0x44, 0x89, 0xc5, 0x89, 0x5c, 0x24, 0x20, 0x41, 0x89, 0xd0, 0x48, 0x89,
    0xca, 0x48, 0x8d, 0x0d, 0xfc, 0x33, 0x9a, 0x00, 0xe8, 0x8f, 0x32, 0x64,
    0x00, 0x89, 0xfa, 0x48, 0x89, 0xf1, 0x41, 0x89, 0xe8, 0xe8, 0x72, 0xe0,
    0xff, 0xff, 0x48, 0x89, 0xc6, 0x48, 0x8b, 0x00, 0x48, 0x8b, 0x56, 0x08,
    0x48, 0x29, 0xc2, 0x48, 0xc1, 0xfa, 0x04, 0x48, 0x39, 0xd3, 0x73, 0x3c,
    0x48, 0xc1, 0xe3, 0x04, 0x48, 0x8b, 0x94, 0x24, 0xe0, 0x00, 0x00, 0x00,
    0x48, 0x01, 0xd8, 0xf2, 0x0f, 0x10, 0x00, 0xf2, 0x0f, 0x11, 0x02, 0xf2,
    0x0f, 0x10, 0x40, 0x08, 0x48, 0x8b, 0x84, 0x24, 0xe8, 0x00, 0x00, 0x00,
    0xf2, 0x0f, 0x11, 0x00, 0x48, 0x81, 0xc4, 0x90, 0x00, 0x00, 0x00, 0x5b,
    0x5e, 0x5f, 0x5d, 0x41, 0x5c, 0xc3, 0x66, 0x0f, 0x1f, 0x44, 0x00, 0x00,
    0x48, 0x8d, 0x7c, 0x24, 0x70, 0x48, 0x8d, 0x15, 0x9a, 0x33, 0x9a, 0x00,
    0x48, 0x89, 0xf9, 0xe8, 0x4c, 0xdf, 0xff, 0xff, 0x48, 0x8d, 0x6c, 0x24,
    0x50, 0x48, 0x8d, 0x15, 0x30, 0x35, 0x9a, 0x00, 0x48, 0x89, 0xe9, 0xe8,
    0x38, 0xdf, 0xff, 0xff, 0x4c, 0x8d, 0x64, 0x24, 0x30, 0x48, 0x8d, 0x15,
    0xd1, 0x31, 0x9a, 0x00, 0x4c, 0x89, 0xe1, 0xe8, 0x24, 0xdf, 0xff, 0xff,
    0x49, 0x89, 0xf9, 0x49, 0x89, 0xe8, 0xba, 0x02, 0x02, 0x00, 0x00, 0x4c,
    0x89, 0xe1, 0xe8, 0x81, 0x13, 0x60, 0x00, 0x48, 0x8b, 0x4c, 0x24, 0x30,
    0x49, 0x83, 0xc4, 0x10, 0x4c, 0x39, 0xe1, 0x74, 0x05, 0xe8, 0xfe, 0xf1,
    0x98, 0x00, 0x48, 0x8b, 0x4c, 0x24, 0x50, 0x48, 0x83, 0xc5, 0x10, 0x48,
    0x39, 0xe9, 0x74, 0x05, 0xe8, 0xeb, 0xf1, 0x98, 0x00, 0x48, 0x8b, 0x4c,
    0x24, 0x70, 0x48, 0x83, 0xc7, 0x10, 0x48, 0x39, 0xf9, 0x74, 0x05, 0xe8,
    0xd8, 0xf1, 0x98, 0x00, 0x48, 0x8b, 0x06, 0xe9, 0x34, 0xff, 0xff, 0xff,
    0x48, 0x89, 0xc3, 0x48, 0x8b, 0x4c, 0x24, 0x70, 0x48, 0x83, 0xc7, 0x10,
    0x48, 0x39, 0xf9, 0x74, 0x05, 0xe8, 0xba, 0xf1, 0x98, 0x00, 0x48, 0x89,
    0xd9, 0xe8, 0x82, 0x5f, 0x62, 0x00, 0x48, 0x89, 0xc3, 0x48, 0x8b, 0x4c,
    0x24, 0x50, 0x48, 0x83, 0xc5, 0x10, 0x48, 0x39, 0xe9, 0x74, 0xd4, 0xe8,
    0x9c, 0xf1, 0x98, 0x00, 0xeb, 0xcd, 0x48, 0x8b, 0x4c, 0x24, 0x30, 0x49,
    0x83, 0xc4, 0x10, 0x48, 0x89, 0xc3, 0x4c, 0x39, 0xe1, 0x74, 0xda, 0xe8,
    0x84, 0xf1, 0x98, 0x00, 0xeb, 0xd3,
};

// 0x188d0  529 bytes  export SetMarkMode (ordinals 246,247)
// status: comment_only  -- call to 0x1BF40 outside the block; call to 0x62D860 outside the block; call to 0x62F280 outside the block; call to 0x63F6B8 outside the block (+13 more)
// sha256: 4ce11148978a3c0ecf2d3c079fb238061115b4ab381b0f36184d985ea52ed7f8
alignas(16) const unsigned char kBytes_188d0[529] = {
    0x55, 0x57, 0x56, 0x53, 0x48, 0x83, 0xec, 0x58, 0x0f, 0x29, 0x74, 0x24,
    0x30, 0x0f, 0x29, 0x7c, 0x24, 0x40, 0x0f, 0xb6, 0x05, 0x37, 0x68, 0xb0,
    0x00, 0x84, 0xc0, 0x48, 0x89, 0xce, 0x89, 0xd5, 0x66, 0x0f, 0x28, 0xfa,
    0x66, 0x0f, 0x28, 0xf3, 0x0f, 0x84, 0x62, 0x01, 0x00, 0x00, 0x48, 0x8d,
    0x0d, 0x23, 0x68, 0xb0, 0x00, 0xc6, 0x44, 0x24, 0x28, 0x00, 0x48, 0x89,
    0x4c, 0x24, 0x20, 0xe8, 0xac, 0x6d, 0x62, 0x00, 0x85, 0xc0, 0x0f, 0x85,
    0x9c, 0x01, 0x00, 0x00, 0xc6, 0x44, 0x24, 0x28, 0x01, 0xe8, 0x1a, 0x36,
    0x00, 0x00, 0x48, 0x85, 0xc0, 0x48, 0x89, 0xc3, 0x0f, 0x84, 0xbd, 0x00,
    0x00, 0x00, 0x41, 0xb8, 0x03, 0x00, 0x00, 0x00, 0x48, 0x89, 0xc1, 0x48,
    0x8d, 0x15, 0xfe, 0x51, 0x99, 0x00, 0xe8, 0xc9, 0xf6, 0x95, 0x00, 0x41,
    0xb8, 0x0b, 0x00, 0x00, 0x00, 0x48, 0x89, 0xd9, 0x48, 0x8d, 0x15, 0xed,
    0x51, 0x99, 0x00, 0xe8, 0xb4, 0xf6, 0x95, 0x00, 0x41, 0xb8, 0x01, 0x00,
    0x00, 0x00, 0x48, 0x89, 0xd9, 0x48, 0x8d, 0x15, 0xe4, 0x51, 0x99, 0x00,
    0xe8, 0x9f, 0xf6, 0x95, 0x00, 0x89, 0xea, 0x48, 0x89, 0xd9, 0xe8, 0x85,
    0x13, 0x85, 0x00, 0x41, 0xb8, 0x01, 0x00, 0x00, 0x00, 0x48, 0x89, 0xd9,
    0x48, 0x8d, 0x15, 0xc5, 0x51, 0x99, 0x00, 0xe8, 0x80, 0xf6, 0x95, 0x00,
    0x66, 0x0f, 0x28, 0xcf, 0x48, 0x89, 0xd9, 0xe8, 0x44, 0xff, 0x84, 0x00,
    0x41, 0xb8, 0x01, 0x00, 0x00, 0x00, 0x48, 0x89, 0xd9, 0x48, 0x8d, 0x15,
    0xa4, 0x51, 0x99, 0x00, 0xe8, 0x5f, 0xf6, 0x95, 0x00, 0x66, 0x0f, 0x28,
    0xce, 0x48, 0x89, 0xd9, 0xe8, 0x23, 0xff, 0x84, 0x00, 0x48, 0x8b, 0x03,
    0x48, 0x8b, 0x40, 0xe8, 0x48, 0x8b, 0xbc, 0x03, 0xf0, 0x00, 0x00, 0x00,
    0x48, 0x85, 0xff, 0x0f, 0x84, 0xea, 0x00, 0x00, 0x00, 0x80, 0x7f, 0x38,
    0x00, 0x74, 0x55, 0x0f, 0xbe, 0x57, 0x43, 0x48, 0x89, 0xd9, 0xe8, 0x09,
    0xf2, 0x84, 0x00, 0x48, 0x89, 0xc1, 0xe8, 0x01, 0xf4, 0x84, 0x00, 0x80,
    0x7c, 0x24, 0x28, 0x00, 0x0f, 0x85, 0xa6, 0x00, 0x00, 0x00, 0xf2, 0x0f,
    0x11, 0xbe, 0xe8, 0x00, 0x00, 0x00, 0x0f, 0x28, 0x7c, 0x24, 0x40, 0x85,
    0xed, 0x0f, 0x95, 0x86, 0xe0, 0x00, 0x00, 0x00, 0xf2, 0x0f, 0x11, 0xb6,
    0xf0, 0x00, 0x00, 0x00, 0x0f, 0x28, 0x74, 0x24, 0x30, 0x48, 0x83, 0xc4,
    0x58, 0x5b, 0x5e, 0x5f, 0x5d, 0xc3, 0x66, 0x2e, 0x0f, 0x1f, 0x84, 0x00,
    0x00, 0x00, 0x00, 0x00, 0x48, 0x89, 0xf9, 0xe8, 0xa8, 0xda, 0x80, 0x00,
    0x48, 0x8b, 0x07, 0x48, 0x8d, 0x0d, 0xde, 0xdc, 0x80, 0x00, 0xba, 0x0a,
    0x00, 0x00, 0x00, 0x48, 0x8b, 0x40, 0x30, 0x48, 0x39, 0xc8, 0x74, 0x8f,
    0x48, 0x89, 0xf9, 0xff, 0xd0, 0x0f, 0xbe, 0xd0, 0xeb, 0x85, 0x66, 0x0f,
    0x1f, 0x44, 0x00, 0x00, 0x48, 0x8d, 0x0d, 0xb9, 0x66, 0xb0, 0x00, 0xe8,
    0x34, 0x03, 0x98, 0x00, 0x85, 0xc0, 0x0f, 0x84, 0x8a, 0xfe, 0xff, 0xff,
    0x48, 0x8d, 0x0d, 0xad, 0x66, 0xb0, 0x00, 0x31, 0xd2, 0xe8, 0x46, 0x6c,
    0x62, 0x00, 0x48, 0x8d, 0x0d, 0x97, 0x66, 0xb0, 0x00, 0xe8, 0x52, 0x04,
    0x98, 0x00, 0x48, 0x8d, 0x0d, 0x1b, 0xfe, 0xff, 0xff, 0xe8, 0xc6, 0x4d,
    0x61, 0x00, 0xe9, 0x5f, 0xfe, 0xff, 0xff, 0x90, 0x48, 0x8b, 0x4c, 0x24,
    0x20, 0x48, 0x85, 0xc9, 0x0f, 0x84, 0x4c, 0xff, 0xff, 0xff, 0xe8, 0x05,
    0x6c, 0x62, 0x00, 0xe9, 0x42, 0xff, 0xff, 0xff, 0x89, 0xc1, 0xe8, 0x31,
    0x21, 0x96, 0x00, 0xe8, 0x8c, 0xfc, 0x95, 0x00, 0x80, 0x7c, 0x24, 0x28,
    0x00, 0x48, 0x89, 0xc3, 0x74, 0x0a, 0x48, 0x8d, 0x4c, 0x24, 0x20, 0xe8,
    0xd8, 0xd6, 0x85, 0x00, 0x48, 0x89, 0xd9, 0xe8, 0xa0, 0x67, 0x61, 0x00,
    0x90,
};

// 0x18af0  889 bytes  export GetNumberOfMarks (ordinals 248,249)
// status: comment_only  -- call to 0x1BF40 outside the block; call to 0x51D0D0 outside the block; call to 0x60A620 outside the block; call to 0x62D860 outside the block (+16 more)
// sha256: 3731b1beafe55e4d3815eb98659b50d5b15fdbf6df596236a8d176f7672161a2
alignas(16) const unsigned char kBytes_18af0[889] = {
    0x55, 0x57, 0x56, 0x53, 0x48, 0x81, 0xec, 0x88, 0x00, 0x00, 0x00, 0x0f,
    0xb6, 0x05, 0x1e, 0x66, 0xb0, 0x00, 0x84, 0xc0, 0x48, 0x89, 0xcd, 0x0f,
    0x84, 0x94, 0x02, 0x00, 0x00, 0x48, 0x8d, 0x0d, 0x14, 0x66, 0xb0, 0x00,
    0xc6, 0x44, 0x24, 0x68, 0x00, 0x48, 0x89, 0x4c, 0x24, 0x60, 0xe8, 0x9d,
    0x6b, 0x62, 0x00, 0x85, 0xc0, 0x0f, 0x85, 0xcd, 0x02, 0x00, 0x00, 0xc6,
    0x44, 0x24, 0x68, 0x01, 0xe8, 0x0b, 0x34, 0x00, 0x00, 0x48, 0x85, 0xc0,
    0x48, 0x89, 0xc3, 0x0f, 0x84, 0x80, 0x00, 0x00, 0x00, 0x41, 0xb8, 0x03,
    0x00, 0x00, 0x00, 0x48, 0x89, 0xc1, 0x48, 0x8d, 0x15, 0xef, 0x4f, 0x99,
    0x00, 0xe8, 0xba, 0xf4, 0x95, 0x00, 0x41, 0xb8, 0x10, 0x00, 0x00, 0x00,
    0x48, 0x89, 0xd9, 0x48, 0x8d, 0x15, 0xec, 0x4f, 0x99, 0x00, 0xe8, 0xa5,
    0xf4, 0x95, 0x00, 0x41, 0xb8, 0x01, 0x00, 0x00, 0x00, 0x48, 0x89, 0xd9,
    0x48, 0x8d, 0x15, 0xd5, 0x4f, 0x99, 0x00, 0xe8, 0x90, 0xf4, 0x95, 0x00,
    0x48, 0x89, 0xea, 0x48, 0x89, 0xd9, 0xe8, 0x05, 0xf9, 0x84, 0x00, 0x48,
    0x8b, 0x03, 0x48, 0x8b, 0x40, 0xe8, 0x48, 0x8b, 0xb4, 0x03, 0xf0, 0x00,
    0x00, 0x00, 0x48, 0x85, 0xf6, 0x0f, 0x84, 0x5c, 0x02, 0x00, 0x00, 0x80,
    0x7e, 0x38, 0x00, 0x0f, 0x84, 0xc3, 0x01, 0x00, 0x00, 0x0f, 0xbe, 0x56,
    0x43, 0x48, 0x89, 0xd9, 0xe8, 0x37, 0xf0, 0x84, 0x00, 0x48, 0x89, 0xc1,
    0xe8, 0x2f, 0xf2, 0x84, 0x00, 0x80, 0x7c, 0x24, 0x68, 0x00, 0x0f, 0x85,
    0x14, 0x02, 0x00, 0x00, 0x48, 0x85, 0xed, 0x74, 0x2f, 0x48, 0x8b, 0x4d,
    0x08, 0x48, 0x85, 0xc9, 0x74, 0x26, 0xe8, 0xf1, 0x44, 0x50, 0x00, 0x48,
    0x8b, 0x50, 0x08, 0x48, 0x2b, 0x10, 0x48, 0x89, 0xd0, 0x48, 0xc1, 0xf8,
    0x04, 0x48, 0x81, 0xc4, 0x88, 0x00, 0x00, 0x00, 0x5b, 0x5e, 0x5f, 0x5d,
    0xc3, 0x0f, 0x1f, 0x80, 0x00, 0x00, 0x00, 0x00, 0x48, 0x8d, 0x5c, 0x24,
    0x40, 0x45, 0x31, 0xc0, 0x48, 0xc7, 0x44, 0x24, 0x40, 0x1b, 0x00, 0x00,
    0x00, 0x48, 0xbf, 0x6e, 0x65, 0x73, 0x74, 0x69, 0x6e, 0x67, 0x20, 0x48,
    0x8d, 0x74, 0x24, 0x60, 0x48, 0x89, 0xda, 0x48, 0x8d, 0x46, 0x10, 0x48,
    0x89, 0xf1, 0x48, 0x89, 0x44, 0x24, 0x60, 0xe8, 0x6c, 0x7f, 0x8f, 0x00,
    0x48, 0x8b, 0x54, 0x24, 0x40, 0x45, 0x31, 0xc0, 0x48, 0x89, 0xd9, 0x48,
    0x89, 0x44, 0x24, 0x60, 0x48, 0x89, 0x54, 0x24, 0x70, 0xba, 0x69, 0x6e,
    0x00, 0x00, 0x48, 0x89, 0x38, 0x48, 0xbf, 0x26, 0x26, 0x20, 0x6e, 0x65,
    0x73, 0x74, 0x69, 0x48, 0x89, 0x78, 0x08, 0x48, 0xbf, 0x6e, 0x67, 0x2d,
    0x3e, 0x6e, 0x65, 0x73, 0x74, 0x48, 0x89, 0x78, 0x10, 0x48, 0x8d, 0x7c,
    0x24, 0x20, 0x66, 0x89, 0x50, 0x18, 0xc6, 0x40, 0x1a, 0x67, 0x48, 0x8b,
    0x44, 0x24, 0x40, 0x48, 0x8b, 0x54, 0x24, 0x60, 0x48, 0x89, 0x44, 0x24,
    0x68, 0xc6, 0x04, 0x02, 0x00, 0x48, 0x8d, 0x43, 0x10, 0x48, 0x89, 0xfa,
    0x48, 0x89, 0x44, 0x24, 0x40, 0x48, 0xc7, 0x44, 0x24, 0x20, 0x14, 0x00,
    0x00, 0x00, 0xe8, 0xf9, 0x7e, 0x8f, 0x00, 0x48, 0x8b, 0x54, 0x24, 0x20,
    0x48, 0x89, 0x44, 0x24, 0x40, 0x49, 0x89, 0xf1, 0x49, 0x89, 0xd8, 0x48,
    0x89, 0xf9, 0x48, 0x89, 0x54, 0x24, 0x50, 0x48, 0xba, 0x43, 0x4e, 0x53,
    0x5f, 0x47, 0x65, 0x74, 0x4e, 0x48, 0x89, 0x10, 0x48, 0xba, 0x75, 0x6d,
    0x62, 0x65, 0x72, 0x4f, 0x66, 0x4d, 0x48, 0x89, 0x50, 0x08, 0xc7, 0x40,
    0x10, 0x61, 0x72, 0x6b, 0x73, 0x48, 0x8b, 0x44, 0x24, 0x20, 0x48, 0x8b,
    0x54, 0x24, 0x40, 0x48, 0x89, 0x44, 0x24, 0x48, 0xc6, 0x04, 0x02, 0x00,
    0x48, 0x8d, 0x47, 0x10, 0x48, 0xba, 0x63, 0x6e, 0x73, 0x5f, 0x6d, 0x61,
    0x72, 0x6b, 0x48, 0x89, 0x54, 0x24, 0x30, 0xba, 0x12, 0x00, 0x00, 0x00,
    0x48, 0x89, 0x44, 0x24, 0x20, 0xc7, 0x47, 0x18, 0x2e, 0x63, 0x70, 0x70,
    0x48, 0xc7, 0x44, 0x24, 0x28, 0x0c, 0x00, 0x00, 0x00, 0xc6, 0x44, 0x24,
    0x3c, 0x00, 0xe8, 0xf5, 0x18, 0x5f, 0x00, 0x48, 0x8b, 0x4c, 0x24, 0x20,
    0x48, 0x83, 0xc7, 0x10, 0x48, 0x39, 0xf9, 0x74, 0x05, 0xe8, 0x72, 0xf7,
    0x97, 0x00, 0x48, 0x8b, 0x4c, 0x24, 0x40, 0x48, 0x83, 0xc3, 0x10, 0x48,
    0x39, 0xd9, 0x74, 0x05, 0xe8, 0x5f, 0xf7, 0x97, 0x00, 0x48, 0x8b, 0x4c,
    0x24, 0x60, 0x48, 0x83, 0xc6, 0x10, 0x48, 0x39, 0xf1, 0x74, 0x05, 0xe8,
    0x4c, 0xf7, 0x97, 0x00, 0x48, 0x8b, 0x4d, 0x08, 0xe9, 0x6d, 0xfe, 0xff,
    0xff, 0x0f, 0x1f, 0x00, 0x48, 0x89, 0xf1, 0xe8, 0x68, 0xd7, 0x80, 0x00,
    0x48, 0x8b, 0x06, 0x48, 0x8d, 0x0d, 0x9e, 0xd9, 0x80, 0x00, 0xba, 0x0a,
    0x00, 0x00, 0x00, 0x48, 0x8b, 0x40, 0x30, 0x48, 0x39, 0xc8, 0x0f, 0x84,
    0x1d, 0xfe, 0xff, 0xff, 0x48, 0x89, 0xf1, 0xff, 0xd0, 0x0f, 0xbe, 0xd0,
    0xe9, 0x10, 0xfe, 0xff, 0xff, 0x48, 0x8d, 0x0d, 0x78, 0x63, 0xb0, 0x00,
    0xe8, 0xf3, 0xff, 0x97, 0x00, 0x85, 0xc0, 0x0f, 0x84, 0x58, 0xfd, 0xff,
    0xff, 0x48, 0x8d, 0x0d, 0x6c, 0x63, 0xb0, 0x00, 0x31, 0xd2, 0xe8, 0x05,
    0x69, 0x62, 0x00, 0x48, 0x8d, 0x0d, 0x56, 0x63, 0xb0, 0x00, 0xe8, 0x11,
    0x01, 0x98, 0x00, 0x48, 0x8d, 0x0d, 0xda, 0xfa, 0xff, 0xff, 0xe8, 0x85,
    0x4a, 0x61, 0x00, 0xe9, 0x2d, 0xfd, 0xff, 0xff, 0x48, 0x8b, 0x4c, 0x24,
    0x60, 0x48, 0x85, 0xc9, 0x0f, 0x84, 0xde, 0xfd, 0xff, 0xff, 0xe8, 0xc5,
    0x68, 0x62, 0x00, 0xe9, 0xd4, 0xfd, 0xff, 0xff, 0x89, 0xc1, 0xe8, 0xf1,
    0x1d, 0x96, 0x00, 0xe8, 0x4c, 0xf9, 0x95, 0x00, 0x80, 0x7c, 0x24, 0x68,
    0x00, 0x48, 0x89, 0xc3, 0x74, 0x0a, 0x48, 0x8d, 0x4c, 0x24, 0x60, 0xe8,
    0x98, 0xd3, 0x85, 0x00, 0x48, 0x89, 0xd9, 0xe8, 0x60, 0x64, 0x61, 0x00,
    0x48, 0x89, 0xc5, 0x48, 0x8b, 0x4c, 0x24, 0x60, 0x48, 0x83, 0xc6, 0x10,
    0x48, 0x39, 0xf1, 0x74, 0x05, 0xe8, 0x7a, 0xf6, 0x97, 0x00, 0x48, 0x89,
    0xe9, 0xe8, 0x42, 0x64, 0x61, 0x00, 0x48, 0x8b, 0x4c, 0x24, 0x20, 0x48,
    0x83, 0xc7, 0x10, 0x48, 0x89, 0xc5, 0x48, 0x39, 0xf9, 0x74, 0x05, 0xe8,
    0x5c, 0xf6, 0x97, 0x00, 0x48, 0x8b, 0x4c, 0x24, 0x40, 0x48, 0x83, 0xc3,
    0x10, 0x48, 0x39, 0xd9, 0x74, 0xc1, 0xe8, 0x49, 0xf6, 0x97, 0x00, 0xeb,
    0xba,
};

// 0x18e70  1312 bytes  export GetMark (ordinals 250,251)
// status: comment_only  -- call to 0x1BF40 outside the block; call to 0x51D0D0 outside the block; call to 0x60A620 outside the block; call to 0x62D860 outside the block (+17 more)
// sha256: c34692b180e81cfeda3370bb30ac472a02089b6ad06f16eb5f69bbc19928792a
alignas(16) const unsigned char kBytes_18e70[1312] = {
    0x41, 0x57, 0x41, 0x56, 0x41, 0x55, 0x41, 0x54, 0x55, 0x57, 0x56, 0x53,
    0x48, 0x81, 0xec, 0x88, 0x00, 0x00, 0x00, 0x0f, 0xb6, 0x05, 0x96, 0x62,
    0xb0, 0x00, 0x84, 0xc0, 0x49, 0x89, 0xcd, 0x41, 0x89, 0xd7, 0x4c, 0x89,
    0xc5, 0x4d, 0x89, 0xcc, 0x0f, 0x84, 0x32, 0x04, 0x00, 0x00, 0x48, 0x8d,
    0x0d, 0x83, 0x62, 0xb0, 0x00, 0xc6, 0x44, 0x24, 0x68, 0x00, 0x48, 0x89,
    0x4c, 0x24, 0x60, 0xe8, 0x0c, 0x68, 0x62, 0x00, 0x85, 0xc0, 0x0f, 0x85,
    0x6c, 0x04, 0x00, 0x00, 0xc6, 0x44, 0x24, 0x68, 0x01, 0xe8, 0x7a, 0x30,
    0x00, 0x00, 0x48, 0x85, 0xc0, 0x48, 0x89, 0xc3, 0x0f, 0x84, 0xa0, 0x00,
    0x00, 0x00, 0x41, 0xb8, 0x03, 0x00, 0x00, 0x00, 0x48, 0x89, 0xc1, 0x48,
    0x8d, 0x15, 0x5e, 0x4c, 0x99, 0x00, 0xe8, 0x29, 0xf1, 0x95, 0x00, 0x41,
    0xb8, 0x07, 0x00, 0x00, 0x00, 0x48, 0x89, 0xd9, 0x48, 0x8d, 0x15, 0x6c,
    0x4c, 0x99, 0x00, 0xe8, 0x14, 0xf1, 0x95, 0x00, 0x41, 0xb8, 0x01, 0x00,
    0x00, 0x00, 0x48, 0x89, 0xd9, 0x48, 0x8d, 0x15, 0x44, 0x4c, 0x99, 0x00,
    0xe8, 0xff, 0xf0, 0x95, 0x00, 0x4c, 0x89, 0xea, 0x48, 0x89, 0xd9, 0xe8,
    0x74, 0xf5, 0x84, 0x00, 0x41, 0xb8, 0x01, 0x00, 0x00, 0x00, 0x48, 0x89,
    0xd9, 0x48, 0x8d, 0x15, 0x24, 0x4c, 0x99, 0x00, 0xe8, 0xdf, 0xf0, 0x95,
    0x00, 0x44, 0x89, 0xfa, 0x48, 0x89, 0xd9, 0xe8, 0x34, 0x00, 0x85, 0x00,
    0x48, 0x8b, 0x03, 0x48, 0x8b, 0x40, 0xe8, 0x48, 0x8b, 0xb4, 0x03, 0xf0,
    0x00, 0x00, 0x00, 0x48, 0x85, 0xf6, 0x0f, 0x84, 0xdb, 0x03, 0x00, 0x00,
    0x80, 0x7e, 0x38, 0x00, 0x0f, 0x84, 0xe2, 0x01, 0x00, 0x00, 0x0f, 0xbe,
    0x56, 0x43, 0x48, 0x89, 0xd9, 0xe8, 0x86, 0xec, 0x84, 0x00, 0x48, 0x89,
    0xc1, 0xe8, 0x7e, 0xee, 0x84, 0x00, 0x80, 0x7c, 0x24, 0x68, 0x00, 0x0f,
    0x85, 0x93, 0x03, 0x00, 0x00, 0x4d, 0x85, 0xed, 0x0f, 0x84, 0xeb, 0x01,
    0x00, 0x00, 0x49, 0x8b, 0x4d, 0x08, 0x48, 0x85, 0xc9, 0x0f, 0x84, 0xde,
    0x01, 0x00, 0x00, 0xe8, 0x38, 0x41, 0x50, 0x00, 0x44, 0x89, 0xfb, 0x49,
    0x89, 0xc5, 0x48, 0x8b, 0x00, 0x49, 0x8b, 0x55, 0x08, 0x48, 0x29, 0xc2,
    0x48, 0xc1, 0xfa, 0x04, 0x48, 0x39, 0xd3, 0x0f, 0x82, 0x5a, 0x01, 0x00,
    0x00, 0x48, 0x8d, 0x7c, 0x24, 0x40, 0x45, 0x31, 0xc0, 0x48, 0xc7, 0x44,
    0x24, 0x40, 0x2f, 0x00, 0x00, 0x00, 0x48, 0x8d, 0x74, 0x24, 0x60, 0x48,
    0x89, 0xfa, 0x48, 0x8d, 0x46, 0x10, 0x48, 0x89, 0xf1, 0x48, 0x89, 0x44,
    0x24, 0x60, 0x4c, 0x8d, 0x74, 0x24, 0x20, 0xe8, 0xbc, 0x7b, 0x8f, 0x00,
    0x48, 0x8b, 0x54, 0x24, 0x40, 0x49, 0x89, 0xf1, 0x49, 0x89, 0xf8, 0x48,
    0x89, 0x44, 0x24, 0x60, 0xb9, 0x61, 0x72, 0x00, 0x00, 0x48, 0x89, 0x54,
    0x24, 0x70, 0x48, 0xba, 0x6d, 0x61, 0x72, 0x6b, 0x5f, 0x6e, 0x75, 0x6d,
    0x48, 0x89, 0x10, 0x48, 0xba, 0x62, 0x65, 0x72, 0x20, 0x3c, 0x20, 0x6d,
    0x61, 0x48, 0x89, 0x50, 0x08, 0x48, 0xba, 0x72, 0x6b, 0x73, 0x2e, 0x73,
    0x69, 0x7a, 0x65, 0x48, 0x89, 0x50, 0x10, 0x48, 0xba, 0x28, 0x29, 0x20,
    0x26, 0x26, 0x20, 0x22, 0x62, 0x48, 0x89, 0x50, 0x18, 0x48, 0xba, 0x61,
    0x64, 0x20, 0x6d, 0x61, 0x72, 0x6b, 0x5f, 0x48, 0x89, 0x50, 0x20, 0xba,
    0x65, 0x72, 0x00, 0x00, 0xc7, 0x40, 0x28, 0x6e, 0x75, 0x6d, 0x62, 0x66,
    0x89, 0x50, 0x2c, 0xc6, 0x40, 0x2e, 0x22, 0x48, 0x8b, 0x44, 0x24, 0x40,
    0x48, 0x8b, 0x54, 0x24, 0x60, 0x48, 0x89, 0x44, 0x24, 0x68, 0xc6, 0x04,
    0x02, 0x00, 0x48, 0x8d, 0x47, 0x10, 0x48, 0xba, 0x43, 0x4e, 0x53, 0x5f,
    0x47, 0x65, 0x74, 0x4d, 0x48, 0x89, 0x44, 0x24, 0x40, 0x49, 0x8d, 0x46,
    0x10, 0x48, 0x89, 0x54, 0x24, 0x50, 0x48, 0xba, 0x63, 0x6e, 0x73, 0x5f,
    0x6d, 0x61, 0x72, 0x6b, 0x66, 0x89, 0x4f, 0x18, 0x4c, 0x89, 0xf1, 0xc6,
    0x47, 0x1a, 0x6b, 0x48, 0x89, 0x54, 0x24, 0x30, 0xba, 0x1c, 0x00, 0x00,
    0x00, 0x48, 0x89, 0x44, 0x24, 0x20, 0xc7, 0x40, 0x08, 0x2e, 0x63, 0x70,
    0x70, 0x48, 0xc7, 0x44, 0x24, 0x48, 0x0b, 0x00, 0x00, 0x00, 0xc6, 0x44,
    0x24, 0x5b, 0x00, 0x48, 0xc7, 0x44, 0x24, 0x28, 0x0c, 0x00, 0x00, 0x00,
    0xc6, 0x44, 0x24, 0x3c, 0x00, 0xe8, 0x4e, 0x15, 0x5f, 0x00, 0x48, 0x8b,
    0x4c, 0x24, 0x20, 0x49, 0x83, 0xc6, 0x10, 0x4c, 0x39, 0xf1, 0x74, 0x05,
    0xe8, 0xcb, 0xf3, 0x97, 0x00, 0x48, 0x8b, 0x4c, 0x24, 0x40, 0x48, 0x83,
    0xc7, 0x10, 0x48, 0x39, 0xf9, 0x74, 0x05, 0xe8, 0xb8, 0xf3, 0x97, 0x00,
    0x48, 0x8b, 0x4c, 0x24, 0x60, 0x48, 0x83, 0xc6, 0x10, 0x48, 0x39, 0xf1,
    0x74, 0x05, 0xe8, 0xa5, 0xf3, 0x97, 0x00, 0x49, 0x8b, 0x45, 0x00, 0x48,
    0xc1, 0xe3, 0x04, 0x48, 0x01, 0xd8, 0xf2, 0x0f, 0x10, 0x00, 0xf2, 0x0f,
    0x11, 0x45, 0x00, 0xf2, 0x0f, 0x10, 0x40, 0x08, 0xf2, 0x41, 0x0f, 0x11,
    0x04, 0x24, 0x48, 0x81, 0xc4, 0x88, 0x00, 0x00, 0x00, 0x5b, 0x5e, 0x5f,
    0x5d, 0x41, 0x5c, 0x41, 0x5d, 0x41, 0x5e, 0x41, 0x5f, 0xc3, 0x66, 0x90,
    0x48, 0x89, 0xf1, 0xe8, 0x98, 0xd3, 0x80, 0x00, 0x48, 0x8b, 0x06, 0x48,
    0x8d, 0x0d, 0xce, 0xd5, 0x80, 0x00, 0xba, 0x0a, 0x00, 0x00, 0x00, 0x48,
    0x8b, 0x40, 0x30, 0x48, 0x39, 0xc8, 0x0f, 0x84, 0xfe, 0xfd, 0xff, 0xff,
    0x48, 0x89, 0xf1, 0xff, 0xd0, 0x0f, 0xbe, 0xd0, 0xe9, 0xf1, 0xfd, 0xff,
    0xff, 0x48, 0x8d, 0x7c, 0x24, 0x40, 0x45, 0x31, 0xc0, 0x48, 0xc7, 0x44,
    0x24, 0x40, 0x30, 0x00, 0x00, 0x00, 0x48, 0xbb, 0x6e, 0x65, 0x73, 0x74,
    0x69, 0x6e, 0x67, 0x20, 0x48, 0x8d, 0x74, 0x24, 0x60, 0x48, 0x89, 0xfa,
    0x48, 0x8d, 0x46, 0x10, 0x48, 0x89, 0xf1, 0x48, 0x89, 0x44, 0x24, 0x60,
    0x4c, 0x8d, 0x74, 0x24, 0x20, 0xe8, 0xf6, 0x79, 0x8f, 0x00, 0x48, 0x8b,
    0x54, 0x24, 0x40, 0x49, 0x89, 0xf1, 0x4c, 0x89, 0xf1, 0x48, 0x89, 0x44,
    0x24, 0x60, 0x41, 0xb8, 0x61, 0x72, 0x00, 0x00, 0x48, 0x89, 0x54, 0x24,
    0x70, 0x48, 0x89, 0x18, 0x48, 0xbb, 0x26, 0x26, 0x20, 0x6e, 0x65, 0x73,
    0x74, 0x69, 0x48, 0x89, 0x58, 0x08, 0x48, 0xbb, 0x6e, 0x67, 0x2d, 0x3e,
    0x6e, 0x65, 0x73, 0x74, 0x48, 0x89, 0x58, 0x10, 0x48, 0xbb, 0x69, 0x6e,
    0x67, 0x20, 0x26, 0x26, 0x20, 0x22, 0x48, 0x89, 0x58, 0x18, 0x48, 0xbb,
    0x69, 0x6e, 0x76, 0x61, 0x6c, 0x69, 0x64, 0x20, 0x48, 0x89, 0x58, 0x20,
    0x48, 0xbb, 0x6e, 0x65, 0x73, 0x74, 0x69, 0x6e, 0x67, 0x22, 0x48, 0x89,
    0x58, 0x28, 0x48, 0x8b, 0x44, 0x24, 0x40, 0x48, 0xbb, 0x43, 0x4e, 0x53,
    0x5f, 0x47, 0x65, 0x74, 0x4d, 0x48, 0x8b, 0x54, 0x24, 0x60, 0x48, 0x89,
    0x44, 0x24, 0x68, 0xc6, 0x04, 0x02, 0x00, 0x48, 0x8d, 0x47, 0x10, 0xba,
    0x1a, 0x00, 0x00, 0x00, 0x48, 0x89, 0x44, 0x24, 0x40, 0x49, 0x8d, 0x46,
    0x10, 0x48, 0x89, 0x5c, 0x24, 0x50, 0x48, 0xbb, 0x63, 0x6e, 0x73, 0x5f,
    0x6d, 0x61, 0x72, 0x6b, 0x66, 0x44, 0x89, 0x47, 0x18, 0x49, 0x89, 0xf8,
    0xc6, 0x47, 0x1a, 0x6b, 0x48, 0x89, 0x44, 0x24, 0x20, 0x48, 0x89, 0x5c,
    0x24, 0x30, 0xc7, 0x40, 0x08, 0x2e, 0x63, 0x70, 0x70, 0x48, 0xc7, 0x44,
    0x24, 0x48, 0x0b, 0x00, 0x00, 0x00, 0xc6, 0x44, 0x24, 0x5b, 0x00, 0x48,
    0xc7, 0x44, 0x24, 0x28, 0x0c, 0x00, 0x00, 0x00, 0xc6, 0x44, 0x24, 0x3c,
    0x00, 0xe8, 0x96, 0x13, 0x5f, 0x00, 0x48, 0x8b, 0x4c, 0x24, 0x20, 0x49,
    0x83, 0xc6, 0x10, 0x4c, 0x39, 0xf1, 0x74, 0x05, 0xe8, 0x13, 0xf2, 0x97,
    0x00, 0x48, 0x8b, 0x4c, 0x24, 0x40, 0x48, 0x83, 0xc7, 0x10, 0x48, 0x39,
    0xf9, 0x74, 0x05, 0xe8, 0x00, 0xf2, 0x97, 0x00, 0x48, 0x8b, 0x4c, 0x24,
    0x60, 0x48, 0x83, 0xc6, 0x10, 0x48, 0x39, 0xf1, 0x74, 0x05, 0xe8, 0xed,
    0xf1, 0x97, 0x00, 0x49, 0x8b, 0x4d, 0x08, 0xe9, 0xc7, 0xfc, 0xff, 0xff,
    0x0f, 0x1f, 0x40, 0x00, 0x48, 0x8d, 0x0d, 0x49, 0x5e, 0xb0, 0x00, 0xe8,
    0xc4, 0xfa, 0x97, 0x00, 0x85, 0xc0, 0x0f, 0x84, 0xba, 0xfb, 0xff, 0xff,
    0x48, 0x8d, 0x0d, 0x3d, 0x5e, 0xb0, 0x00, 0x31, 0xd2, 0xe8, 0xd6, 0x63,
    0x62, 0x00, 0x48, 0x8d, 0x0d, 0x27, 0x5e, 0xb0, 0x00, 0xe8, 0xe2, 0xfb,
    0x97, 0x00, 0x48, 0x8d, 0x0d, 0xab, 0xf5, 0xff, 0xff, 0xe8, 0x56, 0x45,
    0x61, 0x00, 0xe9, 0x8f, 0xfb, 0xff, 0xff, 0x90, 0x48, 0x8b, 0x4c, 0x24,
    0x60, 0x48, 0x85, 0xc9, 0x0f, 0x84, 0x5f, 0xfc, 0xff, 0xff, 0xe8, 0x95,
    0x63, 0x62, 0x00, 0xe9, 0x55, 0xfc, 0xff, 0xff, 0x89, 0xc1, 0xe8, 0xc1,
    0x18, 0x96, 0x00, 0xe8, 0x1c, 0xf4, 0x95, 0x00, 0x80, 0x7c, 0x24, 0x68,
    0x00, 0x48, 0x89, 0xc3, 0x74, 0x0a, 0x48, 0x8d, 0x4c, 0x24, 0x60, 0xe8,
    0x68, 0xce, 0x85, 0x00, 0x48, 0x89, 0xd9, 0xe8, 0x30, 0x5f, 0x61, 0x00,
    0x48, 0x8b, 0x4c, 0x24, 0x20, 0x49, 0x83, 0xc6, 0x10, 0x48, 0x89, 0xc3,
    0x4c, 0x39, 0xf1, 0x74, 0x05, 0xe8, 0x4a, 0xf1, 0x97, 0x00, 0x48, 0x8b,
    0x4c, 0x24, 0x40, 0x48, 0x83, 0xc7, 0x10, 0x48, 0x39, 0xf9, 0x74, 0x05,
    0xe8, 0x37, 0xf1, 0x97, 0x00, 0x48, 0x8b, 0x4c, 0x24, 0x60, 0x48, 0x83,
    0xc6, 0x10, 0x48, 0x39, 0xf1, 0x74, 0xc1, 0xe8, 0x24, 0xf1, 0x97, 0x00,
    0xeb, 0xba, 0xeb, 0xc0,
};

// 0xb540  177 bytes  export AsyncCancelAllComputationsAndDeleteLaunchingOrder (ordinals 252,253)
// status: comment_only  -- call to 0x62F280 outside the block; call to 0x64AEA0 outside the block; call to 0x8AB0A0 outside the block; call to 0x8AB160 outside the block (+2 more)
// sha256: 54f8c396562420cb3d7f47a3e361d482b5a24d9508928d7f1fe7c19404fe7fb8
alignas(16) const unsigned char kBytes_b540[177] = {
    0x53, 0x48, 0x83, 0xec, 0x40, 0x48, 0x89, 0xcb, 0x48, 0x8d, 0x0d, 0xd1,
    0x14, 0x9a, 0x00, 0xe8, 0x4c, 0xf9, 0x63, 0x00, 0xb9, 0x18, 0x00, 0x00,
    0x00, 0x48, 0xc7, 0x44, 0x24, 0x20, 0x00, 0x00, 0x00, 0x00, 0xe8, 0x99,
    0xcf, 0x98, 0x00, 0x48, 0x8d, 0x15, 0x32, 0x8d, 0xa4, 0x00, 0x45, 0x31,
    0xc0, 0x48, 0x89, 0x10, 0x48, 0x8d, 0x15, 0xc5, 0x71, 0x00, 0x00, 0x48,
    0x89, 0x58, 0x08, 0x48, 0x8d, 0x5c, 0x24, 0x20, 0x48, 0x89, 0x50, 0x10,
    0x48, 0x8d, 0x54, 0x24, 0x30, 0x48, 0x89, 0xd9, 0x48, 0x89, 0x44, 0x24,
    0x30, 0xe8, 0x06, 0xfb, 0x89, 0x00, 0x48, 0x8b, 0x4c, 0x24, 0x30, 0x48,
    0x85, 0xc9, 0x74, 0x06, 0x48, 0x8b, 0x01, 0xff, 0x50, 0x08, 0x48, 0x89,
    0xd9, 0xe8, 0xae, 0xfb, 0x89, 0x00, 0x48, 0x83, 0x7c, 0x24, 0x20, 0x00,
    0x75, 0x06, 0x48, 0x83, 0xc4, 0x40, 0x5b, 0xc3, 0xe8, 0xbb, 0x58, 0x98,
    0x00, 0x48, 0x83, 0x7c, 0x24, 0x20, 0x00, 0x75, 0xf3, 0x48, 0x89, 0xc1,
    0xe8, 0xab, 0x3c, 0x62, 0x00, 0x48, 0x8b, 0x4c, 0x24, 0x30, 0x48, 0x89,
    0xc3, 0x48, 0x85, 0xc9, 0x74, 0x06, 0x48, 0x8b, 0x01, 0xff, 0x50, 0x08,
    0x48, 0x89, 0xd9, 0xe8, 0x90, 0x3c, 0x62, 0x00, 0x90,
};

// 0x17520  3027 bytes  export AddRotatedPartVariantToPart (ordinals 254,255)
// status: comment_only  -- call to 0x5C3F00 outside the block; call to 0x5C4C60 outside the block; call to 0x5CE2A0 outside the block; call to 0x5CE2D0 outside the block (+16 more)
// sha256: 2409cb6cd30fa88cdbf539240c3ad59e0308a0fec65534cfe413f5d5b1561927
alignas(16) const unsigned char kBytes_17520[3027] = {
    0x41, 0x57, 0x41, 0x56, 0x41, 0x55, 0x41, 0x54, 0x55, 0x57, 0x56, 0x53,
    0x48, 0x81, 0xec, 0xf8, 0x00, 0x00, 0x00, 0x0f, 0x29, 0xb4, 0x24, 0xe0,
    0x00, 0x00, 0x00, 0x41, 0x89, 0xd0, 0x89, 0x94, 0x24, 0x48, 0x01, 0x00,
    0x00, 0x66, 0x0f, 0x28, 0xda, 0x48, 0x89, 0xca, 0x48, 0x89, 0xcd, 0x66,
    0x0f, 0x28, 0xf2, 0x48, 0x8d, 0x0d, 0x83, 0x65, 0x99, 0x00, 0xe8, 0x31,
    0x58, 0x63, 0x00, 0xb9, 0x10, 0x02, 0x00, 0x00, 0xe8, 0x97, 0x0f, 0x98,
    0x00, 0xba, 0x01, 0x00, 0x00, 0x00, 0xf2, 0x0f, 0x10, 0x0d, 0xa2, 0x65,
    0x99, 0x00, 0x48, 0x89, 0xc3, 0xc7, 0x00, 0x00, 0x00, 0x00, 0x00, 0xc7,
    0x40, 0x04, 0x00, 0x00, 0x00, 0x00, 0x48, 0x8d, 0x80, 0x80, 0x00, 0x00,
    0x00, 0xc7, 0x40, 0x88, 0x00, 0x00, 0x00, 0x00, 0x48, 0x8d, 0x8b, 0x88,
    0x01, 0x00, 0x00, 0xf2, 0x0f, 0x11, 0x48, 0x90, 0xc7, 0x40, 0x98, 0x00,
    0x00, 0x00, 0x00, 0xc6, 0x40, 0x9c, 0x01, 0xc6, 0x40, 0xa0, 0x00, 0x48,
    0xc7, 0x40, 0xd0, 0x00, 0x00, 0x00, 0x00, 0x48, 0xc7, 0x40, 0xd8, 0x00,
    0x00, 0x00, 0x00, 0x48, 0xc7, 0x40, 0xe0, 0x00, 0x00, 0x00, 0x00, 0x48,
    0xc7, 0x40, 0xe8, 0x00, 0x00, 0x00, 0x00, 0x48, 0xc7, 0x40, 0xf0, 0x00,
    0x00, 0x00, 0x00, 0x48, 0xc7, 0x40, 0xf8, 0x00, 0x00, 0x00, 0x00, 0x48,
    0x89, 0x44, 0x24, 0x28, 0x48, 0x8d, 0x83, 0xd0, 0x00, 0x00, 0x00, 0x48,
    0x89, 0x83, 0xe0, 0x00, 0x00, 0x00, 0x48, 0x89, 0x83, 0xe8, 0x00, 0x00,
    0x00, 0x48, 0x8d, 0x83, 0x00, 0x01, 0x00, 0x00, 0x48, 0xc7, 0x83, 0x80,
    0x00, 0x00, 0x00, 0x00, 0x00, 0x00, 0x00, 0x48, 0xc7, 0x83, 0x88, 0x00,
    0x00, 0x00, 0x00, 0x00, 0x00, 0x00, 0x48, 0xc7, 0x83, 0x90, 0x00, 0x00,
    0x00, 0x00, 0x00, 0x00, 0x00, 0x48, 0xc7, 0x83, 0x98, 0x00, 0x00, 0x00,
    0x00, 0x00, 0x00, 0x00, 0x48, 0xc7, 0x83, 0xa0, 0x00, 0x00, 0x00, 0x00,
    0x00, 0x00, 0x00, 0x48, 0xc7, 0x83, 0xa8, 0x00, 0x00, 0x00, 0x00, 0x00,
    0x00, 0x00, 0x48, 0xc7, 0x83, 0xb0, 0x00, 0x00, 0x00, 0x00, 0x00, 0x00,
    0x00, 0x48, 0xc7, 0x83, 0xb8, 0x00, 0x00, 0x00, 0x00, 0x00, 0x00, 0x00,
    0x48, 0xc7, 0x83, 0xc0, 0x00, 0x00, 0x00, 0x00, 0x00, 0x00, 0x00, 0xc7,
    0x83, 0xd0, 0x00, 0x00, 0x00, 0x00, 0x00, 0x00, 0x00, 0x48, 0xc7, 0x83,
    0xd8, 0x00, 0x00, 0x00, 0x00, 0x00, 0x00, 0x00, 0x48, 0xc7, 0x83, 0xf0,
    0x00, 0x00, 0x00, 0x00, 0x00, 0x00, 0x00, 0xc7, 0x83, 0x00, 0x01, 0x00,
    0x00, 0x00, 0x00, 0x00, 0x00, 0x48, 0xc7, 0x83, 0x08, 0x01, 0x00, 0x00,
    0x00, 0x00, 0x00, 0x00, 0x48, 0xc7, 0x83, 0x20, 0x01, 0x00, 0x00, 0x00,
    0x00, 0x00, 0x00, 0x48, 0x89, 0x83, 0x10, 0x01, 0x00, 0x00, 0x48, 0x89,
    0x83, 0x18, 0x01, 0x00, 0x00, 0x48, 0x8d, 0x83, 0x30, 0x01, 0x00, 0x00,
    0x48, 0x89, 0x83, 0x40, 0x01, 0x00, 0x00, 0x48, 0x89, 0x83, 0x48, 0x01,
    0x00, 0x00, 0x48, 0x8d, 0x83, 0x60, 0x01, 0x00, 0x00, 0xc7, 0x83, 0x30,
    0x01, 0x00, 0x00, 0x00, 0x00, 0x00, 0x00, 0x48, 0xc7, 0x83, 0x38, 0x01,
    0x00, 0x00, 0x00, 0x00, 0x00, 0x00, 0x48, 0xc7, 0x83, 0x50, 0x01, 0x00,
    0x00, 0x00, 0x00, 0x00, 0x00, 0xc7, 0x83, 0x60, 0x01, 0x00, 0x00, 0x00,
    0x00, 0x00, 0x00, 0x48, 0xc7, 0x83, 0x68, 0x01, 0x00, 0x00, 0x00, 0x00,
    0x00, 0x00, 0x48, 0xc7, 0x83, 0x80, 0x01, 0x00, 0x00, 0x00, 0x00, 0x00,
    0x00, 0x48, 0x89, 0x83, 0x70, 0x01, 0x00, 0x00, 0x48, 0x89, 0x83, 0x78,
    0x01, 0x00, 0x00, 0xe8, 0xe0, 0xc7, 0x5a, 0x00, 0x48, 0x8d, 0x83, 0xc8,
    0x01, 0x00, 0x00, 0x48, 0xc7, 0x83, 0xa0, 0x01, 0x00, 0x00, 0x00, 0x00,
    0x00, 0x00, 0x48, 0x89, 0x83, 0xb8, 0x01, 0x00, 0x00, 0x48, 0x8b, 0x85,
    0xe0, 0x01, 0x00, 0x00, 0x48, 0x3b, 0x85, 0xe8, 0x01, 0x00, 0x00, 0x48,
    0xc7, 0x83, 0xa8, 0x01, 0x00, 0x00, 0x00, 0x00, 0x00, 0x00, 0x48, 0xc7,
    0x83, 0xb0, 0x01, 0x00, 0x00, 0x00, 0x00, 0x00, 0x00, 0x48, 0xc7, 0x83,
    0xc0, 0x01, 0x00, 0x00, 0x00, 0x00, 0x00, 0x00, 0xc6, 0x83, 0xc8, 0x01,
    0x00, 0x00, 0x00, 0x48, 0xc7, 0x83, 0xd8, 0x01, 0x00, 0x00, 0x00, 0x00,
    0x00, 0x00, 0x48, 0xc7, 0x83, 0xe0, 0x01, 0x00, 0x00, 0x00, 0x00, 0x00,
    0x00, 0x48, 0xc7, 0x83, 0xe8, 0x01, 0x00, 0x00, 0x00, 0x00, 0x00, 0x00,
    0x48, 0xc7, 0x83, 0xf0, 0x01, 0x00, 0x00, 0x00, 0x00, 0x00, 0x00, 0x48,
    0xc7, 0x83, 0xf8, 0x01, 0x00, 0x00, 0x00, 0x00, 0x00, 0x00, 0x48, 0xc7,
    0x83, 0x00, 0x02, 0x00, 0x00, 0x00, 0x00, 0x00, 0x00, 0xc6, 0x83, 0x08,
    0x02, 0x00, 0x00, 0x01, 0xc6, 0x83, 0x09, 0x02, 0x00, 0x00, 0x00, 0xc6,
    0x83, 0x0a, 0x02, 0x00, 0x00, 0x00, 0xc6, 0x83, 0x0b, 0x02, 0x00, 0x00,
    0x00, 0x48, 0x89, 0x9c, 0x24, 0xb0, 0x00, 0x00, 0x00, 0x0f, 0x84, 0x22,
    0x08, 0x00, 0x00, 0x48, 0x85, 0xc0, 0x0f, 0x84, 0xe1, 0x07, 0x00, 0x00,
    0x48, 0xc7, 0x84, 0x24, 0xb0, 0x00, 0x00, 0x00, 0x00, 0x00, 0x00, 0x00,
    0x48, 0x89, 0x18, 0x48, 0x8b, 0xbc, 0x24, 0xb0, 0x00, 0x00, 0x00, 0x48,
    0x83, 0xc0, 0x08, 0x48, 0x89, 0x85, 0xe0, 0x01, 0x00, 0x00, 0x48, 0x8d,
    0x84, 0x24, 0xb0, 0x00, 0x00, 0x00, 0x48, 0x89, 0x44, 0x24, 0x20, 0x48,
    0x85, 0xff, 0x0f, 0x84, 0x77, 0x03, 0x00, 0x00, 0x48, 0x8b, 0x8f, 0xf0,
    0x01, 0x00, 0x00, 0x48, 0x85, 0xc9, 0x74, 0x05, 0xe8, 0x83, 0x0c, 0x98,
    0x00, 0x4c, 0x8b, 0xaf, 0xe0, 0x01, 0x00, 0x00, 0x48, 0x8b, 0xb7, 0xd8,
    0x01, 0x00, 0x00, 0x49, 0x39, 0xf5, 0x74, 0x18, 0x48, 0x89, 0xf1, 0x48,
    0x83, 0xc6, 0x08, 0xe8, 0x14, 0x91, 0x85, 0x00, 0x49, 0x39, 0xf5, 0x75,
    0xef, 0x48, 0x8b, 0xb7, 0xd8, 0x01, 0x00, 0x00, 0x48, 0x85, 0xf6, 0x74,
    0x08, 0x48, 0x89, 0xf1, 0xe8, 0x4b, 0x0c, 0x98, 0x00, 0x48, 0x8b, 0x8f,
    0xb8, 0x01, 0x00, 0x00, 0x48, 0x8d, 0x87, 0xc8, 0x01, 0x00, 0x00, 0x48,
    0x39, 0xc1, 0x74, 0x05, 0xe8, 0x33, 0x0c, 0x98, 0x00, 0x48, 0x8b, 0x8f,
    0xa0, 0x01, 0x00, 0x00, 0x48, 0x85, 0xc9, 0x74, 0x05, 0xe8, 0x22, 0x0c,
    0x98, 0x00, 0x48, 0x8b, 0x8f, 0x88, 0x01, 0x00, 0x00, 0x48, 0x85, 0xc9,
    0x74, 0x05, 0xe8, 0x11, 0x0c, 0x98, 0x00, 0x4c, 0x8b, 0xaf, 0x68, 0x01,
    0x00, 0x00, 0x4c, 0x8d, 0xbf, 0x58, 0x01, 0x00, 0x00, 0x4d, 0x85, 0xed,
    0x74, 0x55, 0x49, 0x8b, 0x55, 0x18, 0x4c, 0x89, 0xf9, 0xe8, 0xf2, 0x6e,
    0x92, 0x00, 0x4d, 0x8b, 0x65, 0x30, 0x49, 0x8b, 0x75, 0x28, 0x4d, 0x8b,
    0x75, 0x10, 0x49, 0x39, 0xf4, 0x74, 0x1b, 0x90, 0x48, 0x8b, 0x0e, 0x48,
    0x85, 0xc9, 0x74, 0x05, 0xe8, 0xd3, 0x0b, 0x98, 0x00, 0x48, 0x83, 0xc6,
    0x18, 0x49, 0x39, 0xf4, 0x75, 0xea, 0x49, 0x8b, 0x75, 0x28, 0x48, 0x85,
    0xf6, 0x74, 0x08, 0x48, 0x89, 0xf1, 0xe8, 0xb9, 0x0b, 0x98, 0x00, 0x4c,
    0x89, 0xe9, 0x4d, 0x89, 0xf5, 0xe8, 0xae, 0x0b, 0x98, 0x00, 0x4d, 0x85,
    0xf6, 0x75, 0xab, 0x4c, 0x8b, 0xaf, 0x38, 0x01, 0x00, 0x00, 0x4c, 0x8d,
    0xbf, 0x28, 0x01, 0x00, 0x00, 0x4d, 0x85, 0xed, 0x74, 0x5d, 0x66, 0x0f,
    0x1f, 0x44, 0x00, 0x00, 0x49, 0x8b, 0x55, 0x18, 0x4c, 0x89, 0xf9, 0xe8,
    0x84, 0x6e, 0x92, 0x00, 0x4d, 0x8b, 0x65, 0x30, 0x49, 0x8b, 0x75, 0x28,
    0x4d, 0x8b, 0x75, 0x10, 0x49, 0x39, 0xf4, 0x74, 0x1d, 0x0f, 0x1f, 0x00,
    0x48, 0x8b, 0x0e, 0x48, 0x85, 0xc9, 0x74, 0x05, 0xe8, 0x63, 0x0b, 0x98,
    0x00, 0x48, 0x83, 0xc6, 0x18, 0x49, 0x39, 0xf4, 0x75, 0xea, 0x49, 0x8b,
    0x75, 0x28, 0x48, 0x85, 0xf6, 0x74, 0x08, 0x48, 0x89, 0xf1, 0xe8, 0x49,
    0x0b, 0x98, 0x00, 0x4c, 0x89, 0xe9, 0x4d, 0x89, 0xf5, 0xe8, 0x3e, 0x0b,
    0x98, 0x00, 0x4d, 0x85, 0xf6, 0x75, 0xa9, 0x4c, 0x8b, 0xaf, 0x08, 0x01,
    0x00, 0x00, 0x4c, 0x8d, 0xbf, 0xf8, 0x00, 0x00, 0x00, 0x4d, 0x85, 0xed,
    0x74, 0x5d, 0x66, 0x0f, 0x1f, 0x44, 0x00, 0x00, 0x49, 0x8b, 0x55, 0x18,
    0x4c, 0x89, 0xf9, 0xe8, 0x14, 0x6e, 0x92, 0x00, 0x4d, 0x8b, 0x65, 0x30,
    0x49, 0x8b, 0x75, 0x28, 0x4d, 0x8b, 0x75, 0x10, 0x49, 0x39, 0xf4, 0x74,
    0x1d, 0x0f, 0x1f, 0x00, 0x48, 0x8b, 0x0e, 0x48, 0x85, 0xc9, 0x74, 0x05,
    0xe8, 0xf3, 0x0a, 0x98, 0x00, 0x48, 0x83, 0xc6, 0x18, 0x49, 0x39, 0xf4,
    0x75, 0xea, 0x49, 0x8b, 0x75, 0x28, 0x48, 0x85, 0xf6, 0x74, 0x08, 0x48,
    0x89, 0xf1, 0xe8, 0xd9, 0x0a, 0x98, 0x00, 0x4c, 0x89, 0xe9, 0x4d, 0x89,
    0xf5, 0xe8, 0xce, 0x0a, 0x98, 0x00, 0x4d, 0x85, 0xf6, 0x75, 0xa9, 0x4c,
    0x8b, 0xaf, 0xd8, 0x00, 0x00, 0x00, 0x4c, 0x8d, 0xbf, 0xc8, 0x00, 0x00,
    0x00, 0x4d, 0x85, 0xed, 0x74, 0x5d, 0x66, 0x0f, 0x1f, 0x44, 0x00, 0x00,
    0x49, 0x8b, 0x55, 0x18, 0x4c, 0x89, 0xf9, 0xe8, 0xa4, 0x6d, 0x92, 0x00,
    0x4d, 0x8b, 0x65, 0x30, 0x49, 0x8b, 0x75, 0x28, 0x4d, 0x8b, 0x75, 0x10,
    0x49, 0x39, 0xf4, 0x74, 0x1d, 0x0f, 0x1f, 0x00, 0x48, 0x8b, 0x0e, 0x48,
    0x85, 0xc9, 0x74, 0x05, 0xe8, 0x83, 0x0a, 0x98, 0x00, 0x48, 0x83, 0xc6,
    0x18, 0x49, 0x39, 0xf4, 0x75, 0xea, 0x49, 0x8b, 0x75, 0x28, 0x48, 0x85,
    0xf6, 0x74, 0x08, 0x48, 0x89, 0xf1, 0xe8, 0x69, 0x0a, 0x98, 0x00, 0x4c,
    0x89, 0xe9, 0x4d, 0x89, 0xf5, 0xe8, 0x5e, 0x0a, 0x98, 0x00, 0x4d, 0x85,
    0xf6, 0x75, 0xa9, 0x4c, 0x8b, 0xaf, 0xb8, 0x00, 0x00, 0x00, 0x48, 0x8b,
    0xb7, 0xb0, 0x00, 0x00, 0x00, 0x49, 0x39, 0xf5, 0x74, 0x23, 0x66, 0x0f,
    0x1f, 0x44, 0x00, 0x00, 0x48, 0x8b, 0x0e, 0x48, 0x85, 0xc9, 0x74, 0x05,
    0xe8, 0x33, 0x0a, 0x98, 0x00, 0x48, 0x83, 0xc6, 0x18, 0x49, 0x39, 0xf5,
    0x75, 0xea, 0x48, 0x8b, 0xb7, 0xb0, 0x00, 0x00, 0x00, 0x48, 0x85, 0xf6,
    0x74, 0x08, 0x48, 0x89, 0xf1, 0xe8, 0x16, 0x0a, 0x98, 0x00, 0x4c, 0x8b,
    0xaf, 0xa0, 0x00, 0x00, 0x00, 0x48, 0x8b, 0xb7, 0x98, 0x00, 0x00, 0x00,
    0x49, 0x39, 0xf5, 0x74, 0x20, 0x0f, 0x1f, 0x00, 0x48, 0x8b, 0x0e, 0x48,
    0x85, 0xc9, 0x74, 0x05, 0xe8, 0xf3, 0x09, 0x98, 0x00, 0x48, 0x83, 0xc6,
    0x18, 0x49, 0x39, 0xf5, 0x75, 0xea, 0x48, 0x8b, 0xb7, 0x98, 0x00, 0x00,
    0x00, 0x48, 0x85, 0xf6, 0x74, 0x08, 0x48, 0x89, 0xf1, 0xe8, 0xd6, 0x09,
    0x98, 0x00, 0x4c, 0x8b, 0xaf, 0x88, 0x00, 0x00, 0x00, 0x48, 0x8b, 0xb7,
    0x80, 0x00, 0x00, 0x00, 0x49, 0x39, 0xf5, 0x74, 0x21, 0x0f, 0x1f, 0x00,
    0x48, 0x8b, 0x4e, 0x18, 0x48, 0x85, 0xc9, 0x74, 0x05, 0xe8, 0xb2, 0x09,
    0x98, 0x00, 0x48, 0x83, 0xc6, 0x30, 0x49, 0x39, 0xf5, 0x75, 0xe9, 0x48,
    0x8b, 0xb7, 0x80, 0x00, 0x00, 0x00, 0x48, 0x85, 0xf6, 0x74, 0x08, 0x48,
    0x89, 0xf1, 0xe8, 0x95, 0x09, 0x98, 0x00, 0x4c, 0x8b, 0x6f, 0x70, 0x48,
    0x8b, 0x77, 0x68, 0x49, 0x39, 0xf5, 0x74, 0x22, 0x0f, 0x1f, 0x84, 0x00,
    0x00, 0x00, 0x00, 0x00, 0x48, 0x8b, 0x0e, 0x48, 0x85, 0xc9, 0x74, 0x05,
    0xe8, 0x73, 0x09, 0x98, 0x00, 0x48, 0x83, 0xc6, 0x18, 0x49, 0x39, 0xf5,
    0x75, 0xea, 0x48, 0x8b, 0x77, 0x68, 0x48, 0x85, 0xf6, 0x74, 0x08, 0x48,
    0x89, 0xf1, 0xe8, 0x59, 0x09, 0x98, 0x00, 0x4c, 0x8b, 0x6f, 0x58, 0x48,
    0x8b, 0x77, 0x50, 0x49, 0x39, 0xf5, 0x74, 0x1a, 0x48, 0x8b, 0x0e, 0x48,
    0x85, 0xc9, 0x74, 0x05, 0xe8, 0x3f, 0x09, 0x98, 0x00, 0x48, 0x83, 0xc6,
    0x18, 0x49, 0x39, 0xf5, 0x75, 0xea, 0x48, 0x8b, 0x77, 0x50, 0x48, 0x85,
    0xf6, 0x74, 0x08, 0x48, 0x89, 0xf1, 0xe8, 0x25, 0x09, 0x98, 0x00, 0x48,
    0x89, 0xf9, 0xe8, 0x1d, 0x09, 0x98, 0x00, 0xf2, 0x0f, 0x10, 0x05, 0x8d,
    0x5f, 0x99, 0x00, 0xf2, 0x0f, 0x5e, 0x35, 0x7d, 0x5f, 0x99, 0x00, 0xf2,
    0x0f, 0x59, 0xc6, 0xf2, 0x0f, 0x58, 0x05, 0x81, 0x5f, 0x99, 0x00, 0xe8,
    0x6c, 0x7e, 0x61, 0x00, 0x48, 0xba, 0x00, 0xa0, 0xb8, 0x30, 0x46, 0x03,
    0x00, 0x00, 0xf2, 0x48, 0x0f, 0x2c, 0xc0, 0x48, 0x85, 0xc0, 0x0f, 0x89,
    0x01, 0x04, 0x00, 0x00, 0x0f, 0x1f, 0x40, 0x00, 0x48, 0x01, 0xd0, 0x78,
    0xfb, 0x48, 0x8d, 0x74, 0x24, 0x40, 0x45, 0x31, 0xc0, 0x48, 0x89, 0x44,
    0x24, 0x30, 0x48, 0x8d, 0x54, 0x24, 0x30, 0x48, 0x89, 0xf1, 0xe8, 0x71,
    0xd0, 0x5a, 0x00, 0x48, 0x8b, 0x4c, 0x24, 0x20, 0x48, 0x89, 0xf2, 0x48,
    0x8d, 0xb4, 0x24, 0x80, 0x00, 0x00, 0x00, 0xe8, 0x4c, 0x72, 0x5b, 0x00,
    0x8b, 0x84, 0x24, 0x48, 0x01, 0x00, 0x00, 0x48, 0x89, 0xf1, 0x85, 0xc0,
    0x0f, 0x84, 0xa5, 0x03, 0x00, 0x00, 0xe8, 0xb5, 0x66, 0x5b, 0x00, 0x48,
    0x8b, 0x7c, 0x24, 0x20, 0x4c, 0x8d, 0x6c, 0x24, 0x50, 0x48, 0x89, 0xf2,
    0x4c, 0x89, 0xe9, 0x49, 0x89, 0xf8, 0xe8, 0x4d, 0x6e, 0x5b, 0x00, 0x48,
    0x8d, 0x55, 0x50, 0x48, 0x89, 0xf9, 0x4d, 0x89, 0xe8, 0xe8, 0x7e, 0x7e,
    0x5b, 0x00, 0x48, 0x8b, 0x84, 0x24, 0xb0, 0x00, 0x00, 0x00, 0x48, 0xc7,
    0x84, 0x24, 0xb0, 0x00, 0x00, 0x00, 0x00, 0x00, 0x00, 0x00, 0x4c, 0x8b,
    0x63, 0x50, 0x48, 0x8b, 0x7b, 0x58, 0x48, 0x89, 0x43, 0x50, 0x48, 0x8b,
    0x84, 0x24, 0xb8, 0x00, 0x00, 0x00, 0x48, 0xc7, 0x84, 0x24, 0xb8, 0x00,
    0x00, 0x00, 0x00, 0x00, 0x00, 0x00, 0x4c, 0x89, 0xe6, 0x49, 0x39, 0xfc,
    0x48, 0x89, 0x43, 0x58, 0x48, 0x8b, 0x84, 0x24, 0xc0, 0x00, 0x00, 0x00,
    0x48, 0xc7, 0x84, 0x24, 0xc0, 0x00, 0x00, 0x00, 0x00, 0x00, 0x00, 0x00,
    0x48, 0x89, 0x43, 0x60, 0x74, 0x1c, 0x66, 0x0f, 0x1f, 0x44, 0x00, 0x00,
    0x48, 0x8b, 0x0e, 0x48, 0x85, 0xc9, 0x74, 0x05, 0xe8, 0x03, 0x08, 0x98,
    0x00, 0x48, 0x83, 0xc6, 0x18, 0x48, 0x39, 0xf7, 0x75, 0xea, 0x4d, 0x85,
    0xe4, 0x74, 0x08, 0x4c, 0x89, 0xe1, 0xe8, 0xed, 0x07, 0x98, 0x00, 0x48,
    0x8b, 0xbc, 0x24, 0xb8, 0x00, 0x00, 0x00, 0x48, 0x8b, 0xb4, 0x24, 0xb0,
    0x00, 0x00, 0x00, 0x48, 0x39, 0xf7, 0x74, 0x26, 0x0f, 0x1f, 0x84, 0x00,
    0x00, 0x00, 0x00, 0x00, 0x48, 0x8b, 0x0e, 0x48, 0x85, 0xc9, 0x74, 0x05,
    0xe8, 0xc3, 0x07, 0x98, 0x00, 0x48, 0x83, 0xc6, 0x18, 0x48, 0x39, 0xf7,
    0x75, 0xea, 0x48, 0x8b, 0xb4, 0x24, 0xb0, 0x00, 0x00, 0x00, 0x48, 0x85,
    0xf6, 0x74, 0x08, 0x48, 0x89, 0xf1, 0xe8, 0xa5, 0x07, 0x98, 0x00, 0x48,
    0x8b, 0x4c, 0x24, 0x20, 0x48, 0x8d, 0x55, 0x68, 0x4d, 0x89, 0xe8, 0xe8,
    0xa4, 0x7d, 0x5b, 0x00, 0x48, 0x8b, 0x84, 0x24, 0xb0, 0x00, 0x00, 0x00,
    0x48, 0xc7, 0x84, 0x24, 0xb0, 0x00, 0x00, 0x00, 0x00, 0x00, 0x00, 0x00,
    0x4c, 0x8b, 0x63, 0x68, 0x48, 0x8b, 0x7b, 0x70, 0x48, 0x89, 0x43, 0x68,
    0x48, 0x8b, 0x84, 0x24, 0xb8, 0x00, 0x00, 0x00, 0x48, 0xc7, 0x84, 0x24,
    0xb8, 0x00, 0x00, 0x00, 0x00, 0x00, 0x00, 0x00, 0x4c, 0x89, 0xe6, 0x49,
    0x39, 0xfc, 0x48, 0x89, 0x43, 0x70, 0x48, 0x8b, 0x84, 0x24, 0xc0, 0x00,
    0x00, 0x00, 0x48, 0xc7, 0x84, 0x24, 0xc0, 0x00, 0x00, 0x00, 0x00, 0x00,
    0x00, 0x00, 0x48, 0x89, 0x43, 0x78, 0x74, 0x16, 0x48, 0x8b, 0x0e, 0x48,
    0x85, 0xc9, 0x74, 0x05, 0xe8, 0x2f, 0x07, 0x98, 0x00, 0x48, 0x83, 0xc6,
    0x18, 0x48, 0x39, 0xf7, 0x75, 0xea, 0x4d, 0x85, 0xe4, 0x74, 0x08, 0x4c,
    0x89, 0xe1, 0xe8, 0x19, 0x07, 0x98, 0x00, 0x48, 0x8b, 0xbc, 0x24, 0xb8,
    0x00, 0x00, 0x00, 0x48, 0x8b, 0xb4, 0x24, 0xb0, 0x00, 0x00, 0x00, 0x48,
    0x39, 0xf7, 0x74, 0x22, 0x0f, 0x1f, 0x40, 0x00, 0x48, 0x8b, 0x0e, 0x48,
    0x85, 0xc9, 0x74, 0x05, 0xe8, 0xf3, 0x06, 0x98, 0x00, 0x48, 0x83, 0xc6,
    0x18, 0x48, 0x39, 0xf7, 0x75, 0xea, 0x48, 0x8b, 0xb4, 0x24, 0xb0, 0x00,
    0x00, 0x00, 0x48, 0x85, 0xf6, 0x74, 0x08, 0x48, 0x89, 0xf1, 0xe8, 0xd5,
    0x06, 0x98, 0x00, 0x4c, 0x8b, 0xa5, 0x80, 0x00, 0x00, 0x00, 0x49, 0xbe,
    0xab, 0xaa, 0xaa, 0xaa, 0xaa, 0xaa, 0xaa, 0xaa, 0x49, 0xbf, 0xff, 0xff,
    0xff, 0xff, 0xff, 0xff, 0xff, 0x1f, 0x48, 0x8b, 0xad, 0x88, 0x00, 0x00,
    0x00, 0x49, 0x39, 0xec, 0x0f, 0x84, 0x5d, 0x01, 0x00, 0x00, 0x66, 0x2e,
    0x0f, 0x1f, 0x84, 0x00, 0x00, 0x00, 0x00, 0x00, 0x48, 0x8b, 0x4c, 0x24,
    0x20, 0x49, 0x8d, 0x54, 0x24, 0x08, 0x4d, 0x89, 0xe8, 0xe8, 0x7e, 0xdd,
    0x5b, 0x00, 0x48, 0x8b, 0xb3, 0x88, 0x00, 0x00, 0x00, 0x48, 0x3b, 0xb3,
    0x90, 0x00, 0x00, 0x00, 0x0f, 0x84, 0x69, 0x01, 0x00, 0x00, 0x48, 0x85,
    0xf6, 0x0f, 0x84, 0x53, 0x01, 0x00, 0x00, 0x48, 0x8b, 0x8c, 0x24, 0xc0,
    0x00, 0x00, 0x00, 0x49, 0x89, 0xf2, 0x48, 0x8b, 0xbc, 0x24, 0xc8, 0x00,
    0x00, 0x00, 0x48, 0x8b, 0x84, 0x24, 0xb0, 0x00, 0x00, 0x00, 0xf2, 0x41,
    0x0f, 0x10, 0x04, 0x24, 0x48, 0x8b, 0x94, 0x24, 0xb8, 0x00, 0x00, 0x00,
    0x48, 0xc7, 0x46, 0x18, 0x00, 0x00, 0x00, 0x00, 0x48, 0x29, 0xcf, 0xf2,
    0x0f, 0x11, 0x06, 0x48, 0x89, 0x46, 0x08, 0x48, 0x89, 0xf8, 0x48, 0xc1,
    0xf8, 0x03, 0x48, 0xc7, 0x46, 0x20, 0x00, 0x00, 0x00, 0x00, 0x49, 0x0f,
    0xaf, 0xc6, 0x48, 0x89, 0x56, 0x10, 0x48, 0xc7, 0x46, 0x28, 0x00, 0x00,
    0x00, 0x00, 0x48, 0x85, 0xc0, 0x74, 0x2a, 0x48, 0xba, 0xaa, 0xaa, 0xaa,
    0xaa, 0xaa, 0xaa, 0xaa, 0x0a, 0x48, 0x39, 0xd0, 0x0f, 0x87, 0x89, 0x01,
    0x00, 0x00, 0x48, 0x89, 0xf9, 0xe8, 0x46, 0x06, 0x98, 0x00, 0x48, 0x8b,
    0x8c, 0x24, 0xc0, 0x00, 0x00, 0x00, 0x4c, 0x8b, 0x93, 0x88, 0x00, 0x00,
    0x00, 0x48, 0x01, 0xc7, 0x48, 0x89, 0x46, 0x18, 0x48, 0x89, 0x46, 0x20,
    0x48, 0x89, 0x7e, 0x28, 0x4c, 0x8b, 0x8c, 0x24, 0xc8, 0x00, 0x00, 0x00,
    0x49, 0x39, 0xc9, 0x74, 0x58, 0x49, 0x89, 0xc0, 0x48, 0x89, 0xca, 0x0f,
    0x1f, 0x44, 0x00, 0x00, 0x4d, 0x85, 0xc0, 0x74, 0x16, 0x4c, 0x8b, 0x1a,
    0x4d, 0x89, 0x18, 0x4c, 0x8b, 0x5a, 0x08, 0x4d, 0x89, 0x58, 0x08, 0x4c,
    0x8b, 0x5a, 0x10, 0x4d, 0x89, 0x58, 0x10, 0x48, 0x83, 0xc2, 0x18, 0x49,
    0x83, 0xc0, 0x18, 0x49, 0x39, 0xd1, 0x75, 0xd8, 0x48, 0x8d, 0x51, 0x18,
    0x48, 0xbf, 0xab, 0xaa, 0xaa, 0xaa, 0xaa, 0xaa, 0xaa, 0x0a, 0x49, 0x29,
    0xd1, 0x49, 0xc1, 0xe9, 0x03, 0x4c, 0x0f, 0xaf, 0xcf, 0x4d, 0x21, 0xf9,
    0x4b, 0x8d, 0x54, 0x49, 0x03, 0x48, 0x8d, 0x04, 0xd0, 0x48, 0x89, 0x46,
    0x20, 0x49, 0x83, 0xc2, 0x30, 0x4c, 0x89, 0x93, 0x88, 0x00, 0x00, 0x00,
    0x48, 0x85, 0xc9, 0x74, 0x05, 0xe8, 0x5a, 0x05, 0x98, 0x00, 0x49, 0x83,
    0xc4, 0x30, 0x4c, 0x39, 0xe5, 0x0f, 0x85, 0xad, 0xfe, 0xff, 0xff, 0x48,
    0x8d, 0x0d, 0x8f, 0x5b, 0x99, 0x00, 0x48, 0x89, 0xda, 0xe8, 0xde, 0x4a,
    0x63, 0x00, 0x90, 0x0f, 0x28, 0xb4, 0x24, 0xe0, 0x00, 0x00, 0x00, 0x48,
    0x89, 0xd8, 0x48, 0x81, 0xc4, 0xf8, 0x00, 0x00, 0x00, 0x5b, 0x5e, 0x5f,
    0x5d, 0x41, 0x5c, 0x41, 0x5d, 0x41, 0x5e, 0x41, 0x5f, 0xc3, 0x48, 0x8b,
    0x8c, 0x24, 0xc0, 0x00, 0x00, 0x00, 0x45, 0x31, 0xd2, 0xeb, 0xa2, 0x4c,
    0x8b, 0x44, 0x24, 0x20, 0x4c, 0x89, 0xe2, 0x48, 0x8b, 0x4c, 0x24, 0x28,
    0xe8, 0x6f, 0x27, 0x8a, 0x00, 0x48, 0x8b, 0x8c, 0x24, 0xc0, 0x00, 0x00,
    0x00, 0xeb, 0x91, 0xe8, 0xe0, 0x62, 0x5b, 0x00, 0xe9, 0x56, 0xfc, 0xff,
    0xff, 0x48, 0x89, 0xdf, 0xe9, 0x2e, 0xf8, 0xff, 0xff, 0x48, 0xba, 0xff,
    0x9f, 0xb8, 0x30, 0x46, 0x03, 0x00, 0x00, 0x48, 0x39, 0xd0, 0x0f, 0x8e,
    0xf5, 0xfb, 0xff, 0xff, 0x48, 0xb9, 0x00, 0x60, 0x47, 0xcf, 0xb9, 0xfc,
    0xff, 0xff, 0x66, 0x0f, 0x1f, 0x44, 0x00, 0x00, 0x48, 0x01, 0xc8, 0x48,
    0x39, 0xd0, 0x7f, 0xf8, 0xe9, 0xd8, 0xfb, 0xff, 0xff, 0x48, 0x8d, 0x84,
    0x24, 0xb0, 0x00, 0x00, 0x00, 0x48, 0x8d, 0x8d, 0xd8, 0x01, 0x00, 0x00,
    0x48, 0x89, 0xc2, 0x48, 0x89, 0x44, 0x24, 0x20, 0xe8, 0x07, 0x21, 0x8e,
    0x00, 0x48, 0x8b, 0xbc, 0x24, 0xb0, 0x00, 0x00, 0x00, 0xe9, 0xed, 0xf7,
    0xff, 0xff, 0x48, 0x8b, 0x4c, 0x24, 0x20, 0x48, 0x89, 0xc3, 0xe8, 0x2d,
    0x89, 0x85, 0x00, 0x48, 0x89, 0xd9, 0xe8, 0x45, 0x72, 0x61, 0x00, 0xe8,
    0x30, 0x1e, 0x96, 0x00, 0x48, 0x8b, 0x93, 0x68, 0x01, 0x00, 0x00, 0x48,
    0x8d, 0x8b, 0x58, 0x01, 0x00, 0x00, 0x48, 0x89, 0xc6, 0xe8, 0x5a, 0x67,
    0x92, 0x00, 0x48, 0x8b, 0x93, 0x38, 0x01, 0x00, 0x00, 0x48, 0x8d, 0x8b,
    0x28, 0x01, 0x00, 0x00, 0xe8, 0x47, 0x67, 0x92, 0x00, 0x48, 0x8b, 0x93,
    0x08, 0x01, 0x00, 0x00, 0x48, 0x8d, 0x8b, 0xf8, 0x00, 0x00, 0x00, 0xe8,
    0x34, 0x67, 0x92, 0x00, 0x48, 0x8b, 0x93, 0xd8, 0x00, 0x00, 0x00, 0x48,
    0x8d, 0x8b, 0xc8, 0x00, 0x00, 0x00, 0xe8, 0x21, 0x67, 0x92, 0x00, 0x48,
    0x8d, 0x8b, 0xb0, 0x00, 0x00, 0x00, 0xe8, 0x85, 0xa2, 0x8a, 0x00, 0x48,
    0x8d, 0x8b, 0x98, 0x00, 0x00, 0x00, 0xe8, 0x79, 0xa2, 0x8a, 0x00, 0x48,
    0x8d, 0x8b, 0x80, 0x00, 0x00, 0x00, 0xe8, 0x0d, 0x2c, 0x8a, 0x00, 0x48,
    0x8d, 0x4b, 0x68, 0xe8, 0x64, 0xa2, 0x8a, 0x00, 0x48, 0x8d, 0x4b, 0x50,
    0xe8, 0x5b, 0xa2, 0x8a, 0x00, 0x48, 0x89, 0xd9, 0xe8, 0xe3, 0x03, 0x98,
    0x00, 0x48, 0x89, 0xf1, 0xe8, 0xab, 0x71, 0x61, 0x00, 0x48, 0x8b, 0x8c,
    0x24, 0xc0, 0x00, 0x00, 0x00, 0x48, 0x89, 0xc3, 0x48, 0x85, 0xc9, 0x74,
    0x05, 0xe8, 0xc6, 0x03, 0x98, 0x00, 0x48, 0x89, 0xd9, 0xe8, 0x8e, 0x71,
    0x61, 0x00, 0x90,
};

// 0xfbf0  244 bytes  export SetRowMode (ordinals 256,257)
// status: comment_only  -- call to 0x54C400 outside the block; call to 0x64DF60 outside the block
// sha256: 334809ceb5b883c8bd64ac216e333a01f7ed0873b3c30bdbb069b1f1c07f6e8d
alignas(16) const unsigned char kBytes_fbf0[244] = {
    0x41, 0x54, 0x55, 0x57, 0x56, 0x53, 0x48, 0x81, 0xec, 0x90, 0x00, 0x00,
    0x00, 0x0f, 0x29, 0x74, 0x24, 0x70, 0x0f, 0x29, 0xbc, 0x24, 0x80, 0x00,
    0x00, 0x00, 0x8b, 0xac, 0x24, 0xf0, 0x00, 0x00, 0x00, 0xf2, 0x0f, 0x10,
    0xb4, 0x24, 0xe0, 0x00, 0x00, 0x00, 0xf2, 0x0f, 0x10, 0xbc, 0x24, 0xe8,
    0x00, 0x00, 0x00, 0x48, 0x89, 0xcb, 0x41, 0x89, 0xd4, 0x89, 0x6c, 0x24,
    0x30, 0x66, 0x48, 0x0f, 0x7e, 0xd6, 0xf2, 0x0f, 0x11, 0x7c, 0x24, 0x28,
    0x48, 0x8d, 0x0d, 0x17, 0xd5, 0x99, 0x00, 0x66, 0x48, 0x0f, 0x7e, 0xdf,
    0xf2, 0x0f, 0x11, 0x74, 0x24, 0x20, 0xe8, 0x11, 0xe3, 0x63, 0x00, 0x31,
    0xd2, 0x45, 0x85, 0xe4, 0xf2, 0x0f, 0x11, 0x7c, 0x24, 0x28, 0x0f, 0x95,
    0xc2, 0x31, 0xc0, 0x85, 0xed, 0xf2, 0x0f, 0x11, 0x74, 0x24, 0x20, 0x0f,
    0x95, 0xc0, 0x66, 0x48, 0x0f, 0x6e, 0xdf, 0x66, 0x48, 0x0f, 0x6e, 0xd6,
    0x89, 0x44, 0x24, 0x30, 0x48, 0x8d, 0x4c, 0x24, 0x40, 0xe8, 0x7e, 0xc7,
    0x53, 0x00, 0x48, 0x8b, 0x44, 0x24, 0x40, 0x0f, 0x28, 0x74, 0x24, 0x70,
    0x0f, 0x28, 0xbc, 0x24, 0x80, 0x00, 0x00, 0x00, 0x48, 0x89, 0x83, 0x28,
    0x01, 0x00, 0x00, 0x48, 0x8b, 0x44, 0x24, 0x48, 0x48, 0x89, 0x83, 0x30,
    0x01, 0x00, 0x00, 0x48, 0x8b, 0x44, 0x24, 0x50, 0x48, 0x89, 0x83, 0x38,
    0x01, 0x00, 0x00, 0x48, 0x8b, 0x44, 0x24, 0x58, 0x48, 0x89, 0x83, 0x40,
    0x01, 0x00, 0x00, 0x48, 0x8b, 0x44, 0x24, 0x60, 0x48, 0x89, 0x83, 0x48,
    0x01, 0x00, 0x00, 0x0f, 0xb6, 0x44, 0x24, 0x68, 0x88, 0x83, 0x50, 0x01,
    0x00, 0x00, 0x48, 0x81, 0xc4, 0x90, 0x00, 0x00, 0x00, 0x5b, 0x5e, 0x5f,
    0x5d, 0x41, 0x5c, 0xc3,
};

// 0xfcf0  568 bytes  export SetPipeMode (ordinals 258,259)
// status: comment_only  -- call to 0x1BF40 outside the block; call to 0x1C0C0 outside the block; call to 0x54C430 outside the block; call to 0x62F280 outside the block (+7 more)
// sha256: 956bcbae8e913fd718d3a30f7008df8143a6405fbc4ae5d680d1319b3fbf0196
alignas(16) const unsigned char kBytes_fcf0[568] = {
    0x55, 0x57, 0x56, 0x53, 0x48, 0x81, 0xec, 0xc8, 0x00, 0x00, 0x00, 0x0f,
    0x29, 0xb4, 0x24, 0x90, 0x00, 0x00, 0x00, 0x0f, 0x29, 0xbc, 0x24, 0xa0,
    0x00, 0x00, 0x00, 0x44, 0x0f, 0x29, 0x84, 0x24, 0xb0, 0x00, 0x00, 0x00,
    0x8b, 0xbc, 0x24, 0x10, 0x01, 0x00, 0x00, 0xf2, 0x44, 0x0f, 0x10, 0x84,
    0x24, 0x18, 0x01, 0x00, 0x00, 0x48, 0x89, 0xce, 0x89, 0xd5, 0x66, 0x0f,
    0x28, 0xf2, 0x66, 0x0f, 0x28, 0xfb, 0xe8, 0xe9, 0xad, 0xff, 0xff, 0xc6,
    0x44, 0x24, 0x68, 0x00, 0x48, 0x85, 0xc0, 0x48, 0x89, 0x44, 0x24, 0x60,
    0x0f, 0x84, 0xb7, 0x01, 0x00, 0x00, 0x48, 0x89, 0xc1, 0xe8, 0x6e, 0xf9,
    0x62, 0x00, 0x85, 0xc0, 0x0f, 0x85, 0xa0, 0x01, 0x00, 0x00, 0xc6, 0x44,
    0x24, 0x68, 0x01, 0xe8, 0xdc, 0xc1, 0x00, 0x00, 0x48, 0x85, 0xc0, 0x48,
    0x89, 0xc3, 0x0f, 0x84, 0xe9, 0x00, 0x00, 0x00, 0x41, 0xb8, 0x03, 0x00,
    0x00, 0x00, 0x48, 0x89, 0xc1, 0x48, 0x8d, 0x15, 0x0e, 0xcb, 0x99, 0x00,
    0xe8, 0x8b, 0x82, 0x96, 0x00, 0x41, 0xb8, 0x0b, 0x00, 0x00, 0x00, 0x48,
    0x89, 0xd9, 0x48, 0x8d, 0x15, 0xcc, 0xd3, 0x99, 0x00, 0xe8, 0x76, 0x82,
    0x96, 0x00, 0x41, 0xb8, 0x01, 0x00, 0x00, 0x00, 0x48, 0x89, 0xd9, 0x48,
    0x8d, 0x15, 0xd4, 0xcd, 0x99, 0x00, 0xe8, 0x61, 0x82, 0x96, 0x00, 0x89,
    0xea, 0x48, 0x89, 0xd9, 0xe8, 0x47, 0x9f, 0x85, 0x00, 0x41, 0xb8, 0x01,
    0x00, 0x00, 0x00, 0x48, 0x89, 0xd9, 0xf2, 0x0f, 0x11, 0x74, 0x24, 0x30,
    0x48, 0x8d, 0x15, 0xaf, 0xcd, 0x99, 0x00, 0xe8, 0x3c, 0x82, 0x96, 0x00,
    0x48, 0x8d, 0x54, 0x24, 0x30, 0x48, 0x89, 0xd9, 0xe8, 0xdf, 0xc2, 0x00,
    0x00, 0x41, 0xb8, 0x01, 0x00, 0x00, 0x00, 0x48, 0x89, 0xd9, 0xf2, 0x0f,
    0x11, 0x7c, 0x24, 0x40, 0x48, 0x8d, 0x15, 0x87, 0xcd, 0x99, 0x00, 0xe8,
    0x14, 0x82, 0x96, 0x00, 0x48, 0x8d, 0x54, 0x24, 0x40, 0x48, 0x89, 0xd9,
    0xe8, 0xb7, 0xc2, 0x00, 0x00, 0x41, 0xb8, 0x01, 0x00, 0x00, 0x00, 0x48,
    0x89, 0xd9, 0x48, 0x8d, 0x15, 0x65, 0xcd, 0x99, 0x00, 0xe8, 0xf2, 0x81,
    0x96, 0x00, 0x89, 0xfa, 0x48, 0x89, 0xd9, 0xe8, 0xd8, 0x9e, 0x85, 0x00,
    0x41, 0xb8, 0x01, 0x00, 0x00, 0x00, 0x48, 0x89, 0xd9, 0xf2, 0x44, 0x0f,
    0x11, 0x44, 0x24, 0x50, 0x48, 0x8d, 0x15, 0x3f, 0xcd, 0x99, 0x00, 0xe8,
    0xcc, 0x81, 0x96, 0x00, 0x48, 0x8d, 0x54, 0x24, 0x50, 0x48, 0x89, 0xd9,
    0xe8, 0x6f, 0xc2, 0x00, 0x00, 0x48, 0x89, 0xd9, 0xe8, 0x67, 0x7a, 0x97,
    0x00, 0x80, 0x7c, 0x24, 0x68, 0x00, 0x48, 0x8d, 0x5c, 0x24, 0x60, 0x74,
    0x08, 0x48, 0x89, 0xd9, 0xe8, 0x43, 0x63, 0x86, 0x00, 0x31, 0xd2, 0x85,
    0xed, 0xf2, 0x44, 0x0f, 0x11, 0x44, 0x24, 0x28, 0x66, 0x0f, 0x28, 0xdf,
    0x0f, 0x95, 0xc2, 0x31, 0xc0, 0x85, 0xff, 0x0f, 0x95, 0xc0, 0x66, 0x0f,
    0x28, 0xd6, 0x48, 0x89, 0xd9, 0x89, 0x44, 0x24, 0x20, 0xe8, 0x9a, 0xc5,
    0x53, 0x00, 0x48, 0x8b, 0x44, 0x24, 0x60, 0x0f, 0x28, 0xb4, 0x24, 0x90,
    0x00, 0x00, 0x00, 0x0f, 0x28, 0xbc, 0x24, 0xa0, 0x00, 0x00, 0x00, 0x44,
    0x0f, 0x28, 0x84, 0x24, 0xb0, 0x00, 0x00, 0x00, 0x48, 0x89, 0x86, 0x58,
    0x01, 0x00, 0x00, 0x48, 0x8b, 0x44, 0x24, 0x68, 0x48, 0x89, 0x86, 0x60,
    0x01, 0x00, 0x00, 0x48, 0x8b, 0x44, 0x24, 0x70, 0x48, 0x89, 0x86, 0x68,
    0x01, 0x00, 0x00, 0x48, 0x8b, 0x44, 0x24, 0x78, 0x48, 0x89, 0x86, 0x70,
    0x01, 0x00, 0x00, 0x48, 0x8b, 0x84, 0x24, 0x80, 0x00, 0x00, 0x00, 0x48,
    0x89, 0x86, 0x78, 0x01, 0x00, 0x00, 0x48, 0x81, 0xc4, 0xc8, 0x00, 0x00,
    0x00, 0x5b, 0x5e, 0x5f, 0x5d, 0xc3, 0x89, 0xc1, 0xe8, 0xef, 0xac, 0x96,
    0x00, 0xb9, 0x01, 0x00, 0x00, 0x00, 0xe8, 0xe5, 0xac, 0x96, 0x00, 0x80,
    0x7c, 0x24, 0x68, 0x00, 0x48, 0x89, 0xc3, 0x74, 0x0a, 0x48, 0x8d, 0x4c,
    0x24, 0x60, 0xe8, 0x91, 0x62, 0x86, 0x00, 0x48, 0x89, 0xd9, 0xe8, 0x59,
    0xf3, 0x61, 0x00, 0x90,
};

// 0x13410  512 bytes  export AddCircularExternalBoundaryToPart (ordinals 260,261)
// status: comment_only  -- call to 0x1BA30 outside the block; call to 0x23BF0 outside the block; call to 0x62F280 outside the block; call to 0x64AEA0 outside the block (+4 more)
// sha256: 347e19bc5ce143a349534096d18d3dcaf2ba5324f9bf226f4f8227cf6554a3cb
alignas(16) const unsigned char kBytes_13410[512] = {
    0x56, 0x53, 0x48, 0x81, 0xec, 0xe8, 0x00, 0x00, 0x00, 0x0f, 0x29, 0xb4,
    0x24, 0xb0, 0x00, 0x00, 0x00, 0x0f, 0x29, 0xbc, 0x24, 0xc0, 0x00, 0x00,
    0x00, 0x44, 0x0f, 0x29, 0x84, 0x24, 0xd0, 0x00, 0x00, 0x00, 0x66, 0x0f,
    0x28, 0xf2, 0x48, 0x89, 0xce, 0x66, 0x0f, 0x28, 0xfb, 0x48, 0x8d, 0x0d,
    0x2c, 0xa3, 0x99, 0x00, 0x66, 0x44, 0x0f, 0x28, 0xc1, 0xe8, 0x52, 0x7a,
    0x63, 0x00, 0x66, 0x0f, 0x28, 0xce, 0x66, 0x41, 0x0f, 0x28, 0xc0, 0xf2,
    0x0f, 0x11, 0x74, 0x24, 0x58, 0xf2, 0x0f, 0x5c, 0xcf, 0xb9, 0x60, 0x00,
    0x00, 0x00, 0xf2, 0x0f, 0x11, 0xb4, 0x24, 0x88, 0x00, 0x00, 0x00, 0xf2,
    0x0f, 0x5c, 0xc7, 0xf2, 0x44, 0x0f, 0x11, 0x44, 0x24, 0x68, 0xf2, 0x44,
    0x0f, 0x11, 0x84, 0x24, 0x98, 0x00, 0x00, 0x00, 0xf2, 0x0f, 0x58, 0xf7,
    0xf2, 0x0f, 0x11, 0x4c, 0x24, 0x70, 0x66, 0x41, 0x0f, 0x28, 0xc8, 0xf2,
    0x0f, 0x11, 0x44, 0x24, 0x50, 0xf2, 0x0f, 0x58, 0xcf, 0xf2, 0x0f, 0x10,
    0x05, 0x2b, 0xa5, 0x99, 0x00, 0xf2, 0x0f, 0x11, 0xb4, 0x24, 0xa0, 0x00,
    0x00, 0x00, 0xf2, 0x0f, 0x59, 0xc7, 0x66, 0x0f, 0x57, 0x05, 0x26, 0xa5,
    0x99, 0x00, 0xf2, 0x0f, 0x11, 0x44, 0x24, 0x60, 0xf2, 0x0f, 0x11, 0x44,
    0x24, 0x78, 0xf2, 0x0f, 0x11, 0x8c, 0x24, 0x80, 0x00, 0x00, 0x00, 0xf2,
    0x0f, 0x11, 0x84, 0x24, 0x90, 0x00, 0x00, 0x00, 0xf2, 0x0f, 0x11, 0x84,
    0x24, 0xa8, 0x00, 0x00, 0x00, 0xe8, 0x1a, 0x50, 0x98, 0x00, 0x4c, 0x8d,
    0x44, 0x24, 0x40, 0x48, 0x89, 0xf2, 0x48, 0xc7, 0x44, 0x24, 0x40, 0x04,
    0x00, 0x00, 0x00, 0x48, 0x8d, 0x0d, 0x56, 0xa2, 0x99, 0x00, 0x48, 0x89,
    0xc3, 0x48, 0x8b, 0x44, 0x24, 0x50, 0x48, 0x89, 0x5c, 0x24, 0x48, 0x48,
    0x89, 0x03, 0x48, 0x8b, 0x44, 0x24, 0x58, 0x48, 0x89, 0x43, 0x08, 0x48,
    0x8b, 0x44, 0x24, 0x60, 0x48, 0x89, 0x43, 0x10, 0x48, 0x8b, 0x44, 0x24,
    0x68, 0x48, 0x89, 0x43, 0x18, 0x48, 0x8b, 0x44, 0x24, 0x70, 0x48, 0x89,
    0x43, 0x20, 0x48, 0x8b, 0x44, 0x24, 0x78, 0x48, 0x89, 0x43, 0x28, 0x48,
    0x8b, 0x84, 0x24, 0x80, 0x00, 0x00, 0x00, 0x48, 0x89, 0x43, 0x30, 0x48,
    0x8b, 0x84, 0x24, 0x88, 0x00, 0x00, 0x00, 0x48, 0x89, 0x43, 0x38, 0x48,
    0x8b, 0x84, 0x24, 0x90, 0x00, 0x00, 0x00, 0x48, 0x89, 0x43, 0x40, 0x48,
    0x8b, 0x84, 0x24, 0x98, 0x00, 0x00, 0x00, 0x48, 0x89, 0x43, 0x48, 0x48,
    0x8b, 0x84, 0x24, 0xa0, 0x00, 0x00, 0x00, 0x48, 0x89, 0x43, 0x50, 0x48,
    0x8b, 0x84, 0x24, 0xa8, 0x00, 0x00, 0x00, 0x48, 0x89, 0x43, 0x58, 0xe8,
    0xb8, 0x93, 0x63, 0x00, 0x48, 0x89, 0xda, 0xb9, 0x04, 0x00, 0x00, 0x00,
    0xe8, 0x9b, 0x84, 0x00, 0x00, 0x48, 0x8d, 0x86, 0x08, 0x02, 0x00, 0x00,
    0x48, 0x83, 0xc6, 0x50, 0x41, 0xb8, 0x01, 0x00, 0x00, 0x00, 0xf2, 0x0f,
    0x10, 0x1d, 0x1a, 0xa4, 0x99, 0x00, 0x48, 0x89, 0x44, 0x24, 0x30, 0x48,
    0x89, 0xda, 0xb9, 0x04, 0x00, 0x00, 0x00, 0xf2, 0x0f, 0x59, 0xd8, 0xc7,
    0x44, 0x24, 0x28, 0x00, 0x00, 0x00, 0x00, 0x48, 0x89, 0x74, 0x24, 0x20,
    0xe8, 0x1f, 0x06, 0x01, 0x00, 0x90, 0x0f, 0x28, 0xb4, 0x24, 0xb0, 0x00,
    0x00, 0x00, 0x48, 0x89, 0xd9, 0x0f, 0x28, 0xbc, 0x24, 0xc0, 0x00, 0x00,
    0x00, 0x44, 0x0f, 0x28, 0x84, 0x24, 0xd0, 0x00, 0x00, 0x00, 0x48, 0x81,
    0xc4, 0xe8, 0x00, 0x00, 0x00, 0x5b, 0x5e, 0xe9, 0xb4, 0x4e, 0x98, 0x00,
    0x48, 0x89, 0xc6, 0x48, 0x89, 0xd9, 0xe8, 0xa9, 0x4e, 0x98, 0x00, 0x48,
    0x89, 0xf1, 0xe8, 0x71, 0xbc, 0x61, 0x00, 0x90,
};

// 0x13610  486 bytes  export AddRectangularExternalBoundaryToPart (ordinals 262,263)
// status: comment_only  -- call to 0x1BA30 outside the block; call to 0x23BF0 outside the block; call to 0x62F280 outside the block; call to 0x64AEA0 outside the block (+4 more)
// sha256: 857ca9d99e52f379ebb1cad7ff3de22ecb264b6467ad1b1452ca18494776a660
alignas(16) const unsigned char kBytes_13610[486] = {
    0x56, 0x53, 0x48, 0x81, 0xec, 0xe8, 0x00, 0x00, 0x00, 0x0f, 0x29, 0xb4,
    0x24, 0xd0, 0x00, 0x00, 0x00, 0xf2, 0x0f, 0x10, 0xb4, 0x24, 0x20, 0x01,
    0x00, 0x00, 0x48, 0x89, 0xce, 0xf2, 0x0f, 0x11, 0x4c, 0x24, 0x58, 0x48,
    0x8d, 0x0d, 0x5e, 0xa1, 0x99, 0x00, 0xf2, 0x0f, 0x11, 0x54, 0x24, 0x50,
    0xf2, 0x0f, 0x11, 0x5c, 0x24, 0x48, 0xe8, 0x55, 0x78, 0x63, 0x00, 0xf2,
    0x0f, 0x10, 0x4c, 0x24, 0x58, 0xb9, 0x60, 0x00, 0x00, 0x00, 0x66, 0x0f,
    0xef, 0xc0, 0xf2, 0x0f, 0x11, 0xb4, 0x24, 0xa8, 0x00, 0x00, 0x00, 0xf2,
    0x0f, 0x10, 0x54, 0x24, 0x50, 0xf2, 0x0f, 0x10, 0x5c, 0x24, 0x48, 0xf2,
    0x0f, 0x11, 0x4c, 0x24, 0x70, 0xf2, 0x0f, 0x11, 0x54, 0x24, 0x78, 0xf2,
    0x0f, 0x11, 0x84, 0x24, 0x80, 0x00, 0x00, 0x00, 0xf2, 0x0f, 0x11, 0x9c,
    0x24, 0x88, 0x00, 0x00, 0x00, 0xf2, 0x0f, 0x11, 0x94, 0x24, 0x90, 0x00,
    0x00, 0x00, 0xf2, 0x0f, 0x11, 0x84, 0x24, 0x98, 0x00, 0x00, 0x00, 0xf2,
    0x0f, 0x11, 0x9c, 0x24, 0xa0, 0x00, 0x00, 0x00, 0xf2, 0x0f, 0x11, 0x84,
    0x24, 0xb0, 0x00, 0x00, 0x00, 0xf2, 0x0f, 0x11, 0x8c, 0x24, 0xb8, 0x00,
    0x00, 0x00, 0xf2, 0x0f, 0x11, 0xb4, 0x24, 0xc0, 0x00, 0x00, 0x00, 0xf2,
    0x0f, 0x11, 0x84, 0x24, 0xc8, 0x00, 0x00, 0x00, 0xe8, 0x2f, 0x4e, 0x98,
    0x00, 0x4c, 0x8d, 0x44, 0x24, 0x60, 0x48, 0x89, 0xf2, 0x48, 0xc7, 0x44,
    0x24, 0x60, 0x04, 0x00, 0x00, 0x00, 0x48, 0x8d, 0x0d, 0x6b, 0xa0, 0x99,
    0x00, 0x48, 0x89, 0xc3, 0x48, 0x8b, 0x44, 0x24, 0x70, 0x48, 0x89, 0x5c,
    0x24, 0x68, 0x48, 0x89, 0x03, 0x48, 0x8b, 0x44, 0x24, 0x78, 0x48, 0x89,
    0x43, 0x08, 0x48, 0x8b, 0x84, 0x24, 0x80, 0x00, 0x00, 0x00, 0x48, 0x89,
    0x43, 0x10, 0x48, 0x8b, 0x84, 0x24, 0x88, 0x00, 0x00, 0x00, 0x48, 0x89,
    0x43, 0x18, 0x48, 0x8b, 0x84, 0x24, 0x90, 0x00, 0x00, 0x00, 0x48, 0x89,
    0x43, 0x20, 0x48, 0x8b, 0x84, 0x24, 0x98, 0x00, 0x00, 0x00, 0x48, 0x89,
    0x43, 0x28, 0x48, 0x8b, 0x84, 0x24, 0xa0, 0x00, 0x00, 0x00, 0x48, 0x89,
    0x43, 0x30, 0x48, 0x8b, 0x84, 0x24, 0xa8, 0x00, 0x00, 0x00, 0x48, 0x89,
    0x43, 0x38, 0x48, 0x8b, 0x84, 0x24, 0xb0, 0x00, 0x00, 0x00, 0x48, 0x89,
    0x43, 0x40, 0x48, 0x8b, 0x84, 0x24, 0xb8, 0x00, 0x00, 0x00, 0x48, 0x89,
    0x43, 0x48, 0x48, 0x8b, 0x84, 0x24, 0xc0, 0x00, 0x00, 0x00, 0x48, 0x89,
    0x43, 0x50, 0x48, 0x8b, 0x84, 0x24, 0xc8, 0x00, 0x00, 0x00, 0x48, 0x89,
    0x43, 0x58, 0xe8, 0xc1, 0x91, 0x63, 0x00, 0x48, 0x89, 0xda, 0xb9, 0x04,
    0x00, 0x00, 0x00, 0xe8, 0xa4, 0x82, 0x00, 0x00, 0x48, 0x8d, 0x86, 0x08,
    0x02, 0x00, 0x00, 0x48, 0x83, 0xc6, 0x50, 0x41, 0xb8, 0x01, 0x00, 0x00,
    0x00, 0xf2, 0x0f, 0x10, 0x1d, 0x23, 0xa2, 0x99, 0x00, 0x48, 0x89, 0x44,
    0x24, 0x30, 0x48, 0x89, 0xda, 0xb9, 0x04, 0x00, 0x00, 0x00, 0xf2, 0x0f,
    0x59, 0xd8, 0xc7, 0x44, 0x24, 0x28, 0x00, 0x00, 0x00, 0x00, 0x48, 0x89,
    0x74, 0x24, 0x20, 0xe8, 0x28, 0x04, 0x01, 0x00, 0x90, 0x0f, 0x28, 0xb4,
    0x24, 0xd0, 0x00, 0x00, 0x00, 0x48, 0x89, 0xd9, 0x48, 0x81, 0xc4, 0xe8,
    0x00, 0x00, 0x00, 0x5b, 0x5e, 0xe9, 0xce, 0x4c, 0x98, 0x00, 0x48, 0x89,
    0xc6, 0x48, 0x89, 0xd9, 0xe8, 0xc3, 0x4c, 0x98, 0x00, 0x48, 0x89, 0xf1,
    0xe8, 0x8b, 0xba, 0x61, 0x00, 0x90,
};

// 0xff30  271 bytes  export GetNumberOfRows (ordinals 264,265)
// status: comment_only  -- call to 0x1BF40 outside the block; call to 0x51E060 outside the block; call to 0x62F280 outside the block; call to 0x63F6B8 outside the block (+8 more)
// sha256: b0ce3b8524ae15cbfdba156ed13ee692ca751321a23e0ea442f357b570e0da34
alignas(16) const unsigned char kBytes_ff30[271] = {
    0x56, 0x53, 0x48, 0x83, 0xec, 0x48, 0x48, 0x89, 0xce, 0xe8, 0xe2, 0xab,
    0xff, 0xff, 0xc6, 0x44, 0x24, 0x28, 0x00, 0x48, 0x85, 0xc0, 0x48, 0x89,
    0x44, 0x24, 0x20, 0x0f, 0x84, 0xc7, 0x00, 0x00, 0x00, 0x48, 0x89, 0xc1,
    0xe8, 0x67, 0xf7, 0x62, 0x00, 0x85, 0xc0, 0x0f, 0x85, 0xb0, 0x00, 0x00,
    0x00, 0xc6, 0x44, 0x24, 0x28, 0x01, 0xe8, 0xd5, 0xbf, 0x00, 0x00, 0x48,
    0x85, 0xc0, 0x48, 0x89, 0xc3, 0x74, 0x52, 0x41, 0xb8, 0x03, 0x00, 0x00,
    0x00, 0x48, 0x89, 0xc1, 0x48, 0x8d, 0x15, 0x0b, 0xc9, 0x99, 0x00, 0xe8,
    0x88, 0x80, 0x96, 0x00, 0x41, 0xb8, 0x0f, 0x00, 0x00, 0x00, 0x48, 0x89,
    0xd9, 0x48, 0x8d, 0x15, 0xd5, 0xd1, 0x99, 0x00, 0xe8, 0x73, 0x80, 0x96,
    0x00, 0x41, 0xb8, 0x01, 0x00, 0x00, 0x00, 0x48, 0x89, 0xd9, 0x48, 0x8d,
    0x15, 0xd1, 0xcb, 0x99, 0x00, 0xe8, 0x5e, 0x80, 0x96, 0x00, 0x48, 0x89,
    0xf2, 0x48, 0x89, 0xd9, 0xe8, 0xd3, 0x84, 0x85, 0x00, 0x48, 0x89, 0xd9,
    0xe8, 0xfb, 0x78, 0x97, 0x00, 0x80, 0x7c, 0x24, 0x28, 0x00, 0x75, 0x34,
    0x48, 0x8b, 0x56, 0x08, 0x48, 0x8d, 0x4c, 0x24, 0x20, 0xe8, 0x86, 0xe0,
    0x50, 0x00, 0x48, 0x8b, 0x4c, 0x24, 0x20, 0x48, 0x8b, 0x5c, 0x24, 0x28,
    0x48, 0x29, 0xcb, 0x48, 0xc1, 0xfb, 0x04, 0x48, 0x85, 0xc9, 0x74, 0x05,
    0xe8, 0xbb, 0x84, 0x98, 0x00, 0x89, 0xd8, 0x48, 0x83, 0xc4, 0x48, 0x5b,
    0x5e, 0xc3, 0x66, 0x90, 0x48, 0x8b, 0x4c, 0x24, 0x20, 0x48, 0x85, 0xc9,
    0x74, 0xc2, 0xe8, 0xa9, 0xf6, 0x62, 0x00, 0xeb, 0xbb, 0x89, 0xc1, 0xe8,
    0xd8, 0xab, 0x96, 0x00, 0xb9, 0x01, 0x00, 0x00, 0x00, 0xe8, 0xce, 0xab,
    0x96, 0x00, 0x80, 0x7c, 0x24, 0x28, 0x00, 0x48, 0x89, 0xc3, 0x74, 0x0a,
    0x48, 0x8d, 0x4c, 0x24, 0x20, 0xe8, 0x7a, 0x61, 0x86, 0x00, 0x48, 0x89,
    0xd9, 0xe8, 0x42, 0xf2, 0x61, 0x00, 0x90,
};

// 0x10040  384 bytes  export GetRow (ordinals 266,267)
// status: comment_only  -- call to 0x51E060 outside the block; call to 0x60A620 outside the block; call to 0x62F280 outside the block; call to 0x64B1C0 outside the block (+2 more)
// sha256: c81dc8c3b2d6e6a7ed49fb5f418279dbddb53ed27332e69524ca442b84134144
alignas(16) const unsigned char kBytes_10040[384] = {
    0x41, 0x55, 0x41, 0x54, 0x55, 0x57, 0x56, 0x53, 0x48, 0x81, 0xec, 0xa8,
    0x00, 0x00, 0x00, 0x89, 0xd3, 0x48, 0x89, 0xcd, 0x48, 0x89, 0xca, 0x48,
    0x8d, 0x0d, 0x1f, 0xd1, 0x99, 0x00, 0x4c, 0x89, 0xc7, 0x41, 0x89, 0xd8,
    0x4c, 0x89, 0xce, 0xe8, 0x54, 0xb1, 0x63, 0x00, 0x48, 0x8b, 0x55, 0x08,
    0x48, 0x8d, 0x4c, 0x24, 0x20, 0xe8, 0xe6, 0xdf, 0x50, 0x00, 0x48, 0x8b,
    0x4c, 0x24, 0x20, 0x48, 0x8b, 0x44, 0x24, 0x28, 0x48, 0x29, 0xc8, 0x48,
    0xc1, 0xf8, 0x04, 0x48, 0x39, 0xc3, 0x73, 0x33, 0x48, 0xc1, 0xe3, 0x04,
    0x48, 0x01, 0xcb, 0x48, 0x85, 0xc9, 0xf2, 0x0f, 0x10, 0x03, 0xf2, 0x0f,
    0x11, 0x07, 0xf2, 0x0f, 0x10, 0x43, 0x08, 0xf2, 0x0f, 0x11, 0x06, 0x74,
    0x06, 0xe8, 0xfe, 0x83, 0x98, 0x00, 0x90, 0x48, 0x81, 0xc4, 0xa8, 0x00,
    0x00, 0x00, 0x5b, 0x5e, 0x5f, 0x5d, 0x41, 0x5c, 0x41, 0x5d, 0xc3, 0x48,
    0x8d, 0xac, 0x24, 0x80, 0x00, 0x00, 0x00, 0x48, 0x8d, 0x15, 0xb6, 0xd0,
    0x99, 0x00, 0x48, 0x89, 0xe9, 0xe8, 0x76, 0xab, 0xff, 0xff, 0x4c, 0x8d,
    0x64, 0x24, 0x60, 0x48, 0x8d, 0x15, 0x82, 0xd4, 0x99, 0x00, 0x4c, 0x89,
    0xe1, 0xe8, 0x62, 0xab, 0xff, 0xff, 0x4c, 0x8d, 0x6c, 0x24, 0x40, 0x48,
    0x8d, 0x15, 0x85, 0xc9, 0x99, 0x00, 0x4c, 0x89, 0xe9, 0xe8, 0x4e, 0xab,
    0xff, 0xff, 0x49, 0x89, 0xe9, 0x4d, 0x89, 0xe0, 0xba, 0xe8, 0x03, 0x00,
    0x00, 0x4c, 0x89, 0xe9, 0xe8, 0x0b, 0xa5, 0x5f, 0x00, 0x48, 0x8b, 0x4c,
    0x24, 0x40, 0x49, 0x83, 0xc5, 0x10, 0x4c, 0x39, 0xe9, 0x74, 0x05, 0xe8,
    0x88, 0x83, 0x98, 0x00, 0x48, 0x8b, 0x4c, 0x24, 0x60, 0x49, 0x83, 0xc4,
    0x10, 0x4c, 0x39, 0xe1, 0x74, 0x05, 0xe8, 0x75, 0x83, 0x98, 0x00, 0x48,
    0x8b, 0x8c, 0x24, 0x80, 0x00, 0x00, 0x00, 0x48, 0x83, 0xc5, 0x10, 0x48,
    0x39, 0xe9, 0x74, 0x05, 0xe8, 0x5f, 0x83, 0x98, 0x00, 0x48, 0x8b, 0x4c,
    0x24, 0x20, 0xe9, 0x35, 0xff, 0xff, 0xff, 0x48, 0x89, 0xc3, 0x48, 0x8b,
    0x4c, 0x24, 0x20, 0x48, 0x85, 0xc9, 0x74, 0x05, 0xe8, 0x43, 0x83, 0x98,
    0x00, 0x48, 0x89, 0xd9, 0xe8, 0x0b, 0xf1, 0x61, 0x00, 0x48, 0x89, 0xc3,
    0x48, 0x8b, 0x8c, 0x24, 0x80, 0x00, 0x00, 0x00, 0x48, 0x83, 0xc5, 0x10,
    0x48, 0x39, 0xe9, 0x74, 0xd5, 0xe8, 0x22, 0x83, 0x98, 0x00, 0xeb, 0xce,
    0x48, 0x89, 0xc3, 0x48, 0x8b, 0x4c, 0x24, 0x60, 0x49, 0x83, 0xc4, 0x10,
    0x4c, 0x39, 0xe1, 0x74, 0xd7, 0xe8, 0x0a, 0x83, 0x98, 0x00, 0xeb, 0xd0,
    0x48, 0x8b, 0x4c, 0x24, 0x40, 0x49, 0x83, 0xc5, 0x10, 0x48, 0x89, 0xc3,
    0x4c, 0x39, 0xe9, 0x74, 0xda, 0xe8, 0xf2, 0x82, 0x98, 0x00, 0xeb, 0xd3,
};

// 0xde80  388 bytes  export SetLocalEngineThreads (ordinals 268,269)
// status: comment_only  -- call to 0x1BF40 outside the block; call to 0x62F280 outside the block; call to 0x63F6B8 outside the block; call to 0x63F6C0 outside the block (+9 more)
// sha256: 3d43cabded479e3e234940835bfc79418d40f22fe1508b842cdaa93112b3cd5b
alignas(16) const unsigned char kBytes_de80[388] = {
    0x41, 0x54, 0x55, 0x57, 0x56, 0x53, 0x48, 0x83, 0xec, 0x30, 0x48, 0x89,
    0xcf, 0x41, 0x89, 0xd4, 0x44, 0x89, 0xc5, 0xe8, 0x88, 0xcc, 0xff, 0xff,
    0xc6, 0x44, 0x24, 0x28, 0x00, 0x48, 0x85, 0xc0, 0x48, 0x89, 0x44, 0x24,
    0x20, 0x0f, 0x84, 0x26, 0x01, 0x00, 0x00, 0x48, 0x89, 0xc1, 0xe8, 0x0d,
    0x18, 0x63, 0x00, 0x85, 0xc0, 0x0f, 0x85, 0x20, 0x01, 0x00, 0x00, 0xc6,
    0x44, 0x24, 0x28, 0x01, 0xe8, 0x7b, 0xe0, 0x00, 0x00, 0x48, 0x85, 0xc0,
    0x48, 0x89, 0xc3, 0x0f, 0x84, 0x9b, 0x00, 0x00, 0x00, 0x41, 0xb8, 0x03,
    0x00, 0x00, 0x00, 0x48, 0x89, 0xc1, 0x48, 0x8d, 0x15, 0xad, 0xe9, 0x99,
    0x00, 0xe8, 0x2a, 0xa1, 0x96, 0x00, 0x41, 0xb8, 0x15, 0x00, 0x00, 0x00,
    0x48, 0x89, 0xd9, 0x48, 0x8d, 0x15, 0xa3, 0xf0, 0x99, 0x00, 0xe8, 0x15,
    0xa1, 0x96, 0x00, 0x41, 0xb8, 0x01, 0x00, 0x00, 0x00, 0x48, 0x89, 0xd9,
    0x48, 0x8d, 0x15, 0x73, 0xec, 0x99, 0x00, 0xe8, 0x00, 0xa1, 0x96, 0x00,
    0x44, 0x89, 0xe2, 0x48, 0x89, 0xd9, 0xe8, 0x55, 0xb0, 0x85, 0x00, 0x41,
    0xb8, 0x01, 0x00, 0x00, 0x00, 0x48, 0x89, 0xd9, 0x48, 0x8d, 0x15, 0x53,
    0xec, 0x99, 0x00, 0xe8, 0xe0, 0xa0, 0x96, 0x00, 0x89, 0xea, 0x48, 0x89,
    0xd9, 0xe8, 0x36, 0xb0, 0x85, 0x00, 0x48, 0x8b, 0x03, 0x48, 0x8b, 0x40,
    0xe8, 0x48, 0x8b, 0xb4, 0x03, 0xf0, 0x00, 0x00, 0x00, 0x48, 0x85, 0xf6,
    0x0f, 0x84, 0x90, 0x00, 0x00, 0x00, 0x80, 0x7e, 0x38, 0x00, 0x74, 0x38,
    0x0f, 0xbe, 0x56, 0x43, 0x48, 0x89, 0xd9, 0xe8, 0x8c, 0x9c, 0x85, 0x00,
    0x48, 0x89, 0xc1, 0xe8, 0x84, 0x9e, 0x85, 0x00, 0x80, 0x7c, 0x24, 0x28,
    0x00, 0x75, 0x4d, 0x44, 0x89, 0xa7, 0x04, 0x02, 0x00, 0x00, 0x89, 0xaf,
    0x08, 0x02, 0x00, 0x00, 0x48, 0x83, 0xc4, 0x30, 0x5b, 0x5e, 0x5f, 0x5d,
    0x41, 0x5c, 0xc3, 0x0f, 0x1f, 0x44, 0x00, 0x00, 0x48, 0x89, 0xf1, 0xe8,
    0x48, 0x85, 0x81, 0x00, 0x48, 0x8b, 0x06, 0x48, 0x8d, 0x0d, 0x7e, 0x87,
    0x81, 0x00, 0xba, 0x0a, 0x00, 0x00, 0x00, 0x48, 0x8b, 0x40, 0x30, 0x48,
    0x39, 0xc8, 0x74, 0xac, 0x48, 0x89, 0xf1, 0xff, 0xd0, 0x0f, 0xbe, 0xd0,
    0xeb, 0xa2, 0x66, 0x0f, 0x1f, 0x44, 0x00, 0x00, 0x48, 0x8b, 0x4c, 0x24,
    0x20, 0x48, 0x85, 0xc9, 0x74, 0xa9, 0xe8, 0xe9, 0x16, 0x63, 0x00, 0xeb,
    0xa2, 0xb9, 0x01, 0x00, 0x00, 0x00, 0xe8, 0x15, 0xcc, 0x96, 0x00, 0x89,
    0xc1, 0xe8, 0x0e, 0xcc, 0x96, 0x00, 0xe8, 0x69, 0xa7, 0x96, 0x00, 0x80,
    0x7c, 0x24, 0x28, 0x00, 0x48, 0x89, 0xc3, 0x74, 0x0a, 0x48, 0x8d, 0x4c,
    0x24, 0x20, 0xe8, 0xb5, 0x81, 0x86, 0x00, 0x48, 0x89, 0xd9, 0xe8, 0x7d,
    0x12, 0x62, 0x00, 0x90,
};

// 0xafe0  13 bytes  export sub_0AFE0 (ordinals 270,271)
// status: comment_only  -- jmp to 0x1B270 outside the block
// sha256: 50144282adc7ce2681c6f53e43802dd592e52cdc59dfa3b717c981c9278e549a
alignas(16) const unsigned char kBytes_afe0[13] = {
    0x85, 0xc9, 0x0f, 0x95, 0xc1, 0x0f, 0xb6, 0xc9, 0xe9, 0x83, 0x02, 0x01,
    0x00,
};

// 0x19c40  411 bytes  export SetLeatherMode (ordinals 272,273)
// status: comment_only  -- call to 0x1BF40 outside the block; call to 0x62D860 outside the block; call to 0x62F280 outside the block; call to 0x63F6B8 outside the block (+12 more)
// sha256: c63c3c3155de4f54644815685570a5acafa9e5cc57cca686ad651ee0fee9f708
alignas(16) const unsigned char kBytes_19c40[411] = {
    0x55, 0x57, 0x56, 0x53, 0x48, 0x83, 0xec, 0x38, 0x0f, 0xb6, 0x05, 0x01,
    0x55, 0xb0, 0x00, 0x84, 0xc0, 0x48, 0x89, 0xcd, 0x89, 0xd7, 0x0f, 0x84,
    0xf4, 0x00, 0x00, 0x00, 0x48, 0x8d, 0x0d, 0xf5, 0x54, 0xb0, 0x00, 0xc6,
    0x44, 0x24, 0x28, 0x00, 0x48, 0x89, 0x4c, 0x24, 0x20, 0xe8, 0x4e, 0x5a,
    0x62, 0x00, 0x85, 0xc0, 0x0f, 0x85, 0x38, 0x01, 0x00, 0x00, 0xc6, 0x44,
    0x24, 0x28, 0x01, 0xe8, 0xbc, 0x22, 0x00, 0x00, 0x48, 0x85, 0xc0, 0x48,
    0x89, 0xc3, 0x74, 0x7b, 0x41, 0xb8, 0x03, 0x00, 0x00, 0x00, 0x48, 0x89,
    0xc1, 0x48, 0x8d, 0x15, 0xe4, 0x3e, 0x99, 0x00, 0xe8, 0x6f, 0xe3, 0x95,
    0x00, 0x41, 0xb8, 0x0e, 0x00, 0x00, 0x00, 0x48, 0x89, 0xd9, 0x48, 0x8d,
    0x15, 0xd3, 0x3e, 0x99, 0x00, 0xe8, 0x5a, 0xe3, 0x95, 0x00, 0x41, 0xb8,
    0x01, 0x00, 0x00, 0x00, 0x48, 0x89, 0xd9, 0x48, 0x8d, 0x15, 0xcd, 0x3e,
    0x99, 0x00, 0xe8, 0x45, 0xe3, 0x95, 0x00, 0x89, 0xfa, 0x48, 0x89, 0xd9,
    0xe8, 0x9b, 0xf2, 0x84, 0x00, 0x48, 0x8b, 0x03, 0x48, 0x8b, 0x40, 0xe8,
    0x48, 0x8b, 0xb4, 0x03, 0xf0, 0x00, 0x00, 0x00, 0x48, 0x85, 0xf6, 0x0f,
    0x84, 0xcc, 0x00, 0x00, 0x00, 0x80, 0x7e, 0x38, 0x00, 0x74, 0x2e, 0x0f,
    0xbe, 0x56, 0x43, 0x48, 0x89, 0xd9, 0xe8, 0xf1, 0xde, 0x84, 0x00, 0x48,
    0x89, 0xc1, 0xe8, 0xe9, 0xe0, 0x84, 0x00, 0x80, 0x7c, 0x24, 0x28, 0x00,
    0x0f, 0x85, 0x7e, 0x00, 0x00, 0x00, 0x89, 0xbd, 0x08, 0x01, 0x00, 0x00,
    0x48, 0x83, 0xc4, 0x38, 0x5b, 0x5e, 0x5f, 0x5d, 0xc3, 0x48, 0x89, 0xf1,
    0xe8, 0xb7, 0xc7, 0x80, 0x00, 0x48, 0x8b, 0x06, 0x48, 0x8d, 0x0d, 0xed,
    0xc9, 0x80, 0x00, 0xba, 0x0a, 0x00, 0x00, 0x00, 0x48, 0x8b, 0x40, 0x30,
    0x48, 0x39, 0xc8, 0x74, 0xb6, 0x48, 0x89, 0xf1, 0xff, 0xd0, 0x0f, 0xbe,
    0xd0, 0xeb, 0xac, 0x0f, 0x1f, 0x44, 0x00, 0x00, 0x48, 0x8d, 0x0d, 0xf9,
    0x53, 0xb0, 0x00, 0xe8, 0x44, 0xf0, 0x97, 0x00, 0x85, 0xc0, 0x0f, 0x84,
    0xf8, 0xfe, 0xff, 0xff, 0x48, 0x8d, 0x0d, 0xed, 0x53, 0xb0, 0x00, 0x31,
    0xd2, 0xe8, 0x56, 0x59, 0x62, 0x00, 0x48, 0x8d, 0x0d, 0xd7, 0x53, 0xb0,
    0x00, 0xe8, 0x62, 0xf1, 0x97, 0x00, 0x48, 0x8d, 0x0d, 0x5b, 0xfc, 0xff,
    0xff, 0xe8, 0xd6, 0x3a, 0x61, 0x00, 0xe9, 0xcd, 0xfe, 0xff, 0xff, 0x90,
    0x48, 0x8b, 0x4c, 0x24, 0x20, 0x48, 0x85, 0xc9, 0x0f, 0x84, 0x74, 0xff,
    0xff, 0xff, 0xe8, 0x15, 0x59, 0x62, 0x00, 0x89, 0xbd, 0x08, 0x01, 0x00,
    0x00, 0x48, 0x83, 0xc4, 0x38, 0x5b, 0x5e, 0x5f, 0x5d, 0xc3, 0x89, 0xc1,
    0xe8, 0x37, 0x0e, 0x96, 0x00, 0xe8, 0x92, 0xe9, 0x95, 0x00, 0x80, 0x7c,
    0x24, 0x28, 0x00, 0x48, 0x89, 0xc3, 0x74, 0x0a, 0x48, 0x8d, 0x4c, 0x24,
    0x20, 0xe8, 0xde, 0xc3, 0x85, 0x00, 0x48, 0x89, 0xd9, 0xe8, 0xa6, 0x54,
    0x61, 0x00, 0x90,
};

// 0x19de0  350 bytes  export AddLeatherQualityZoneInPart (ordinals 274,275)
// status: comment_only  -- call to 0x19A00 outside the block; call to 0x23BF0 outside the block; call to 0x5CD5C0 outside the block; call to 0x64D0F0 outside the block
// sha256: 6d669a59475bc358693d119b11962ddea9e7d61d7c7dde18a2e87f0e55630abc
alignas(16) const unsigned char kBytes_19de0[350] = {
    0x41, 0x54, 0x55, 0x57, 0x56, 0x53, 0x48, 0x81, 0xec, 0x90, 0x00, 0x00,
    0x00, 0x4c, 0x89, 0x4c, 0x24, 0x58, 0x4c, 0x8d, 0x64, 0x24, 0x60, 0x48,
    0x89, 0xcf, 0x44, 0x89, 0xc1, 0x89, 0x94, 0x24, 0xc8, 0x00, 0x00, 0x00,
    0x41, 0x89, 0xd0, 0x48, 0x89, 0xcb, 0x48, 0x89, 0xfa, 0x48, 0x89, 0x4c,
    0x24, 0x50, 0x48, 0x8d, 0x0d, 0x7c, 0x3d, 0x99, 0x00, 0x4c, 0x89, 0xce,
    0x4c, 0x8d, 0x4c, 0x24, 0x50, 0xe8, 0xca, 0x32, 0x63, 0x00, 0x48, 0x8d,
    0x57, 0x50, 0x4c, 0x89, 0xe1, 0xe8, 0x8e, 0x37, 0x5b, 0x00, 0x80, 0x7c,
    0x24, 0x60, 0x00, 0x66, 0x0f, 0xef, 0xdb, 0x75, 0x2d, 0xf2, 0x0f, 0x10,
    0x9c, 0x24, 0x80, 0x00, 0x00, 0x00, 0xf2, 0x0f, 0x10, 0x44, 0x24, 0x78,
    0xf2, 0x0f, 0x5c, 0x5c, 0x24, 0x70, 0xf2, 0x0f, 0x5c, 0x44, 0x24, 0x68,
    0x66, 0x0f, 0x2e, 0xd8, 0x0f, 0x86, 0xc3, 0x00, 0x00, 0x00, 0xf2, 0x0f,
    0x59, 0x1d, 0x66, 0x3d, 0x99, 0x00, 0x4c, 0x8b, 0x8f, 0x38, 0x01, 0x00,
    0x00, 0x48, 0x8d, 0xaf, 0x08, 0x02, 0x00, 0x00, 0x48, 0x8d, 0x8f, 0x30,
    0x01, 0x00, 0x00, 0x4d, 0x85, 0xc9, 0x0f, 0x84, 0xae, 0x00, 0x00, 0x00,
    0x8b, 0x84, 0x24, 0xc8, 0x00, 0x00, 0x00, 0x48, 0x89, 0xca, 0xeb, 0x0c,
    0x4c, 0x89, 0xca, 0x4d, 0x8b, 0x49, 0x10, 0x4d, 0x85, 0xc9, 0x74, 0x0f,
    0x41, 0x3b, 0x41, 0x20, 0x76, 0xee, 0x4d, 0x8b, 0x49, 0x18, 0x4d, 0x85,
    0xc9, 0x75, 0xf1, 0x48, 0x39, 0xd1, 0x74, 0x05, 0x3b, 0x42, 0x20, 0x73,
    0x67, 0x48, 0x8d, 0x8f, 0x28, 0x01, 0x00, 0x00, 0x4d, 0x89, 0xe0, 0xf2,
    0x0f, 0x11, 0x5c, 0x24, 0x48, 0x48, 0x8d, 0x84, 0x24, 0xc8, 0x00, 0x00,
    0x00, 0x48, 0x89, 0x44, 0x24, 0x60, 0xe8, 0x25, 0xfb, 0xff, 0xff, 0xf2,
    0x0f, 0x10, 0x5c, 0x24, 0x48, 0x48, 0x83, 0xc0, 0x28, 0x48, 0x89, 0x6c,
    0x24, 0x30, 0x48, 0x89, 0xf2, 0x89, 0xd9, 0xc7, 0x44, 0x24, 0x28, 0x00,
    0x00, 0x00, 0x00, 0x41, 0xb8, 0x01, 0x00, 0x00, 0x00, 0x48, 0x89, 0x44,
    0x24, 0x20, 0xe8, 0xe9, 0x9c, 0x00, 0x00, 0x90, 0x48, 0x81, 0xc4, 0x90,
    0x00, 0x00, 0x00, 0x5b, 0x5e, 0x5f, 0x5d, 0x41, 0x5c, 0xc3, 0x66, 0x2e,
    0x0f, 0x1f, 0x84, 0x00, 0x00, 0x00, 0x00, 0x00, 0x48, 0x89, 0xd0, 0xeb,
    0xbc, 0xf2, 0x0f, 0x59, 0x05, 0xa3, 0x3c, 0x99, 0x00, 0x66, 0x0f, 0x28,
    0xd8, 0xe9, 0x34, 0xff, 0xff, 0xff, 0x48, 0x89, 0xca, 0xe9, 0x7b, 0xff,
    0xff, 0xff,
};

// 0x1a0a0  331 bytes  export AddLeatherQualityZoneInSheet (ordinals 276,277)
// status: comment_only  -- call to 0x19A00 outside the block; call to 0x23BF0 outside the block; call to 0x5CD5C0 outside the block; call to 0x64D5A0 outside the block
// sha256: 2a2f4007b73c760f0ec3a28c1a756a4590cf82aa04a07da093e104b2dc818d8b
alignas(16) const unsigned char kBytes_1a0a0[331] = {
    0x41, 0x54, 0x55, 0x57, 0x56, 0x53, 0x48, 0x81, 0xec, 0x90, 0x00, 0x00,
    0x00, 0x4c, 0x89, 0x4c, 0x24, 0x58, 0x4c, 0x8d, 0x64, 0x24, 0x60, 0x48,
    0x89, 0xcf, 0x44, 0x89, 0xc1, 0x89, 0x94, 0x24, 0xc8, 0x00, 0x00, 0x00,
    0x41, 0x89, 0xd0, 0x48, 0x89, 0xcb, 0x48, 0x89, 0xfa, 0x48, 0x89, 0x4c,
    0x24, 0x50, 0x48, 0x8d, 0x0d, 0xd8, 0x3a, 0x99, 0x00, 0x4c, 0x89, 0xce,
    0x4c, 0x8d, 0x4c, 0x24, 0x50, 0xe8, 0xba, 0x34, 0x63, 0x00, 0x48, 0x89,
    0xfa, 0x4c, 0x89, 0xe1, 0xe8, 0xcf, 0x34, 0x5b, 0x00, 0x80, 0x7c, 0x24,
    0x60, 0x00, 0x66, 0x0f, 0xef, 0xdb, 0x75, 0x2d, 0xf2, 0x0f, 0x10, 0x9c,
    0x24, 0x80, 0x00, 0x00, 0x00, 0xf2, 0x0f, 0x10, 0x44, 0x24, 0x78, 0xf2,
    0x0f, 0x5c, 0x5c, 0x24, 0x70, 0xf2, 0x0f, 0x5c, 0x44, 0x24, 0x68, 0x66,
    0x0f, 0x2e, 0xd8, 0x0f, 0x86, 0xb4, 0x00, 0x00, 0x00, 0xf2, 0x0f, 0x59,
    0x1d, 0xa7, 0x3a, 0x99, 0x00, 0x4c, 0x8b, 0x4f, 0x70, 0x48, 0x8d, 0xaf,
    0x60, 0x01, 0x00, 0x00, 0x48, 0x8d, 0x4f, 0x68, 0x4d, 0x85, 0xc9, 0x0f,
    0x84, 0xa5, 0x00, 0x00, 0x00, 0x8b, 0x84, 0x24, 0xc8, 0x00, 0x00, 0x00,
    0x48, 0x89, 0xca, 0xeb, 0x0f, 0x0f, 0x1f, 0x00, 0x4c, 0x89, 0xca, 0x4d,
    0x8b, 0x49, 0x10, 0x4d, 0x85, 0xc9, 0x74, 0x0f, 0x41, 0x3b, 0x41, 0x20,
    0x76, 0xee, 0x4d, 0x8b, 0x49, 0x18, 0x4d, 0x85, 0xc9, 0x75, 0xf1, 0x48,
    0x39, 0xd1, 0x74, 0x05, 0x3b, 0x42, 0x20, 0x73, 0x5b, 0x48, 0x8d, 0x4f,
    0x60, 0x4d, 0x89, 0xe0, 0xf2, 0x0f, 0x11, 0x5c, 0x24, 0x48, 0x48, 0x8d,
    0x84, 0x24, 0xc8, 0x00, 0x00, 0x00, 0x48, 0x89, 0x44, 0x24, 0x60, 0xe8,
    0x6c, 0xf8, 0xff, 0xff, 0xf2, 0x0f, 0x10, 0x5c, 0x24, 0x48, 0x48, 0x83,
    0xc0, 0x28, 0x48, 0x89, 0x6c, 0x24, 0x30, 0x48, 0x89, 0xf2, 0x89, 0xd9,
    0xc7, 0x44, 0x24, 0x28, 0x00, 0x00, 0x00, 0x00, 0x41, 0xb8, 0x01, 0x00,
    0x00, 0x00, 0x48, 0x89, 0x44, 0x24, 0x20, 0xe8, 0x30, 0x9a, 0x00, 0x00,
    0x90, 0x48, 0x81, 0xc4, 0x90, 0x00, 0x00, 0x00, 0x5b, 0x5e, 0x5f, 0x5d,
    0x41, 0x5c, 0xc3, 0x90, 0x48, 0x89, 0xd0, 0xeb, 0xc5, 0xf2, 0x0f, 0x59,
    0x05, 0xf3, 0x39, 0x99, 0x00, 0x66, 0x0f, 0x28, 0xd8, 0xe9, 0x43, 0xff,
    0xff, 0xff, 0x48, 0x89, 0xca, 0xeb, 0x8a,
};

// 0x1aa90  944 bytes  export CreateRestrictedZoneConstraint (ordinals 278,279)
// status: comment_only  -- call to 0x1BF40 outside the block; call to 0x62D860 outside the block; call to 0x62F280 outside the block; call to 0x63F6B8 outside the block (+14 more)
// sha256: 8433baa8e0d76d7d9b0d27653d1ae7768668eabdaf44ed81afb1061de3ad2834
alignas(16) const unsigned char kBytes_1aa90[944] = {
    0x55, 0x57, 0x56, 0x53, 0x48, 0x83, 0xec, 0x38, 0x0f, 0xb6, 0x05, 0xd1,
    0x46, 0xb0, 0x00, 0x84, 0xc0, 0x48, 0x89, 0xce, 0x0f, 0x84, 0x79, 0x02,
    0x00, 0x00, 0x48, 0x8d, 0x3d, 0xc7, 0x46, 0xb0, 0x00, 0xc6, 0x44, 0x24,
    0x28, 0x00, 0x48, 0x89, 0xf9, 0x48, 0x89, 0x7c, 0x24, 0x20, 0xe8, 0xfd,
    0x4b, 0x62, 0x00, 0x85, 0xc0, 0x0f, 0x85, 0x32, 0x03, 0x00, 0x00, 0xc6,
    0x44, 0x24, 0x28, 0x01, 0xe8, 0x6b, 0x14, 0x00, 0x00, 0x48, 0x85, 0xc0,
    0x48, 0x89, 0xc3, 0x0f, 0x84, 0x80, 0x00, 0x00, 0x00, 0x41, 0xb8, 0x03,
    0x00, 0x00, 0x00, 0x48, 0x89, 0xc1, 0x48, 0x8d, 0x15, 0xef, 0x30, 0x99,
    0x00, 0xe8, 0x1a, 0xd5, 0x95, 0x00, 0x41, 0xb8, 0x1e, 0x00, 0x00, 0x00,
    0x48, 0x89, 0xd9, 0x48, 0x8d, 0x15, 0x1a, 0x31, 0x99, 0x00, 0xe8, 0x05,
    0xd5, 0x95, 0x00, 0x41, 0xb8, 0x01, 0x00, 0x00, 0x00, 0x48, 0x89, 0xd9,
    0x48, 0x8d, 0x15, 0xe4, 0x30, 0x99, 0x00, 0xe8, 0xf0, 0xd4, 0x95, 0x00,
    0x48, 0x89, 0xf2, 0x48, 0x89, 0xd9, 0xe8, 0x65, 0xd9, 0x84, 0x00, 0x48,
    0x8b, 0x03, 0x48, 0x8b, 0x40, 0xe8, 0x48, 0x8b, 0xac, 0x03, 0xf0, 0x00,
    0x00, 0x00, 0x48, 0x85, 0xed, 0x0f, 0x84, 0xe2, 0x02, 0x00, 0x00, 0x80,
    0x7d, 0x38, 0x00, 0x0f, 0x84, 0x73, 0x01, 0x00, 0x00, 0x0f, 0xbe, 0x55,
    0x43, 0x48, 0x89, 0xd9, 0xe8, 0x97, 0xd0, 0x84, 0x00, 0x48, 0x89, 0xc1,
    0xe8, 0x8f, 0xd2, 0x84, 0x00, 0x80, 0x7c, 0x24, 0x28, 0x00, 0x0f, 0x85,
    0x35, 0x02, 0x00, 0x00, 0xb9, 0x48, 0x00, 0x00, 0x00, 0xe8, 0x8a, 0xd9,
    0x97, 0x00, 0x48, 0x8d, 0x50, 0x20, 0x48, 0xc7, 0x00, 0x00, 0x00, 0x00,
    0x00, 0x48, 0x89, 0x50, 0x30, 0x48, 0x89, 0x50, 0x38, 0x48, 0x8b, 0x96,
    0x98, 0x02, 0x00, 0x00, 0x48, 0x3b, 0x96, 0xa0, 0x02, 0x00, 0x00, 0x48,
    0xc7, 0x40, 0x08, 0x00, 0x00, 0x00, 0x00, 0x48, 0xc7, 0x40, 0x10, 0x00,
    0x00, 0x00, 0x00, 0xc7, 0x40, 0x20, 0x00, 0x00, 0x00, 0x00, 0x48, 0xc7,
    0x40, 0x28, 0x00, 0x00, 0x00, 0x00, 0x48, 0xc7, 0x40, 0x40, 0x00, 0x00,
    0x00, 0x00, 0x48, 0x89, 0x44, 0x24, 0x20, 0x0f, 0x84, 0x17, 0x02, 0x00,
    0x00, 0x48, 0x85, 0xd2, 0x74, 0x03, 0x48, 0x89, 0x02, 0x48, 0x83, 0xc2,
    0x08, 0x48, 0x89, 0x96, 0x98, 0x02, 0x00, 0x00, 0x48, 0x8b, 0x6a, 0xf8,
    0x0f, 0xb6, 0x05, 0x89, 0x45, 0xb0, 0x00, 0x84, 0xc0, 0x0f, 0x84, 0x73,
    0x01, 0x00, 0x00, 0x48, 0x8d, 0x0d, 0x82, 0x45, 0xb0, 0x00, 0x48, 0x89,
    0x7c, 0x24, 0x20, 0xc6, 0x44, 0x24, 0x28, 0x00, 0xe8, 0xbb, 0x4a, 0x62,
    0x00, 0x85, 0xc0, 0x0f, 0x85, 0xf0, 0x01, 0x00, 0x00, 0xc6, 0x44, 0x24,
    0x28, 0x01, 0xe8, 0x29, 0x13, 0x00, 0x00, 0x48, 0x85, 0xc0, 0x48, 0x89,
    0xc3, 0x74, 0x7c, 0x41, 0xb8, 0x03, 0x00, 0x00, 0x00, 0x48, 0x89, 0xc1,
    0x48, 0x8d, 0x15, 0xb1, 0x2f, 0x99, 0x00, 0xe8, 0xdc, 0xd3, 0x95, 0x00,
    0x41, 0xb8, 0x03, 0x00, 0x00, 0x00, 0x48, 0x89, 0xd9, 0x48, 0x8d, 0x15,
    0xfb, 0x2f, 0x99, 0x00, 0xe8, 0xc7, 0xd3, 0x95, 0x00, 0x41, 0xb8, 0x01,
    0x00, 0x00, 0x00, 0x48, 0x89, 0xd9, 0x48, 0x8d, 0x15, 0xa6, 0x2f, 0x99,
    0x00, 0xe8, 0xb2, 0xd3, 0x95, 0x00, 0x48, 0x89, 0xea, 0x48, 0x89, 0xd9,
    0xe8, 0x27, 0xd8, 0x84, 0x00, 0x48, 0x8b, 0x03, 0x48, 0x8b, 0x40, 0xe8,
    0x48, 0x8b, 0xbc, 0x03, 0xf0, 0x00, 0x00, 0x00, 0x48, 0x85, 0xff, 0x0f,
    0x84, 0x83, 0x01, 0x00, 0x00, 0x80, 0x7f, 0x38, 0x00, 0x74, 0x6b, 0x0f,
    0xbe, 0x57, 0x43, 0x48, 0x89, 0xd9, 0xe8, 0x5d, 0xcf, 0x84, 0x00, 0x48,
    0x89, 0xc1, 0xe8, 0x55, 0xd1, 0x84, 0x00, 0x80, 0x7c, 0x24, 0x28, 0x00,
    0x0f, 0x85, 0x1a, 0x01, 0x00, 0x00, 0x48, 0x8b, 0x86, 0x98, 0x02, 0x00,
    0x00, 0x48, 0x8b, 0x40, 0xf8, 0x48, 0x83, 0xc4, 0x38, 0x5b, 0x5e, 0x5f,
    0x5d, 0xc3, 0x66, 0x0f, 0x1f, 0x44, 0x00, 0x00, 0x48, 0x89, 0xe9, 0xe8,
    0x18, 0xb8, 0x80, 0x00, 0x48, 0x8b, 0x45, 0x00, 0x48, 0x8d, 0x0d, 0x4d,
    0xba, 0x80, 0x00, 0xba, 0x0a, 0x00, 0x00, 0x00, 0x48, 0x8b, 0x40, 0x30,
    0x48, 0x39, 0xc8, 0x0f, 0x84, 0x6c, 0xfe, 0xff, 0xff, 0x48, 0x89, 0xe9,
    0xff, 0xd0, 0x0f, 0xbe, 0xd0, 0xe9, 0x5f, 0xfe, 0xff, 0xff, 0x48, 0x89,
    0xf9, 0xe8, 0xe6, 0xb7, 0x80, 0x00, 0x48, 0x8b, 0x07, 0x48, 0x8d, 0x0d,
    0x1c, 0xba, 0x80, 0x00, 0xba, 0x0a, 0x00, 0x00, 0x00, 0x48, 0x8b, 0x40,
    0x30, 0x48, 0x39, 0xc8, 0x0f, 0x84, 0x75, 0xff, 0xff, 0xff, 0x48, 0x89,
    0xf9, 0xff, 0xd0, 0x0f, 0xbe, 0xd0, 0xe9, 0x68, 0xff, 0xff, 0xff, 0x48,
    0x8d, 0x0d, 0x46, 0x44, 0xb0, 0x00, 0xe8, 0x71, 0xe0, 0x97, 0x00, 0x85,
    0xc0, 0x0f, 0x84, 0x73, 0xfd, 0xff, 0xff, 0x48, 0x8d, 0x0d, 0x3a, 0x44,
    0xb0, 0x00, 0x31, 0xd2, 0xe8, 0x83, 0x49, 0x62, 0x00, 0x48, 0x8d, 0x0d,
    0x24, 0x44, 0xb0, 0x00, 0xe8, 0x8f, 0xe1, 0x97, 0x00, 0x48, 0x8d, 0x0d,
    0x98, 0xf4, 0xff, 0xff, 0xe8, 0x03, 0x2b, 0x61, 0x00, 0xe9, 0x48, 0xfd,
    0xff, 0xff, 0x48, 0x8d, 0x0d, 0x07, 0x44, 0xb0, 0x00, 0xe8, 0x32, 0xe0,
    0x97, 0x00, 0x85, 0xc0, 0x0f, 0x84, 0x79, 0xfe, 0xff, 0xff, 0x48, 0x8d,
    0x0d, 0xfb, 0x43, 0xb0, 0x00, 0x31, 0xd2, 0xe8, 0x44, 0x49, 0x62, 0x00,
    0x48, 0x8d, 0x0d, 0xe5, 0x43, 0xb0, 0x00, 0xe8, 0x50, 0xe1, 0x97, 0x00,
    0x48, 0x8d, 0x0d, 0x59, 0xf4, 0xff, 0xff, 0xe8, 0xc4, 0x2a, 0x61, 0x00,
    0xe9, 0x4e, 0xfe, 0xff, 0xff, 0x48, 0x8b, 0x4c, 0x24, 0x20, 0x48, 0x85,
    0xc9, 0x0f, 0x84, 0xbd, 0xfd, 0xff, 0xff, 0xe8, 0x04, 0x49, 0x62, 0x00,
    0xe9, 0xb3, 0xfd, 0xff, 0xff, 0x0f, 0x1f, 0x80, 0x00, 0x00, 0x00, 0x00,
    0x48, 0x8b, 0x4c, 0x24, 0x20, 0x48, 0x85, 0xc9, 0x0f, 0x84, 0xd8, 0xfe,
    0xff, 0xff, 0xe8, 0xe5, 0x48, 0x62, 0x00, 0xe9, 0xce, 0xfe, 0xff, 0xff,
    0x0f, 0x1f, 0x84, 0x00, 0x00, 0x00, 0x00, 0x00, 0x48, 0x8d, 0x54, 0x24,
    0x20, 0x48, 0x8d, 0x8e, 0x90, 0x02, 0x00, 0x00, 0xe8, 0x1f, 0xf1, 0x8d,
    0x00, 0x48, 0x8b, 0x96, 0x98, 0x02, 0x00, 0x00, 0xe9, 0xdf, 0xfd, 0xff,
    0xff, 0x89, 0xc1, 0xe8, 0xec, 0xfd, 0x95, 0x00, 0xe8, 0x47, 0xd9, 0x95,
    0x00, 0x80, 0x7c, 0x24, 0x28, 0x00, 0x48, 0x89, 0xc3, 0x74, 0x0a, 0x48,
    0x8d, 0x4c, 0x24, 0x20, 0xe8, 0x93, 0xb3, 0x85, 0x00, 0x48, 0x89, 0xd9,
    0xe8, 0x5b, 0x44, 0x61, 0x00, 0xe8, 0x26, 0xd9, 0x95, 0x00, 0x80, 0x7c,
    0x24, 0x28, 0x00, 0x48, 0x89, 0xc3, 0x74, 0xe9, 0x48, 0x8d, 0x4c, 0x24,
    0x20, 0xe8, 0x72, 0xb3, 0x85, 0x00, 0xeb, 0xdd,
};

// 0x1ae40  507 bytes  export CNS_SetZoneRestrictedPart (ordinals 280,281)
// status: comment_only  -- call to 0x1BF40 outside the block; call to 0x62D860 outside the block; call to 0x62F280 outside the block; call to 0x63F6B8 outside the block (+13 more)
// sha256: fb983486bfa5671c85c70cabbedac3c269c08ffa2ea3d4bf1c72b8e859586645
alignas(16) const unsigned char kBytes_1ae40[507] = {
    0x57, 0x56, 0x53, 0x48, 0x83, 0xec, 0x30, 0x48, 0x89, 0x54, 0x24, 0x58,
    0x0f, 0xb6, 0x05, 0x1d, 0x43, 0xb0, 0x00, 0x48, 0x89, 0xce, 0x48, 0x89,
    0xd7, 0x84, 0xc0, 0x0f, 0x84, 0x3f, 0x01, 0x00, 0x00, 0x48, 0x8d, 0x0d,
    0x10, 0x43, 0xb0, 0x00, 0xc6, 0x44, 0x24, 0x28, 0x00, 0x48, 0x89, 0x4c,
    0x24, 0x20, 0xe8, 0x49, 0x48, 0x62, 0x00, 0x85, 0xc0, 0x0f, 0x85, 0x93,
    0x01, 0x00, 0x00, 0xc6, 0x44, 0x24, 0x28, 0x01, 0xe8, 0xb7, 0x10, 0x00,
    0x00, 0x48, 0x85, 0xc0, 0x48, 0x89, 0xc3, 0x0f, 0x84, 0x9c, 0x00, 0x00,
    0x00, 0x41, 0xb8, 0x03, 0x00, 0x00, 0x00, 0x48, 0x89, 0xc1, 0x48, 0x8d,
    0x15, 0x3b, 0x2d, 0x99, 0x00, 0xe8, 0x66, 0xd1, 0x95, 0x00, 0x41, 0xb8,
    0x19, 0x00, 0x00, 0x00, 0x48, 0x89, 0xd9, 0x48, 0x8d, 0x15, 0x89, 0x2d,
    0x99, 0x00, 0xe8, 0x51, 0xd1, 0x95, 0x00, 0x41, 0xb8, 0x01, 0x00, 0x00,
    0x00, 0x48, 0x89, 0xd9, 0x48, 0x8d, 0x15, 0x30, 0x2d, 0x99, 0x00, 0xe8,
    0x3c, 0xd1, 0x95, 0x00, 0x48, 0x89, 0xf2, 0x48, 0x89, 0xd9, 0xe8, 0xb1,
    0xd5, 0x84, 0x00, 0x41, 0xb8, 0x01, 0x00, 0x00, 0x00, 0x48, 0x89, 0xd9,
    0x48, 0x8d, 0x15, 0x10, 0x2d, 0x99, 0x00, 0xe8, 0x1c, 0xd1, 0x95, 0x00,
    0x48, 0x89, 0xfa, 0x48, 0x89, 0xd9, 0xe8, 0x91, 0xd5, 0x84, 0x00, 0x48,
    0x8b, 0x03, 0x48, 0x8b, 0x40, 0xe8, 0x48, 0x8b, 0xbc, 0x03, 0xf0, 0x00,
    0x00, 0x00, 0x48, 0x85, 0xff, 0x0f, 0x84, 0x02, 0x01, 0x00, 0x00, 0x80,
    0x7f, 0x38, 0x00, 0x74, 0x53, 0x0f, 0xbe, 0x57, 0x43, 0x48, 0x89, 0xd9,
    0xe8, 0xc7, 0xcc, 0x84, 0x00, 0x48, 0x89, 0xc1, 0xe8, 0xbf, 0xce, 0x84,
    0x00, 0x80, 0x7c, 0x24, 0x28, 0x00, 0x0f, 0x85, 0xa4, 0x00, 0x00, 0x00,
    0x48, 0x8b, 0x46, 0x08, 0x48, 0x3b, 0x46, 0x10, 0x0f, 0x84, 0xb6, 0x00,
    0x00, 0x00, 0x48, 0x85, 0xc0, 0x48, 0x8b, 0x54, 0x24, 0x58, 0x74, 0x03,
    0x48, 0x89, 0x10, 0x48, 0x83, 0xc0, 0x08, 0x48, 0x89, 0x46, 0x08, 0x48,
    0x83, 0xc4, 0x30, 0x5b, 0x5e, 0x5f, 0xc3, 0x66, 0x0f, 0x1f, 0x84, 0x00,
    0x00, 0x00, 0x00, 0x00, 0x48, 0x89, 0xf9, 0xe8, 0x68, 0xb5, 0x80, 0x00,
    0x48, 0x8b, 0x07, 0x48, 0x8d, 0x0d, 0x9e, 0xb7, 0x80, 0x00, 0xba, 0x0a,
    0x00, 0x00, 0x00, 0x48, 0x8b, 0x40, 0x30, 0x48, 0x39, 0xc8, 0x74, 0x91,
    0x48, 0x89, 0xf9, 0xff, 0xd0, 0x0f, 0xbe, 0xd0, 0xeb, 0x87, 0x66, 0x0f,
    0x1f, 0x44, 0x00, 0x00, 0x48, 0x8d, 0x0d, 0xc9, 0x41, 0xb0, 0x00, 0xe8,
    0xf4, 0xdd, 0x97, 0x00, 0x85, 0xc0, 0x0f, 0x84, 0xad, 0xfe, 0xff, 0xff,
    0x48, 0x8d, 0x0d, 0xbd, 0x41, 0xb0, 0x00, 0x31, 0xd2, 0xe8, 0x06, 0x47,
    0x62, 0x00, 0x48, 0x8d, 0x0d, 0xa7, 0x41, 0xb0, 0x00, 0xe8, 0x12, 0xdf,
    0x97, 0x00, 0x48, 0x8d, 0x0d, 0x1b, 0xf2, 0xff, 0xff, 0xe8, 0x86, 0x28,
    0x61, 0x00, 0xe9, 0x82, 0xfe, 0xff, 0xff, 0x90, 0x48, 0x8b, 0x4c, 0x24,
    0x20, 0x48, 0x85, 0xc9, 0x0f, 0x84, 0x4e, 0xff, 0xff, 0xff, 0xe8, 0xc5,
    0x46, 0x62, 0x00, 0xe9, 0x44, 0xff, 0xff, 0xff, 0x0f, 0x1f, 0x84, 0x00,
    0x00, 0x00, 0x00, 0x00, 0x48, 0x8d, 0x54, 0x24, 0x58, 0x48, 0x89, 0xf1,
    0xe8, 0xa3, 0x82, 0x8d, 0x00, 0xe9, 0x4d, 0xff, 0xff, 0xff, 0x89, 0xc1,
    0xe8, 0xd7, 0xfb, 0x95, 0x00, 0xe8, 0x32, 0xd7, 0x95, 0x00, 0x80, 0x7c,
    0x24, 0x28, 0x00, 0x48, 0x89, 0xc3, 0x74, 0x0a, 0x48, 0x8d, 0x4c, 0x24,
    0x20, 0xe8, 0x7e, 0xb1, 0x85, 0x00, 0x48, 0x89, 0xd9, 0xe8, 0x46, 0x42,
    0x61, 0x00, 0x90,
};

// 0x1a7d0  286 bytes  export sub_1A7D0 (ordinals 282,283)
// status: comment_only  -- call to 0x1A210 outside the block; call to 0x62F280 outside the block; call to 0x9984B0 outside the block; call to 0x998500 outside the block (+1 more)
// sha256: e30795f669062ba8f1b1899136bbfbfd8f5abdd764ab31d19f6b92a0a930357e
alignas(16) const unsigned char kBytes_1a7d0[286] = {
    0x57, 0x56, 0x53, 0x48, 0x83, 0xc4, 0x80, 0x66, 0x0f, 0xef, 0xc0, 0xf2,
    0x41, 0x0f, 0x10, 0x49, 0x08, 0xf2, 0x41, 0x0f, 0x10, 0x19, 0xf2, 0x41,
    0x0f, 0x10, 0x60, 0x08, 0xf2, 0x41, 0x0f, 0x10, 0x10, 0x48, 0x89, 0xce,
    0xb9, 0x60, 0x00, 0x00, 0x00, 0x48, 0x89, 0xd7, 0xf2, 0x0f, 0x11, 0x64,
    0x24, 0x28, 0xf2, 0x0f, 0x11, 0x54, 0x24, 0x20, 0xf2, 0x0f, 0x11, 0x44,
    0x24, 0x30, 0xf2, 0x0f, 0x11, 0x5c, 0x24, 0x38, 0xf2, 0x0f, 0x11, 0x64,
    0x24, 0x40, 0xf2, 0x0f, 0x11, 0x44, 0x24, 0x48, 0xf2, 0x0f, 0x11, 0x5c,
    0x24, 0x50, 0xf2, 0x0f, 0x11, 0x4c, 0x24, 0x58, 0xf2, 0x0f, 0x11, 0x44,
    0x24, 0x60, 0xf2, 0x0f, 0x11, 0x54, 0x24, 0x68, 0xf2, 0x0f, 0x11, 0x4c,
    0x24, 0x70, 0xf2, 0x0f, 0x11, 0x44, 0x24, 0x78, 0xe8, 0xb7, 0xdc, 0x97,
    0x00, 0x41, 0xb8, 0x04, 0x00, 0x00, 0x00, 0x48, 0x89, 0xfa, 0x48, 0x89,
    0xf1, 0x48, 0x89, 0xc3, 0x48, 0x8b, 0x44, 0x24, 0x20, 0x49, 0x89, 0xd9,
    0x48, 0x89, 0x03, 0x48, 0x8b, 0x44, 0x24, 0x28, 0x48, 0x89, 0x43, 0x08,
    0x48, 0x8b, 0x44, 0x24, 0x30, 0x48, 0x89, 0x43, 0x10, 0x48, 0x8b, 0x44,
    0x24, 0x38, 0x48, 0x89, 0x43, 0x18, 0x48, 0x8b, 0x44, 0x24, 0x40, 0x48,
    0x89, 0x43, 0x20, 0x48, 0x8b, 0x44, 0x24, 0x48, 0x48, 0x89, 0x43, 0x28,
    0x48, 0x8b, 0x44, 0x24, 0x50, 0x48, 0x89, 0x43, 0x30, 0x48, 0x8b, 0x44,
    0x24, 0x58, 0x48, 0x89, 0x43, 0x38, 0x48, 0x8b, 0x44, 0x24, 0x60, 0x48,
    0x89, 0x43, 0x40, 0x48, 0x8b, 0x44, 0x24, 0x68, 0x48, 0x89, 0x43, 0x48,
    0x48, 0x8b, 0x44, 0x24, 0x70, 0x48, 0x89, 0x43, 0x50, 0x48, 0x8b, 0x44,
    0x24, 0x78, 0x48, 0x89, 0x43, 0x58, 0xe8, 0x45, 0xf9, 0xff, 0xff, 0x48,
    0x89, 0xd9, 0x48, 0x83, 0xec, 0x80, 0x5b, 0x5e, 0x5f, 0xe9, 0xd6, 0xdb,
    0x97, 0x00, 0x48, 0x89, 0xc6, 0x48, 0x89, 0xd9, 0xe8, 0xcb, 0xdb, 0x97,
    0x00, 0x48, 0x89, 0xf1, 0xe8, 0x93, 0x49, 0x61, 0x00, 0x90,
};

// 0x1a210  1468 bytes  export CNS_SheetAddRestrictedZone (ordinals 284,285)
// status: comment_only  -- call to 0x1BF40 outside the block; call to 0x1C110 outside the block; call to 0x23BF0 outside the block; call to 0x5CD5C0 outside the block (+20 more)
// sha256: 581f90c0a7297282de07239b9b64d230fe7eecd93be784906f8dd82982a84319
alignas(16) const unsigned char kBytes_1a210[1468] = {
    0x41, 0x57, 0x41, 0x56, 0x41, 0x55, 0x41, 0x54, 0x55, 0x57, 0x56, 0x53,
    0x48, 0x81, 0xec, 0xa8, 0x00, 0x00, 0x00, 0x0f, 0x29, 0xb4, 0x24, 0x90,
    0x00, 0x00, 0x00, 0x0f, 0xb6, 0x05, 0x3e, 0x4f, 0xb0, 0x00, 0x84, 0xc0,
    0x48, 0x89, 0xcf, 0x48, 0x89, 0xd3, 0x44, 0x89, 0xc5, 0x4d, 0x89, 0xcc,
    0x0f, 0x84, 0xca, 0x02, 0x00, 0x00, 0x48, 0x8d, 0x0d, 0x2b, 0x4f, 0xb0,
    0x00, 0xc6, 0x44, 0x24, 0x68, 0x00, 0x48, 0x89, 0x4c, 0x24, 0x60, 0xe8,
    0x64, 0x54, 0x62, 0x00, 0x85, 0xc0, 0x0f, 0x85, 0x5b, 0x05, 0x00, 0x00,
    0xc6, 0x44, 0x24, 0x68, 0x01, 0xe8, 0xd2, 0x1c, 0x00, 0x00, 0x48, 0x85,
    0xc0, 0x48, 0x89, 0xc6, 0x0f, 0x84, 0xcd, 0x00, 0x00, 0x00, 0x41, 0xb8,
    0x03, 0x00, 0x00, 0x00, 0x48, 0x89, 0xc1, 0x48, 0x8d, 0x15, 0x56, 0x39,
    0x99, 0x00, 0xe8, 0x81, 0xdd, 0x95, 0x00, 0x41, 0xb8, 0x1a, 0x00, 0x00,
    0x00, 0x48, 0x89, 0xf1, 0x48, 0x8d, 0x15, 0x45, 0x39, 0x99, 0x00, 0xe8,
    0x6c, 0xdd, 0x95, 0x00, 0x41, 0xb8, 0x01, 0x00, 0x00, 0x00, 0x48, 0x89,
    0xf1, 0x48, 0x8d, 0x15, 0x4b, 0x39, 0x99, 0x00, 0xe8, 0x57, 0xdd, 0x95,
    0x00, 0x48, 0x89, 0xfa, 0x48, 0x89, 0xf1, 0xe8, 0xcc, 0xe1, 0x84, 0x00,
    0x41, 0xb8, 0x01, 0x00, 0x00, 0x00, 0x48, 0x89, 0xf1, 0x48, 0x8d, 0x15,
    0x2b, 0x39, 0x99, 0x00, 0xe8, 0x37, 0xdd, 0x95, 0x00, 0x48, 0x89, 0xda,
    0x48, 0x89, 0xf1, 0xe8, 0xac, 0xe1, 0x84, 0x00, 0x41, 0xb8, 0x01, 0x00,
    0x00, 0x00, 0x48, 0x89, 0xf1, 0x89, 0x6c, 0x24, 0x50, 0x48, 0x8d, 0x15,
    0x07, 0x39, 0x99, 0x00, 0x4c, 0x89, 0x64, 0x24, 0x58, 0xe8, 0x0e, 0xdd,
    0x95, 0x00, 0x48, 0x8d, 0x54, 0x24, 0x50, 0x48, 0x89, 0xf1, 0xe8, 0x01,
    0x1e, 0x00, 0x00, 0x48, 0x8b, 0x06, 0x48, 0x8b, 0x40, 0xe8, 0x4c, 0x8b,
    0xac, 0x06, 0xf0, 0x00, 0x00, 0x00, 0x4d, 0x85, 0xed, 0x0f, 0x84, 0x9f,
    0x04, 0x00, 0x00, 0x41, 0x80, 0x7d, 0x38, 0x00, 0x0f, 0x84, 0x8e, 0x01,
    0x00, 0x00, 0x41, 0x0f, 0xbe, 0x55, 0x43, 0x48, 0x89, 0xf1, 0xe8, 0xb1,
    0xd8, 0x84, 0x00, 0x48, 0x89, 0xc1, 0xe8, 0xa9, 0xda, 0x84, 0x00, 0x80,
    0x7c, 0x24, 0x68, 0x00, 0x0f, 0x85, 0xa0, 0x01, 0x00, 0x00, 0x48, 0x8d,
    0x4c, 0x24, 0x60, 0x48, 0x89, 0xda, 0x66, 0x0f, 0xef, 0xf6, 0xe8, 0x5d,
    0x32, 0x5b, 0x00, 0x80, 0x7c, 0x24, 0x60, 0x00, 0x75, 0x2d, 0xf2, 0x0f,
    0x10, 0xb4, 0x24, 0x80, 0x00, 0x00, 0x00, 0xf2, 0x0f, 0x10, 0x5c, 0x24,
    0x78, 0xf2, 0x0f, 0x5c, 0x74, 0x24, 0x70, 0xf2, 0x0f, 0x5c, 0x5c, 0x24,
    0x68, 0x66, 0x0f, 0x2e, 0xf3, 0x0f, 0x86, 0xc1, 0x01, 0x00, 0x00, 0xf2,
    0x0f, 0x59, 0x35, 0xc9, 0x38, 0x99, 0x00, 0x48, 0x8b, 0x47, 0x28, 0x4c,
    0x8d, 0xab, 0x60, 0x01, 0x00, 0x00, 0x4c, 0x8d, 0x77, 0x20, 0x48, 0x85,
    0xc0, 0x0f, 0x84, 0xea, 0x01, 0x00, 0x00, 0x4c, 0x89, 0xf6, 0xeb, 0x0c,
    0x48, 0x89, 0xc6, 0x48, 0x8b, 0x40, 0x10, 0x48, 0x85, 0xc0, 0x74, 0x0f,
    0x48, 0x39, 0x58, 0x20, 0x73, 0xee, 0x48, 0x8b, 0x40, 0x18, 0x48, 0x85,
    0xc0, 0x75, 0xf1, 0x49, 0x39, 0xf6, 0x0f, 0x84, 0x9c, 0x02, 0x00, 0x00,
    0x48, 0x39, 0x5e, 0x20, 0x0f, 0x86, 0x92, 0x00, 0x00, 0x00, 0xb9, 0x40,
    0x00, 0x00, 0x00, 0xe8, 0x14, 0xe1, 0x97, 0x00, 0x48, 0x89, 0x58, 0x20,
    0x48, 0x39, 0x5e, 0x20, 0x49, 0x89, 0xc7, 0x48, 0xc7, 0x40, 0x28, 0x00,
    0x00, 0x00, 0x00, 0x48, 0xc7, 0x40, 0x30, 0x00, 0x00, 0x00, 0x00, 0x48,
    0xc7, 0x40, 0x38, 0x00, 0x00, 0x00, 0x00, 0x0f, 0x86, 0x4c, 0x01, 0x00,
    0x00, 0x48, 0x8b, 0x47, 0x30, 0x48, 0x39, 0xf0, 0x48, 0x89, 0x44, 0x24,
    0x48, 0x74, 0x20, 0x48, 0x89, 0xf1, 0xe8, 0xb5, 0xfb, 0x95, 0x00, 0x48,
    0x39, 0x58, 0x20, 0x49, 0x89, 0xc0, 0x0f, 0x83, 0x74, 0x02, 0x00, 0x00,
    0x48, 0x83, 0x78, 0x18, 0x00, 0x0f, 0x84, 0xcd, 0x01, 0x00, 0x00, 0x49,
    0x89, 0xf0, 0x48, 0x85, 0xf6, 0x0f, 0x85, 0x53, 0x02, 0x00, 0x00, 0x4d,
    0x39, 0xc6, 0x0f, 0x84, 0x4a, 0x02, 0x00, 0x00, 0x31, 0xc9, 0x49, 0x39,
    0x58, 0x20, 0x0f, 0x97, 0xc1, 0x4d, 0x89, 0xf1, 0x4c, 0x89, 0xfa, 0x4c,
    0x89, 0xfe, 0xe8, 0xb1, 0xcd, 0x96, 0x00, 0x48, 0x83, 0x47, 0x40, 0x01,
    0x48, 0x83, 0xc6, 0x28, 0x4c, 0x89, 0x6c, 0x24, 0x30, 0x89, 0xe9, 0x66,
    0x0f, 0x28, 0xde, 0x41, 0xb8, 0x01, 0x00, 0x00, 0x00, 0x4c, 0x89, 0xe2,
    0xc7, 0x44, 0x24, 0x28, 0x00, 0x00, 0x00, 0x00, 0x48, 0x89, 0x74, 0x24,
    0x20, 0xe8, 0x52, 0x97, 0x00, 0x00, 0x90, 0x0f, 0x28, 0xb4, 0x24, 0x90,
    0x00, 0x00, 0x00, 0x48, 0x81, 0xc4, 0xa8, 0x00, 0x00, 0x00, 0x5b, 0x5e,
    0x5f, 0x5d, 0x41, 0x5c, 0x41, 0x5d, 0x41, 0x5e, 0x41, 0x5f, 0xc3, 0x0f,
    0x1f, 0x44, 0x00, 0x00, 0x4c, 0x89, 0xe9, 0xe8, 0x18, 0xc0, 0x80, 0x00,
    0x49, 0x8b, 0x45, 0x00, 0x48, 0x8d, 0x0d, 0x4d, 0xc2, 0x80, 0x00, 0xba,
    0x0a, 0x00, 0x00, 0x00, 0x48, 0x8b, 0x40, 0x30, 0x48, 0x39, 0xc8, 0x0f,
    0x84, 0x52, 0xfe, 0xff, 0xff, 0x4c, 0x89, 0xe9, 0xff, 0xd0, 0x0f, 0xbe,
    0xd0, 0xe9, 0x45, 0xfe, 0xff, 0xff, 0x48, 0x8b, 0x4c, 0x24, 0x60, 0x48,
    0x85, 0xc9, 0x0f, 0x84, 0x52, 0xfe, 0xff, 0xff, 0xe8, 0xb3, 0x51, 0x62,
    0x00, 0xe9, 0x48, 0xfe, 0xff, 0xff, 0x66, 0x0f, 0x1f, 0x44, 0x00, 0x00,
    0x48, 0x8d, 0x0d, 0x59, 0x4c, 0xb0, 0x00, 0xe8, 0x84, 0xe8, 0x97, 0x00,
    0x85, 0xc0, 0x0f, 0x84, 0x22, 0xfd, 0xff, 0xff, 0x48, 0x8d, 0x0d, 0x4d,
    0x4c, 0xb0, 0x00, 0x31, 0xd2, 0xe8, 0x96, 0x51, 0x62, 0x00, 0x48, 0x8d,
    0x0d, 0x37, 0x4c, 0xb0, 0x00, 0xe8, 0xa2, 0xe9, 0x97, 0x00, 0x48, 0x8d,
    0x0d, 0xab, 0xfc, 0xff, 0xff, 0xe8, 0x16, 0x33, 0x61, 0x00, 0xe9, 0xf7,
    0xfc, 0xff, 0xff, 0x90, 0xf2, 0x0f, 0x59, 0x1d, 0x08, 0x37, 0x99, 0x00,
    0x66, 0x0f, 0x28, 0xf3, 0xe9, 0x36, 0xfe, 0xff, 0xff, 0x0f, 0x83, 0x00,
    0x01, 0x00, 0x00, 0x48, 0x39, 0x77, 0x38, 0x0f, 0x84, 0x75, 0x01, 0x00,
    0x00, 0x48, 0x89, 0xf1, 0xe8, 0xc7, 0xfa, 0x95, 0x00, 0x48, 0x39, 0x58,
    0x20, 0x49, 0x89, 0xc0, 0x0f, 0x86, 0x94, 0x01, 0x00, 0x00, 0x48, 0x83,
    0x7e, 0x18, 0x00, 0x0f, 0x84, 0x55, 0x01, 0x00, 0x00, 0x48, 0x89, 0xc6,
    0xe9, 0xad, 0xfe, 0xff, 0xff, 0xb9, 0x40, 0x00, 0x00, 0x00, 0x4c, 0x89,
    0xf6, 0xe8, 0x5a, 0xdf, 0x97, 0x00, 0x49, 0x89, 0xc7, 0x48, 0x89, 0x58,
    0x20, 0x48, 0xc7, 0x40, 0x28, 0x00, 0x00, 0x00, 0x00, 0x48, 0xc7, 0x40,
    0x30, 0x00, 0x00, 0x00, 0x00, 0x48, 0xc7, 0x40, 0x38, 0x00, 0x00, 0x00,
    0x00, 0x48, 0x83, 0x7f, 0x40, 0x00, 0x75, 0x3a, 0x4c, 0x8b, 0x47, 0x28,
    0x4d, 0x85, 0xc0, 0x75, 0x20, 0xe9, 0xa3, 0x01, 0x00, 0x00, 0x66, 0x0f,
    0x1f, 0x44, 0x00, 0x00, 0x49, 0x8b, 0x40, 0x10, 0xb9, 0x01, 0x00, 0x00,
    0x00, 0x48, 0x85, 0xc0, 0x0f, 0x84, 0x6e, 0x01, 0x00, 0x00, 0x49, 0x89,
    0xc0, 0x49, 0x8b, 0x50, 0x20, 0x48, 0x39, 0xda, 0x77, 0xe2, 0x49, 0x8b,
    0x40, 0x18, 0x31, 0xc9, 0xeb, 0xe3, 0x4c, 0x8b, 0x47, 0x38, 0x49, 0x39,
    0x58, 0x20, 0x73, 0xbc, 0x31, 0xf6, 0xe9, 0x2f, 0xfe, 0xff, 0xff, 0x84,
    0xc9, 0x4c, 0x89, 0xc6, 0x0f, 0x85, 0xcf, 0x00, 0x00, 0x00, 0x48, 0x39,
    0xda, 0x73, 0x40, 0x4d, 0x85, 0xc0, 0x75, 0xe4, 0x49, 0x8b, 0x7f, 0x30,
    0x31, 0xf6, 0x49, 0x8b, 0x5f, 0x28, 0x48, 0x39, 0xdf, 0x74, 0x1f, 0x0f,
    0x1f, 0x44, 0x00, 0x00, 0x48, 0x8b, 0x0b, 0x48, 0x85, 0xc9, 0x74, 0x05,
    0xe8, 0x63, 0xde, 0x97, 0x00, 0x48, 0x83, 0xc3, 0x18, 0x48, 0x39, 0xdf,
    0x75, 0xea, 0x49, 0x8b, 0x5f, 0x28, 0x48, 0x85, 0xdb, 0x74, 0x08, 0x48,
    0x89, 0xd9, 0xe8, 0x49, 0xde, 0x97, 0x00, 0x4c, 0x89, 0xf9, 0xe8, 0x41,
    0xde, 0x97, 0x00, 0xe9, 0x00, 0xfe, 0xff, 0xff, 0xb9, 0x40, 0x00, 0x00,
    0x00, 0xe8, 0x82, 0xde, 0x97, 0x00, 0x49, 0x89, 0xc7, 0x48, 0x89, 0x58,
    0x20, 0x48, 0xc7, 0x40, 0x28, 0x00, 0x00, 0x00, 0x00, 0x48, 0xc7, 0x40,
    0x30, 0x00, 0x00, 0x00, 0x00, 0x48, 0xc7, 0x40, 0x38, 0x00, 0x00, 0x00,
    0x00, 0xe9, 0x23, 0xff, 0xff, 0xff, 0xb9, 0x01, 0x00, 0x00, 0x00, 0xe9,
    0xb5, 0xfd, 0xff, 0xff, 0x4c, 0x8b, 0x47, 0x28, 0x4d, 0x85, 0xc0, 0x75,
    0x20, 0xeb, 0x37, 0x66, 0x0f, 0x1f, 0x84, 0x00, 0x00, 0x00, 0x00, 0x00,
    0x49, 0x8b, 0x40, 0x10, 0xb9, 0x01, 0x00, 0x00, 0x00, 0x48, 0x85, 0xc0,
    0x0f, 0x84, 0x45, 0xff, 0xff, 0xff, 0x49, 0x89, 0xc0, 0x49, 0x8b, 0x50,
    0x20, 0x48, 0x39, 0xda, 0x77, 0xe2, 0x49, 0x8b, 0x40, 0x18, 0x31, 0xc9,
    0xeb, 0xe3, 0x49, 0x89, 0xf0, 0xe9, 0x6a, 0xfd, 0xff, 0xff, 0x4d, 0x89,
    0xf0, 0x4c, 0x3b, 0x44, 0x24, 0x48, 0x0f, 0x84, 0x2b, 0xff, 0xff, 0xff,
    0x4c, 0x89, 0xc1, 0x4c, 0x89, 0x44, 0x24, 0x48, 0xe8, 0xd7, 0xf8, 0x95,
    0x00, 0x4c, 0x8b, 0x44, 0x24, 0x48, 0x48, 0x89, 0xc6, 0x48, 0x8b, 0x50,
    0x20, 0xe9, 0x08, 0xff, 0xff, 0xff, 0x4c, 0x8b, 0x47, 0x28, 0x4d, 0x85,
    0xc0, 0x75, 0x13, 0xeb, 0x79, 0x49, 0x8b, 0x40, 0x10, 0xb9, 0x01, 0x00,
    0x00, 0x00, 0x48, 0x85, 0xc0, 0x74, 0x14, 0x49, 0x89, 0xc0, 0x49, 0x8b,
    0x50, 0x20, 0x48, 0x39, 0xda, 0x77, 0xe6, 0x49, 0x8b, 0x40, 0x18, 0x31,
    0xc9, 0xeb, 0xe7, 0x84, 0xc9, 0x4c, 0x89, 0xc6, 0x0f, 0x84, 0xd0, 0xfe,
    0xff, 0xff, 0x4c, 0x3b, 0x47, 0x30, 0x75, 0xa4, 0xe9, 0xca, 0xfe, 0xff,
    0xff, 0x0f, 0x1f, 0x00, 0x84, 0xc9, 0x4c, 0x89, 0xc6, 0x75, 0x16, 0x48,
    0x39, 0xda, 0x0f, 0x82, 0xb7, 0xfe, 0xff, 0xff, 0x49, 0x8b, 0x7f, 0x30,
    0x49, 0x8b, 0x5f, 0x28, 0xe9, 0xb9, 0xfe, 0xff, 0xff, 0x4c, 0x8b, 0x47,
    0x30, 0x49, 0x39, 0xf0, 0x0f, 0x84, 0x9d, 0xfe, 0xff, 0xff, 0x48, 0x89,
    0xf1, 0xe8, 0x4e, 0xf8, 0x95, 0x00, 0x49, 0x89, 0xf0, 0x48, 0x8b, 0x50,
    0x20, 0x48, 0x89, 0xc6, 0xeb, 0xc9, 0x4d, 0x89, 0xf0, 0xeb, 0xaf, 0x80,
    0x7c, 0x24, 0x68, 0x00, 0x48, 0x89, 0xc3, 0x74, 0x0a, 0x48, 0x8d, 0x4c,
    0x24, 0x60, 0xe8, 0xf9, 0xb9, 0x85, 0x00, 0x48, 0x89, 0xd9, 0xe8, 0xc1,
    0x4a, 0x61, 0x00, 0x89, 0xc1, 0xe8, 0x2a, 0x04, 0x96, 0x00, 0xe8, 0x85,
    0xdf, 0x95, 0x00, 0x90,
};

// 0xb000  18 bytes  export sub_0B000 (ordinals 286,287)
// status: callable
// sha256: 3760c4936086dd8de6812aa750276054976c5191a627ac2871cb415ecc3f0256
alignas(16) const unsigned char kBytes_b000[18] = {
    0x85, 0xd2, 0xf2, 0x0f, 0x11, 0x91, 0x00, 0x01, 0x00, 0x00, 0x0f, 0x95,
    0x81, 0xf9, 0x00, 0x00, 0x00, 0xc3,
};

// 0xaff0  10 bytes  export sub_0AFF0 (ordinals 288,289)
// status: callable
// sha256: 78da96b6d180c46b94cc7f47e5e8ae76829af454a1268f9984c2cfb7dbb9044c
alignas(16) const unsigned char kBytes_aff0[10] = {
    0x85, 0xd2, 0x0f, 0x95, 0x81, 0xf8, 0x00, 0x00, 0x00, 0xc3,
};

// 0x101c0  127 bytes  export AddToolPathToPart (ordinals 290,291)
// status: comment_only  -- call to 0x1BA30 outside the block; call to 0x23BF0 outside the block; call to 0x64C940 outside the block
// sha256: ddd930f708f778acac7605c6153720cb1613f65e4caa307fc9605503d07e98cd
alignas(16) const unsigned char kBytes_101c0[127] = {
    0x57, 0x56, 0x53, 0x48, 0x83, 0xec, 0x50, 0x89, 0xd0, 0x4c, 0x89, 0xc7,
    0x48, 0x89, 0xcb, 0x4c, 0x89, 0x44, 0x24, 0x48, 0x4c, 0x8d, 0x44, 0x24,
    0x40, 0x48, 0x89, 0xc6, 0x48, 0x89, 0xca, 0x48, 0x89, 0x44, 0x24, 0x40,
    0x48, 0x8d, 0x0d, 0xbf, 0xcf, 0x99, 0x00, 0xe8, 0x50, 0xc7, 0x63, 0x00,
    0x48, 0x89, 0xfa, 0x89, 0xf1, 0xe8, 0x36, 0xb8, 0x00, 0x00, 0x41, 0xb8,
    0x01, 0x00, 0x00, 0x00, 0x48, 0x89, 0xfa, 0x89, 0xf1, 0xf2, 0x0f, 0x10,
    0x1d, 0x0b, 0xd5, 0x99, 0x00, 0x48, 0x8d, 0x83, 0x08, 0x02, 0x00, 0x00,
    0x48, 0x81, 0xc3, 0x98, 0x00, 0x00, 0x00, 0xc7, 0x44, 0x24, 0x28, 0x00,
    0x00, 0x00, 0x00, 0x48, 0x89, 0x44, 0x24, 0x30, 0xf2, 0x0f, 0x59, 0xd8,
    0x48, 0x89, 0x5c, 0x24, 0x20, 0xe8, 0xba, 0x39, 0x01, 0x00, 0x90, 0x48,
    0x83, 0xc4, 0x50, 0x5b, 0x5e, 0x5f, 0xc3,
};

// 0x19f40  342 bytes  export AddLeatherQualityZoneInPart (ordinals 292,293)
// status: comment_only  -- call to 0x19A00 outside the block; call to 0x23BF0 outside the block; call to 0x5CD5C0 outside the block; call to 0x64D0F0 outside the block
// sha256: 9c9927925a3a378fdf274470a66198a6032e79fdc6adfffe7dd54265cd50b944
alignas(16) const unsigned char kBytes_19f40[342] = {
    0x41, 0x54, 0x55, 0x57, 0x56, 0x53, 0x48, 0x81, 0xec, 0x90, 0x00, 0x00,
    0x00, 0x4c, 0x89, 0x4c, 0x24, 0x58, 0x4c, 0x8d, 0x64, 0x24, 0x60, 0x48,
    0x89, 0xcf, 0x44, 0x89, 0xc1, 0x89, 0x94, 0x24, 0xc8, 0x00, 0x00, 0x00,
    0x41, 0x89, 0xd0, 0x48, 0x89, 0xcb, 0x48, 0x89, 0xfa, 0x48, 0x89, 0x4c,
    0x24, 0x50, 0x48, 0x8d, 0x0d, 0x1c, 0x3c, 0x99, 0x00, 0x4c, 0x89, 0xce,
    0x4c, 0x8d, 0x4c, 0x24, 0x50, 0xe8, 0x6a, 0x31, 0x63, 0x00, 0x48, 0x8d,
    0x57, 0x50, 0x4c, 0x89, 0xe1, 0xe8, 0x2e, 0x36, 0x5b, 0x00, 0x80, 0x7c,
    0x24, 0x60, 0x00, 0x66, 0x0f, 0xef, 0xdb, 0x75, 0x2d, 0xf2, 0x0f, 0x10,
    0x9c, 0x24, 0x80, 0x00, 0x00, 0x00, 0xf2, 0x0f, 0x10, 0x44, 0x24, 0x78,
    0xf2, 0x0f, 0x5c, 0x5c, 0x24, 0x70, 0xf2, 0x0f, 0x5c, 0x44, 0x24, 0x68,
    0x66, 0x0f, 0x2e, 0xd8, 0x0f, 0x86, 0xbe, 0x00, 0x00, 0x00, 0xf2, 0x0f,
    0x59, 0x1d, 0x06, 0x3c, 0x99, 0x00, 0x4c, 0x8b, 0x8f, 0x68, 0x01, 0x00,
    0x00, 0x48, 0x8d, 0xaf, 0x08, 0x02, 0x00, 0x00, 0x48, 0x8d, 0x8f, 0x60,
    0x01, 0x00, 0x00, 0x4d, 0x85, 0xc9, 0x0f, 0x84, 0xa9, 0x00, 0x00, 0x00,
    0x8b, 0x84, 0x24, 0xc8, 0x00, 0x00, 0x00, 0x48, 0x89, 0xca, 0xeb, 0x0c,
    0x4c, 0x89, 0xca, 0x4d, 0x8b, 0x49, 0x10, 0x4d, 0x85, 0xc9, 0x74, 0x0f,
    0x41, 0x3b, 0x41, 0x20, 0x76, 0xee, 0x4d, 0x8b, 0x49, 0x18, 0x4d, 0x85,
    0xc9, 0x75, 0xf1, 0x48, 0x39, 0xd1, 0x74, 0x05, 0x3b, 0x42, 0x20, 0x73,
    0x5a, 0x48, 0x8d, 0x8f, 0x58, 0x01, 0x00, 0x00, 0x4d, 0x89, 0xe0, 0xf2,
    0x0f, 0x11, 0x5c, 0x24, 0x48, 0x48, 0x8d, 0x84, 0x24, 0xc8, 0x00, 0x00,
    0x00, 0x48, 0x89, 0x44, 0x24, 0x60, 0xe8, 0xc5, 0xf9, 0xff, 0xff, 0xf2,
    0x0f, 0x10, 0x5c, 0x24, 0x48, 0x48, 0x83, 0xc0, 0x28, 0x48, 0x89, 0x6c,
    0x24, 0x30, 0x45, 0x31, 0xc0, 0x48, 0x89, 0xf2, 0xc7, 0x44, 0x24, 0x28,
    0x00, 0x00, 0x00, 0x00, 0x89, 0xd9, 0x48, 0x89, 0x44, 0x24, 0x20, 0xe8,
    0x8c, 0x9b, 0x00, 0x00, 0x90, 0x48, 0x81, 0xc4, 0x90, 0x00, 0x00, 0x00,
    0x5b, 0x5e, 0x5f, 0x5d, 0x41, 0x5c, 0xc3, 0x48, 0x89, 0xd0, 0xeb, 0xc9,
    0x0f, 0x1f, 0x84, 0x00, 0x00, 0x00, 0x00, 0x00, 0xf2, 0x0f, 0x59, 0x05,
    0x48, 0x3b, 0x99, 0x00, 0x66, 0x0f, 0x28, 0xd8, 0xe9, 0x39, 0xff, 0xff,
    0xff, 0x48, 0x89, 0xca, 0xeb, 0x83,
};

// 0x12c60  169 bytes  export AddInflatedToolPathToPart (ordinals 294,295)
// status: comment_only  -- call to 0x128E0 outside the block; call to 0x64CB30 outside the block
// sha256: 74b422232b8de28c11feb5af414ede76be417a2753553afe5aa0262c992ba184
alignas(16) const unsigned char kBytes_12c60[169] = {
    0x41, 0x55, 0x41, 0x54, 0x55, 0x57, 0x56, 0x53, 0x48, 0x83, 0xec, 0x28,
    0x48, 0x89, 0xcf, 0x48, 0x89, 0xca, 0x66, 0x0f, 0x28, 0xd1, 0x48, 0x8d,
    0x0d, 0x94, 0xa8, 0x99, 0x00, 0x66, 0x48, 0x0f, 0x7e, 0xce, 0xe8, 0xa9,
    0x9e, 0x63, 0x00, 0x48, 0x8b, 0x6f, 0x58, 0x4c, 0x8d, 0xaf, 0xb0, 0x00,
    0x00, 0x00, 0x48, 0x8b, 0x5f, 0x50, 0x4c, 0x8d, 0xa7, 0x98, 0x00, 0x00,
    0x00, 0x48, 0x39, 0xeb, 0x74, 0x1c, 0x48, 0x89, 0xd9, 0x66, 0x48, 0x0f,
    0x6e, 0xde, 0x4d, 0x89, 0xe8, 0x4c, 0x89, 0xe2, 0x48, 0x83, 0xc3, 0x18,
    0xe8, 0x27, 0xfc, 0xff, 0xff, 0x48, 0x39, 0xdd, 0x75, 0xe4, 0x48, 0x8b,
    0x5f, 0x68, 0x48, 0x8b, 0x6f, 0x70, 0x48, 0x39, 0xdd, 0x74, 0x31, 0x4c,
    0x8d, 0xa7, 0xb0, 0x00, 0x00, 0x00, 0x48, 0x0f, 0xba, 0xfe, 0x3f, 0x48,
    0x81, 0xc7, 0x98, 0x00, 0x00, 0x00, 0x66, 0x90, 0x48, 0x89, 0xd9, 0x66,
    0x48, 0x0f, 0x6e, 0xde, 0x49, 0x89, 0xf8, 0x4c, 0x89, 0xe2, 0x48, 0x83,
    0xc3, 0x18, 0xe8, 0xe9, 0xfb, 0xff, 0xff, 0x48, 0x39, 0xdd, 0x75, 0xe4,
    0x48, 0x83, 0xc4, 0x28, 0x5b, 0x5e, 0x5f, 0x5d, 0x41, 0x5c, 0x41, 0x5d,
    0xc3,
};

// 0x10240  124 bytes  export AddHoleInToolPath (ordinals 296,297)
// status: comment_only  -- call to 0x1BA30 outside the block; call to 0x23BF0 outside the block; call to 0x64C940 outside the block
// sha256: 1a6970bf63d1a0b6e8720b3bf1644b7f9c951def933c7375ab752d588427fc64
alignas(16) const unsigned char kBytes_10240[124] = {
    0x57, 0x56, 0x53, 0x48, 0x83, 0xec, 0x50, 0x89, 0xd0, 0x4c, 0x89, 0xc7,
    0x48, 0x89, 0xcb, 0x4c, 0x89, 0x44, 0x24, 0x48, 0x4c, 0x8d, 0x44, 0x24,
    0x40, 0x48, 0x89, 0xc6, 0x48, 0x89, 0xca, 0x48, 0x89, 0x44, 0x24, 0x40,
    0x48, 0x8d, 0x0d, 0x51, 0xcf, 0x99, 0x00, 0xe8, 0xd0, 0xc6, 0x63, 0x00,
    0x48, 0x89, 0xfa, 0x89, 0xf1, 0xe8, 0xb6, 0xb7, 0x00, 0x00, 0x45, 0x31,
    0xc0, 0x48, 0x89, 0xfa, 0x89, 0xf1, 0xf2, 0x0f, 0x10, 0x1d, 0x8e, 0xd4,
    0x99, 0x00, 0x48, 0x8d, 0x83, 0x08, 0x02, 0x00, 0x00, 0x48, 0x81, 0xc3,
    0xb0, 0x00, 0x00, 0x00, 0xc7, 0x44, 0x24, 0x28, 0x00, 0x00, 0x00, 0x00,
    0x48, 0x89, 0x44, 0x24, 0x30, 0xf2, 0x0f, 0x59, 0xd8, 0x48, 0x89, 0x5c,
    0x24, 0x20, 0xe8, 0x3d, 0x39, 0x01, 0x00, 0x90, 0x48, 0x83, 0xc4, 0x50,
    0x5b, 0x5e, 0x5f, 0xc3,
};

// 0x13e30  417 bytes  export SetSpecificSheetOrigin (ordinals 298,299)
// status: comment_only  -- call to 0x1BF40 outside the block; call to 0x62D860 outside the block; call to 0x62F280 outside the block; call to 0x63F6B8 outside the block (+12 more)
// sha256: 1f1ead206fec90ca71d2488180d530490bc1f5aa80cf10c0e73a600af05b62c8
alignas(16) const unsigned char kBytes_13e30[417] = {
    0x55, 0x57, 0x56, 0x53, 0x48, 0x83, 0xec, 0x38, 0x0f, 0xb6, 0x05, 0xa1,
    0xb2, 0xb0, 0x00, 0x84, 0xc0, 0x48, 0x89, 0xcf, 0x89, 0xd5, 0x0f, 0x84,
    0x04, 0x01, 0x00, 0x00, 0x48, 0x8d, 0x0d, 0x95, 0xb2, 0xb0, 0x00, 0xc6,
    0x44, 0x24, 0x28, 0x00, 0x48, 0x89, 0x4c, 0x24, 0x20, 0xe8, 0x5e, 0xb8,
    0x62, 0x00, 0x85, 0xc0, 0x0f, 0x85, 0x3e, 0x01, 0x00, 0x00, 0xc6, 0x44,
    0x24, 0x28, 0x01, 0xe8, 0xcc, 0x80, 0x00, 0x00, 0x48, 0x85, 0xc0, 0x48,
    0x89, 0xc3, 0x74, 0x7b, 0x41, 0xb8, 0x03, 0x00, 0x00, 0x00, 0x48, 0x89,
    0xc1, 0x48, 0x8d, 0x15, 0xb4, 0x98, 0x99, 0x00, 0xe8, 0x7f, 0x41, 0x96,
    0x00, 0x41, 0xb8, 0x16, 0x00, 0x00, 0x00, 0x48, 0x89, 0xd9, 0x48, 0x8d,
    0x15, 0x65, 0x99, 0x99, 0x00, 0xe8, 0x6a, 0x41, 0x96, 0x00, 0x41, 0xb8,
    0x01, 0x00, 0x00, 0x00, 0x48, 0x89, 0xd9, 0x48, 0x8d, 0x15, 0x8e, 0x98,
    0x99, 0x00, 0xe8, 0x55, 0x41, 0x96, 0x00, 0x89, 0xea, 0x48, 0x89, 0xd9,
    0xe8, 0x3b, 0x5e, 0x85, 0x00, 0x48, 0x8b, 0x03, 0x48, 0x8b, 0x40, 0xe8,
    0x48, 0x8b, 0xb4, 0x03, 0xf0, 0x00, 0x00, 0x00, 0x48, 0x85, 0xf6, 0x0f,
    0x84, 0xd2, 0x00, 0x00, 0x00, 0x80, 0x7e, 0x38, 0x00, 0x74, 0x3d, 0x0f,
    0xbe, 0x56, 0x43, 0x48, 0x89, 0xd9, 0xe8, 0x01, 0x3d, 0x85, 0x00, 0x48,
    0x89, 0xc1, 0xe8, 0xf9, 0x3e, 0x85, 0x00, 0x80, 0x7c, 0x24, 0x28, 0x00,
    0x0f, 0x85, 0x8e, 0x00, 0x00, 0x00, 0xc6, 0x87, 0x24, 0x01, 0x00, 0x00,
    0x01, 0x89, 0xaf, 0x28, 0x01, 0x00, 0x00, 0x48, 0x83, 0xc4, 0x38, 0x5b,
    0x5e, 0x5f, 0x5d, 0xc3, 0x0f, 0x1f, 0x84, 0x00, 0x00, 0x00, 0x00, 0x00,
    0x48, 0x89, 0xf1, 0xe8, 0xb8, 0x25, 0x81, 0x00, 0x48, 0x8b, 0x06, 0x48,
    0x8d, 0x0d, 0xee, 0x27, 0x81, 0x00, 0xba, 0x0a, 0x00, 0x00, 0x00, 0x48,
    0x8b, 0x40, 0x30, 0x48, 0x39, 0xc8, 0x74, 0xa7, 0x48, 0x89, 0xf1, 0xff,
    0xd0, 0x0f, 0xbe, 0xd0, 0xeb, 0x9d, 0x66, 0x0f, 0x1f, 0x44, 0x00, 0x00,
    0x48, 0x8d, 0x0d, 0x89, 0xb1, 0xb0, 0x00, 0xe8, 0x44, 0x4e, 0x98, 0x00,
    0x85, 0xc0, 0x0f, 0x84, 0xe8, 0xfe, 0xff, 0xff, 0x48, 0x8d, 0x0d, 0x7d,
    0xb1, 0xb0, 0x00, 0x31, 0xd2, 0xe8, 0x56, 0xb7, 0x62, 0x00, 0x48, 0x8d,
    0x0d, 0x67, 0xb1, 0xb0, 0x00, 0xe8, 0x62, 0x4f, 0x98, 0x00, 0x48, 0x8d,
    0x0d, 0x3b, 0xf3, 0xff, 0xff, 0xe8, 0xd6, 0x98, 0x61, 0x00, 0xe9, 0xbd,
    0xfe, 0xff, 0xff, 0x90, 0x48, 0x8b, 0x4c, 0x24, 0x20, 0x48, 0x85, 0xc9,
    0x0f, 0x84, 0x64, 0xff, 0xff, 0xff, 0xe8, 0x15, 0xb7, 0x62, 0x00, 0xe9,
    0x5a, 0xff, 0xff, 0xff, 0x89, 0xc1, 0xe8, 0x41, 0x6c, 0x96, 0x00, 0xe8,
    0x9c, 0x47, 0x96, 0x00, 0x80, 0x7c, 0x24, 0x28, 0x00, 0x48, 0x89, 0xc3,
    0x74, 0x0a, 0x48, 0x8d, 0x4c, 0x24, 0x20, 0xe8, 0xe8, 0x21, 0x86, 0x00,
    0x48, 0x89, 0xd9, 0xe8, 0xb0, 0xb2, 0x61, 0x00, 0x90,
};

// 0x13fe0  417 bytes  export SetSpecificSheetObjective (ordinals 300,301)
// status: comment_only  -- call to 0x1BF40 outside the block; call to 0x62D860 outside the block; call to 0x62F280 outside the block; call to 0x63F6B8 outside the block (+12 more)
// sha256: 1eab6812fe55506ae00efddec8cd5d3f5764494ef7757c3736caef8448401d6d
alignas(16) const unsigned char kBytes_13fe0[417] = {
    0x55, 0x57, 0x56, 0x53, 0x48, 0x83, 0xec, 0x38, 0x0f, 0xb6, 0x05, 0xf1,
    0xb0, 0xb0, 0x00, 0x84, 0xc0, 0x48, 0x89, 0xcf, 0x89, 0xd5, 0x0f, 0x84,
    0x04, 0x01, 0x00, 0x00, 0x48, 0x8d, 0x0d, 0xe5, 0xb0, 0xb0, 0x00, 0xc6,
    0x44, 0x24, 0x28, 0x00, 0x48, 0x89, 0x4c, 0x24, 0x20, 0xe8, 0xae, 0xb6,
    0x62, 0x00, 0x85, 0xc0, 0x0f, 0x85, 0x3e, 0x01, 0x00, 0x00, 0xc6, 0x44,
    0x24, 0x28, 0x01, 0xe8, 0x1c, 0x7f, 0x00, 0x00, 0x48, 0x85, 0xc0, 0x48,
    0x89, 0xc3, 0x74, 0x7b, 0x41, 0xb8, 0x03, 0x00, 0x00, 0x00, 0x48, 0x89,
    0xc1, 0x48, 0x8d, 0x15, 0x04, 0x97, 0x99, 0x00, 0xe8, 0xcf, 0x3f, 0x96,
    0x00, 0x41, 0xb8, 0x19, 0x00, 0x00, 0x00, 0x48, 0x89, 0xd9, 0x48, 0x8d,
    0x15, 0xcc, 0x97, 0x99, 0x00, 0xe8, 0xba, 0x3f, 0x96, 0x00, 0x41, 0xb8,
    0x01, 0x00, 0x00, 0x00, 0x48, 0x89, 0xd9, 0x48, 0x8d, 0x15, 0xde, 0x96,
    0x99, 0x00, 0xe8, 0xa5, 0x3f, 0x96, 0x00, 0x89, 0xea, 0x48, 0x89, 0xd9,
    0xe8, 0x8b, 0x5c, 0x85, 0x00, 0x48, 0x8b, 0x03, 0x48, 0x8b, 0x40, 0xe8,
    0x48, 0x8b, 0xb4, 0x03, 0xf0, 0x00, 0x00, 0x00, 0x48, 0x85, 0xf6, 0x0f,
    0x84, 0xd2, 0x00, 0x00, 0x00, 0x80, 0x7e, 0x38, 0x00, 0x74, 0x3d, 0x0f,
    0xbe, 0x56, 0x43, 0x48, 0x89, 0xd9, 0xe8, 0x51, 0x3b, 0x85, 0x00, 0x48,
    0x89, 0xc1, 0xe8, 0x49, 0x3d, 0x85, 0x00, 0x80, 0x7c, 0x24, 0x28, 0x00,
    0x0f, 0x85, 0x8e, 0x00, 0x00, 0x00, 0xc6, 0x87, 0x2c, 0x01, 0x00, 0x00,
    0x01, 0x89, 0xaf, 0x30, 0x01, 0x00, 0x00, 0x48, 0x83, 0xc4, 0x38, 0x5b,
    0x5e, 0x5f, 0x5d, 0xc3, 0x0f, 0x1f, 0x84, 0x00, 0x00, 0x00, 0x00, 0x00,
    0x48, 0x89, 0xf1, 0xe8, 0x08, 0x24, 0x81, 0x00, 0x48, 0x8b, 0x06, 0x48,
    0x8d, 0x0d, 0x3e, 0x26, 0x81, 0x00, 0xba, 0x0a, 0x00, 0x00, 0x00, 0x48,
    0x8b, 0x40, 0x30, 0x48, 0x39, 0xc8, 0x74, 0xa7, 0x48, 0x89, 0xf1, 0xff,
    0xd0, 0x0f, 0xbe, 0xd0, 0xeb, 0x9d, 0x66, 0x0f, 0x1f, 0x44, 0x00, 0x00,
    0x48, 0x8d, 0x0d, 0xd9, 0xaf, 0xb0, 0x00, 0xe8, 0x94, 0x4c, 0x98, 0x00,
    0x85, 0xc0, 0x0f, 0x84, 0xe8, 0xfe, 0xff, 0xff, 0x48, 0x8d, 0x0d, 0xcd,
    0xaf, 0xb0, 0x00, 0x31, 0xd2, 0xe8, 0xa6, 0xb5, 0x62, 0x00, 0x48, 0x8d,
    0x0d, 0xb7, 0xaf, 0xb0, 0x00, 0xe8, 0xb2, 0x4d, 0x98, 0x00, 0x48, 0x8d,
    0x0d, 0x8b, 0xf1, 0xff, 0xff, 0xe8, 0x26, 0x97, 0x61, 0x00, 0xe9, 0xbd,
    0xfe, 0xff, 0xff, 0x90, 0x48, 0x8b, 0x4c, 0x24, 0x20, 0x48, 0x85, 0xc9,
    0x0f, 0x84, 0x64, 0xff, 0xff, 0xff, 0xe8, 0x65, 0xb5, 0x62, 0x00, 0xe9,
    0x5a, 0xff, 0xff, 0xff, 0x89, 0xc1, 0xe8, 0x91, 0x6a, 0x96, 0x00, 0xe8,
    0xec, 0x45, 0x96, 0x00, 0x80, 0x7c, 0x24, 0x28, 0x00, 0x48, 0x89, 0xc3,
    0x74, 0x0a, 0x48, 0x8d, 0x4c, 0x24, 0x20, 0xe8, 0x38, 0x20, 0x86, 0x00,
    0x48, 0x89, 0xd9, 0xe8, 0x00, 0xb1, 0x61, 0x00, 0x90,
};

// 0x1a8f0  411 bytes  export CNS_ForcePartOnBottomBorder (ordinals 302,303)
// status: comment_only  -- call to 0x1BF40 outside the block; call to 0x62D860 outside the block; call to 0x62F280 outside the block; call to 0x63F6B8 outside the block (+12 more)
// sha256: ebe12fd7f1300e314855df6c05078ca997fccb4b4886204e1cdb2507046bc907
alignas(16) const unsigned char kBytes_1a8f0[411] = {
    0x57, 0x56, 0x53, 0x48, 0x83, 0xec, 0x30, 0x0f, 0xb6, 0x05, 0x72, 0x48,
    0xb0, 0x00, 0x84, 0xc0, 0x48, 0x89, 0xcf, 0x0f, 0x84, 0xf7, 0x00, 0x00,
    0x00, 0x48, 0x8d, 0x0d, 0x68, 0x48, 0xb0, 0x00, 0xc6, 0x44, 0x24, 0x28,
    0x00, 0x48, 0x89, 0x4c, 0x24, 0x20, 0xe8, 0xa1, 0x4d, 0x62, 0x00, 0x85,
    0xc0, 0x0f, 0x85, 0x3b, 0x01, 0x00, 0x00, 0xc6, 0x44, 0x24, 0x28, 0x01,
    0xe8, 0x0f, 0x16, 0x00, 0x00, 0x48, 0x85, 0xc0, 0x48, 0x89, 0xc3, 0x74,
    0x7c, 0x41, 0xb8, 0x03, 0x00, 0x00, 0x00, 0x48, 0x89, 0xc1, 0x48, 0x8d,
    0x15, 0x97, 0x32, 0x99, 0x00, 0xe8, 0xc2, 0xd6, 0x95, 0x00, 0x41, 0xb8,
    0x1b, 0x00, 0x00, 0x00, 0x48, 0x89, 0xd9, 0x48, 0x8d, 0x15, 0xa3, 0x32,
    0x99, 0x00, 0xe8, 0xad, 0xd6, 0x95, 0x00, 0x41, 0xb8, 0x01, 0x00, 0x00,
    0x00, 0x48, 0x89, 0xd9, 0x48, 0x8d, 0x15, 0x8c, 0x32, 0x99, 0x00, 0xe8,
    0x98, 0xd6, 0x95, 0x00, 0x48, 0x89, 0xfa, 0x48, 0x89, 0xd9, 0xe8, 0x0d,
    0xdb, 0x84, 0x00, 0x48, 0x8b, 0x03, 0x48, 0x8b, 0x40, 0xe8, 0x48, 0x8b,
    0xb4, 0x03, 0xf0, 0x00, 0x00, 0x00, 0x48, 0x85, 0xf6, 0x0f, 0x84, 0xce,
    0x00, 0x00, 0x00, 0x80, 0x7e, 0x38, 0x00, 0x74, 0x2f, 0x0f, 0xbe, 0x56,
    0x43, 0x48, 0x89, 0xd9, 0xe8, 0x43, 0xd2, 0x84, 0x00, 0x48, 0x89, 0xc1,
    0xe8, 0x3b, 0xd4, 0x84, 0x00, 0x80, 0x7c, 0x24, 0x28, 0x00, 0x0f, 0x85,
    0x80, 0x00, 0x00, 0x00, 0xc6, 0x87, 0x09, 0x02, 0x00, 0x00, 0x01, 0x48,
    0x83, 0xc4, 0x30, 0x5b, 0x5e, 0x5f, 0xc3, 0x90, 0x48, 0x89, 0xf1, 0xe8,
    0x08, 0xbb, 0x80, 0x00, 0x48, 0x8b, 0x06, 0x48, 0x8d, 0x0d, 0x3e, 0xbd,
    0x80, 0x00, 0xba, 0x0a, 0x00, 0x00, 0x00, 0x48, 0x8b, 0x40, 0x30, 0x48,
    0x39, 0xc8, 0x74, 0xb5, 0x48, 0x89, 0xf1, 0xff, 0xd0, 0x0f, 0xbe, 0xd0,
    0xeb, 0xab, 0x66, 0x0f, 0x1f, 0x44, 0x00, 0x00, 0x48, 0x8d, 0x0d, 0x69,
    0x47, 0xb0, 0x00, 0xe8, 0x94, 0xe3, 0x97, 0x00, 0x85, 0xc0, 0x0f, 0x84,
    0xf5, 0xfe, 0xff, 0xff, 0x48, 0x8d, 0x0d, 0x5d, 0x47, 0xb0, 0x00, 0x31,
    0xd2, 0xe8, 0xa6, 0x4c, 0x62, 0x00, 0x48, 0x8d, 0x0d, 0x47, 0x47, 0xb0,
    0x00, 0xe8, 0xb2, 0xe4, 0x97, 0x00, 0x48, 0x8d, 0x0d, 0xbb, 0xf7, 0xff,
    0xff, 0xe8, 0x26, 0x2e, 0x61, 0x00, 0xe9, 0xca, 0xfe, 0xff, 0xff, 0x90,
    0x48, 0x8b, 0x4c, 0x24, 0x20, 0x48, 0x85, 0xc9, 0x0f, 0x84, 0x72, 0xff,
    0xff, 0xff, 0xe8, 0x65, 0x4c, 0x62, 0x00, 0xc6, 0x87, 0x09, 0x02, 0x00,
    0x00, 0x01, 0x48, 0x83, 0xc4, 0x30, 0x5b, 0x5e, 0x5f, 0xc3, 0x89, 0xc1,
    0xe8, 0x87, 0x01, 0x96, 0x00, 0xe8, 0xe2, 0xdc, 0x95, 0x00, 0x80, 0x7c,
    0x24, 0x28, 0x00, 0x48, 0x89, 0xc3, 0x74, 0x0a, 0x48, 0x8d, 0x4c, 0x24,
    0x20, 0xe8, 0x2e, 0xb7, 0x85, 0x00, 0x48, 0x89, 0xd9, 0xe8, 0xf6, 0x47,
    0x61, 0x00, 0x90,
};

// 0xde20  33 bytes  export SetShearRepulseFromBorders (ordinals 304,305)
// status: comment_only  -- call to 0x64E120 outside the block
// sha256: 6cc6fa181f2a0204c6a360a91a8dd5677741be55c9061063679bcd38305ff378
alignas(16) const unsigned char kBytes_de20[33] = {
    0x56, 0x53, 0x48, 0x83, 0xec, 0x28, 0x48, 0x89, 0xce, 0x89, 0xd3, 0x48,
    0x8d, 0x0d, 0x37, 0xf1, 0x99, 0x00, 0xe8, 0xe9, 0x02, 0x64, 0x00, 0x89,
    0x5e, 0x58, 0x48, 0x83, 0xc4, 0x28, 0x5b, 0x5e, 0xc3,
};

// 0x12f40  894 bytes  export CNS_AddDefectFromNestedPart (ordinals 306,307)
// status: comment_only  -- call to 0x12780 outside the block; call to 0x1D870 outside the block; call to 0x5C4C50 outside the block; call to 0x5CD5C0 outside the block (+8 more)
// sha256: eb3eb590a682fb0e8c42d1c7134b9dd789ea5929a48b728a20737179bde4113e
alignas(16) const unsigned char kBytes_12f40[894] = {
    0x41, 0x57, 0x41, 0x56, 0x41, 0x55, 0x41, 0x54, 0x55, 0x57, 0x56, 0x53,
    0x48, 0x81, 0xec, 0x08, 0x01, 0x00, 0x00, 0x0f, 0x29, 0xb4, 0x24, 0xe0,
    0x00, 0x00, 0x00, 0x0f, 0x29, 0xbc, 0x24, 0xf0, 0x00, 0x00, 0x00, 0x8b,
    0xb4, 0x24, 0x70, 0x01, 0x00, 0x00, 0xf2, 0x0f, 0x10, 0xb4, 0x24, 0x78,
    0x01, 0x00, 0x00, 0x49, 0x89, 0xd0, 0x66, 0x0f, 0x28, 0xfb, 0xf2, 0x0f,
    0x11, 0x5c, 0x24, 0x20, 0x49, 0x89, 0xcd, 0x66, 0x0f, 0x28, 0xda, 0x48,
    0x89, 0xd3, 0xf2, 0x0f, 0x11, 0x74, 0x24, 0x30, 0x48, 0x89, 0xca, 0x89,
    0x74, 0x24, 0x28, 0x48, 0x8d, 0x0d, 0xa7, 0xa5, 0x99, 0x00, 0xf2, 0x0f,
    0x11, 0x54, 0x24, 0x40, 0xe8, 0x77, 0xa4, 0x63, 0x00, 0x66, 0x0f, 0x28,
    0xc6, 0xf2, 0x0f, 0x10, 0x54, 0x24, 0x40, 0xf2, 0x0f, 0x5e, 0x05, 0x3d,
    0xa7, 0x99, 0x00, 0xf2, 0x0f, 0x59, 0x05, 0x2d, 0xa7, 0x99, 0x00, 0xf2,
    0x0f, 0x11, 0xbc, 0x24, 0x88, 0x00, 0x00, 0x00, 0xf2, 0x0f, 0x58, 0x05,
    0x54, 0xa7, 0x99, 0x00, 0xf2, 0x0f, 0x11, 0x94, 0x24, 0x80, 0x00, 0x00,
    0x00, 0xe8, 0x3e, 0xca, 0x61, 0x00, 0x48, 0xba, 0x00, 0xa0, 0xb8, 0x30,
    0x46, 0x03, 0x00, 0x00, 0xf2, 0x48, 0x0f, 0x2c, 0xc0, 0x48, 0x85, 0xc0,
    0x0f, 0x89, 0x76, 0x02, 0x00, 0x00, 0x48, 0x01, 0xd0, 0x78, 0xfb, 0x4c,
    0x8d, 0x44, 0x24, 0x60, 0x31, 0xd2, 0x85, 0xf6, 0x48, 0x89, 0x44, 0x24,
    0x60, 0x48, 0x8d, 0x74, 0x24, 0x70, 0x0f, 0x95, 0xc2, 0x4c, 0x8d, 0xa4,
    0x24, 0x80, 0x00, 0x00, 0x00, 0x48, 0x89, 0xf1, 0xe8, 0x2b, 0x1c, 0x5b,
    0x00, 0x48, 0x8d, 0x6b, 0x68, 0x4d, 0x89, 0xe0, 0x48, 0x89, 0xf2, 0x48,
    0x8d, 0x84, 0x24, 0xb0, 0x00, 0x00, 0x00, 0x48, 0x89, 0xc7, 0x48, 0x89,
    0xc1, 0x48, 0x89, 0x44, 0x24, 0x58, 0xe8, 0x19, 0xc0, 0x5b, 0x00, 0x49,
    0x8d, 0x45, 0x18, 0x48, 0x89, 0x7c, 0x24, 0x70, 0x48, 0x89, 0xf1, 0x48,
    0x8d, 0x7b, 0x50, 0x49, 0x89, 0xc0, 0x48, 0x89, 0x44, 0x24, 0x40, 0x48,
    0x89, 0xfa, 0xe8, 0x89, 0x7c, 0xff, 0xff, 0x4d, 0x89, 0xe8, 0x48, 0x89,
    0xea, 0x48, 0x89, 0xf1, 0xe8, 0x7b, 0x7c, 0xff, 0xff, 0x49, 0x8d, 0x85,
    0xc0, 0x00, 0x00, 0x00, 0x48, 0x89, 0xfa, 0x48, 0x89, 0xf1, 0x49, 0x89,
    0xc0, 0x48, 0x89, 0x44, 0x24, 0x48, 0xe8, 0x61, 0x7c, 0xff, 0xff, 0x49,
    0x8d, 0x85, 0xd8, 0x00, 0x00, 0x00, 0x48, 0x89, 0xea, 0x48, 0x89, 0xf1,
    0x49, 0x89, 0xc0, 0x48, 0x89, 0x44, 0x24, 0x50, 0xe8, 0x47, 0x7c, 0xff,
    0xff, 0x48, 0x8b, 0x83, 0xa0, 0x00, 0x00, 0x00, 0x48, 0x39, 0x83, 0x98,
    0x00, 0x00, 0x00, 0x74, 0x2c, 0x48, 0x8d, 0x93, 0x98, 0x00, 0x00, 0x00,
    0x48, 0x89, 0xf1, 0x4d, 0x8d, 0x85, 0x90, 0x00, 0x00, 0x00, 0xe8, 0x21,
    0x7c, 0xff, 0xff, 0x48, 0x8d, 0x93, 0xb0, 0x00, 0x00, 0x00, 0x48, 0x89,
    0xf1, 0x4d, 0x8d, 0x85, 0xa8, 0x00, 0x00, 0x00, 0xe8, 0x0b, 0x7c, 0xff,
    0xff, 0x4c, 0x8b, 0xb3, 0x88, 0x00, 0x00, 0x00, 0x48, 0x8b, 0xab, 0x80,
    0x00, 0x00, 0x00, 0x4c, 0x39, 0xf5, 0x0f, 0x84, 0x43, 0x01, 0x00, 0x00,
    0x48, 0x8b, 0x43, 0x50, 0x48, 0x39, 0x43, 0x58, 0x0f, 0x84, 0x59, 0x01,
    0x00, 0x00, 0x48, 0x89, 0xfa, 0x4c, 0x89, 0xe1, 0x66, 0x0f, 0xef, 0xf6,
    0xe8, 0xa7, 0xa4, 0x5b, 0x00, 0x80, 0xbc, 0x24, 0x80, 0x00, 0x00, 0x00,
    0x00, 0x75, 0x36, 0xf2, 0x0f, 0x10, 0xb4, 0x24, 0xa0, 0x00, 0x00, 0x00,
    0xf2, 0x0f, 0x10, 0x84, 0x24, 0x98, 0x00, 0x00, 0x00, 0xf2, 0x0f, 0x5c,
    0xb4, 0x24, 0x90, 0x00, 0x00, 0x00, 0xf2, 0x0f, 0x5c, 0x84, 0x24, 0x88,
    0x00, 0x00, 0x00, 0x66, 0x0f, 0x2e, 0xf0, 0x0f, 0x86, 0x5c, 0x01, 0x00,
    0x00, 0xf2, 0x0f, 0x59, 0x35, 0xbf, 0xa5, 0x99, 0x00, 0x48, 0x8b, 0xab,
    0x80, 0x00, 0x00, 0x00, 0x4c, 0x8b, 0xb3, 0x88, 0x00, 0x00, 0x00, 0x49,
    0x39, 0xee, 0x0f, 0x84, 0xcf, 0x00, 0x00, 0x00, 0xf2, 0x0f, 0x10, 0x55,
    0x00, 0x48, 0x8d, 0x55, 0x08, 0x4c, 0x89, 0xe1, 0x66, 0x0f, 0x28, 0xde,
    0xe8, 0xeb, 0xa6, 0x00, 0x00, 0x48, 0x8b, 0x54, 0x24, 0x58, 0x4c, 0x89,
    0xe1, 0xe8, 0xce, 0xe1, 0x5b, 0x00, 0x48, 0x8b, 0x54, 0x24, 0x40, 0x4d,
    0x89, 0xe8, 0x4c, 0x89, 0xe1, 0xe8, 0xde, 0xf5, 0xff, 0xff, 0x4c, 0x8b,
    0x44, 0x24, 0x50, 0x4c, 0x89, 0xe1, 0x48, 0x8b, 0x54, 0x24, 0x48, 0xe8,
    0xcc, 0xf5, 0xff, 0xff, 0x48, 0x8b, 0xbc, 0x24, 0x88, 0x00, 0x00, 0x00,
    0x48, 0x8b, 0xb4, 0x24, 0x80, 0x00, 0x00, 0x00, 0x48, 0x39, 0xf7, 0x74,
    0x5c, 0x0f, 0x1f, 0x80, 0x00, 0x00, 0x00, 0x00, 0x48, 0x8b, 0x5e, 0x20,
    0x4c, 0x8b, 0x7e, 0x18, 0x4c, 0x39, 0xfb, 0x74, 0x1d, 0x0f, 0x1f, 0x00,
    0x49, 0x8b, 0x0f, 0x48, 0x85, 0xc9, 0x74, 0x05, 0xe8, 0xc3, 0x52, 0x98,
    0x00, 0x49, 0x83, 0xc7, 0x18, 0x4c, 0x39, 0xfb, 0x75, 0xea, 0x4c, 0x8b,
    0x7e, 0x18, 0x4d, 0x85, 0xff, 0x74, 0x08, 0x4c, 0x89, 0xf9, 0xe8, 0xa9,
    0x52, 0x98, 0x00, 0x48, 0x8b, 0x0e, 0x48, 0x85, 0xc9, 0x74, 0x05, 0xe8,
    0x9c, 0x52, 0x98, 0x00, 0x48, 0x83, 0xc6, 0x30, 0x48, 0x39, 0xf7, 0x75,
    0xb3, 0x48, 0x8b, 0xb4, 0x24, 0x80, 0x00, 0x00, 0x00, 0x48, 0x85, 0xf6,
    0x74, 0x08, 0x48, 0x89, 0xf1, 0xe8, 0x7e, 0x52, 0x98, 0x00, 0x48, 0x83,
    0xc5, 0x30, 0x49, 0x39, 0xee, 0x0f, 0x85, 0x31, 0xff, 0xff, 0xff, 0x0f,
    0x28, 0xb4, 0x24, 0xe0, 0x00, 0x00, 0x00, 0x0f, 0x28, 0xbc, 0x24, 0xf0,
    0x00, 0x00, 0x00, 0x48, 0x81, 0xc4, 0x08, 0x01, 0x00, 0x00, 0x5b, 0x5e,
    0x5f, 0x5d, 0x41, 0x5c, 0x41, 0x5d, 0x41, 0x5e, 0x41, 0x5f, 0xc3, 0xf2,
    0x0f, 0x10, 0x35, 0xcd, 0xa4, 0x99, 0x00, 0xe9, 0x00, 0xff, 0xff, 0xff,
    0x48, 0xba, 0xff, 0x9f, 0xb8, 0x30, 0x46, 0x03, 0x00, 0x00, 0x48, 0x39,
    0xd0, 0x0f, 0x8e, 0x7c, 0xfd, 0xff, 0xff, 0x48, 0xb9, 0x00, 0x60, 0x47,
    0xcf, 0xb9, 0xfc, 0xff, 0xff, 0x48, 0x01, 0xc8, 0x48, 0x39, 0xd0, 0x7f,
    0xf8, 0xe9, 0x65, 0xfd, 0xff, 0xff, 0x48, 0x89, 0xc3, 0x4c, 0x89, 0xe1,
    0xe8, 0xeb, 0x1d, 0x8b, 0x00, 0x48, 0x89, 0xd9, 0xe8, 0xd3, 0xbf, 0x61,
    0x00, 0xf2, 0x0f, 0x59, 0x05, 0x63, 0xa4, 0x99, 0x00, 0x66, 0x0f, 0x28,
    0xf0, 0xe9, 0x9b, 0xfe, 0xff, 0xff,
};

// 0x10b50  395 bytes  export CNS_CreateAssemblyGroup (ordinals 308,309)
// status: comment_only  -- call to 0x1BF40 outside the block; call to 0x62F280 outside the block; call to 0x63F6C0 outside the block; call to 0x64C6B0 outside the block (+8 more)
// sha256: e5d6237237a24e5b500d679417303677f44e04072de8560faf8ed4a52f5441f8
alignas(16) const unsigned char kBytes_10b50[395] = {
    0x57, 0x56, 0x53, 0x48, 0x83, 0xec, 0x30, 0x48, 0x89, 0xcb, 0x41, 0x89,
    0xd0, 0x89, 0xd6, 0x48, 0x89, 0xca, 0x48, 0x8d, 0x0d, 0x46, 0xc8, 0x99,
    0x00, 0xe8, 0x42, 0xbb, 0x63, 0x00, 0xb9, 0x40, 0x00, 0x00, 0x00, 0xe8,
    0x88, 0x79, 0x98, 0x00, 0x48, 0x8b, 0x93, 0xb0, 0x02, 0x00, 0x00, 0x48,
    0x3b, 0x93, 0xb8, 0x02, 0x00, 0x00, 0x48, 0x89, 0x18, 0x89, 0x70, 0x08,
    0x48, 0xc7, 0x40, 0x10, 0x00, 0x00, 0x00, 0x00, 0x48, 0xc7, 0x40, 0x18,
    0x00, 0x00, 0x00, 0x00, 0x48, 0xc7, 0x40, 0x20, 0x00, 0x00, 0x00, 0x00,
    0x48, 0xc7, 0x40, 0x28, 0x00, 0x00, 0x00, 0x00, 0x48, 0xc7, 0x40, 0x30,
    0x00, 0x00, 0x00, 0x00, 0x48, 0xc7, 0x40, 0x38, 0x00, 0x00, 0x00, 0x00,
    0x48, 0x89, 0x44, 0x24, 0x20, 0x0f, 0x84, 0xc9, 0x00, 0x00, 0x00, 0x48,
    0x85, 0xd2, 0x74, 0x03, 0x48, 0x89, 0x02, 0x48, 0x83, 0xc2, 0x08, 0x48,
    0x89, 0x93, 0xb0, 0x02, 0x00, 0x00, 0x48, 0x8b, 0x7a, 0xf8, 0xe8, 0x3d,
    0x9f, 0xff, 0xff, 0xc6, 0x44, 0x24, 0x28, 0x00, 0x48, 0x85, 0xc0, 0x48,
    0x89, 0x44, 0x24, 0x20, 0x0f, 0x84, 0xbe, 0x00, 0x00, 0x00, 0x48, 0x89,
    0xc1, 0xe8, 0xc2, 0xea, 0x62, 0x00, 0x85, 0xc0, 0x0f, 0x85, 0xa7, 0x00,
    0x00, 0x00, 0xc6, 0x44, 0x24, 0x28, 0x01, 0xe8, 0x30, 0xb3, 0x00, 0x00,
    0x48, 0x85, 0xc0, 0x48, 0x89, 0xc6, 0x74, 0x52, 0x41, 0xb8, 0x03, 0x00,
    0x00, 0x00, 0x48, 0x89, 0xc1, 0x48, 0x8d, 0x15, 0x66, 0xbc, 0x99, 0x00,
    0xe8, 0xe3, 0x73, 0x96, 0x00, 0x41, 0xb8, 0x03, 0x00, 0x00, 0x00, 0x48,
    0x89, 0xf1, 0x48, 0x8d, 0x15, 0x8a, 0xc7, 0x99, 0x00, 0xe8, 0xce, 0x73,
    0x96, 0x00, 0x41, 0xb8, 0x01, 0x00, 0x00, 0x00, 0x48, 0x89, 0xf1, 0x48,
    0x8d, 0x15, 0x2c, 0xbf, 0x99, 0x00, 0xe8, 0xb9, 0x73, 0x96, 0x00, 0x48,
    0x89, 0xfa, 0x48, 0x89, 0xf1, 0xe8, 0x2e, 0x78, 0x85, 0x00, 0x48, 0x89,
    0xf1, 0xe8, 0x56, 0x6c, 0x97, 0x00, 0x80, 0x7c, 0x24, 0x28, 0x00, 0x74,
    0x0a, 0x48, 0x8d, 0x4c, 0x24, 0x20, 0xe8, 0x35, 0x55, 0x86, 0x00, 0x48,
    0x8b, 0x83, 0xb0, 0x02, 0x00, 0x00, 0x48, 0x8b, 0x40, 0xf8, 0x48, 0x83,
    0xc4, 0x30, 0x5b, 0x5e, 0x5f, 0xc3, 0x66, 0x90, 0x48, 0x8d, 0x54, 0x24,
    0x20, 0x48, 0x8d, 0x8b, 0xa8, 0x02, 0x00, 0x00, 0xe8, 0xcf, 0x8f, 0x8e,
    0x00, 0x48, 0x8b, 0x93, 0xb0, 0x02, 0x00, 0x00, 0xe9, 0x2d, 0xff, 0xff,
    0xff, 0x89, 0xc1, 0xe8, 0x3c, 0x9f, 0x96, 0x00, 0xb9, 0x01, 0x00, 0x00,
    0x00, 0xe8, 0x32, 0x9f, 0x96, 0x00, 0x80, 0x7c, 0x24, 0x28, 0x00, 0x48,
    0x89, 0xc3, 0x74, 0x0a, 0x48, 0x8d, 0x4c, 0x24, 0x20, 0xe8, 0xde, 0x54,
    0x86, 0x00, 0x48, 0x89, 0xd9, 0xe8, 0xa6, 0xe5, 0x61, 0x00, 0x90,
};

// 0x11830  180 bytes  export CNS_AddAssemblyGroupPart (ordinals 310,311)
// status: comment_only  -- call to 0x14D10 outside the block; call to 0x64BDA0 outside the block; call to 0x8F32B0 outside the block; call to 0x90CAF0 outside the block
// sha256: 32347ca97fadf4f7e82d65e80fc5feec22731fed3e53447634144e421a906eca
alignas(16) const unsigned char kBytes_11830[180] = {
    0x57, 0x56, 0x53, 0x48, 0x83, 0xec, 0x50, 0x48, 0x89, 0xcb, 0x44, 0x89,
    0xc0, 0x89, 0xd6, 0x4c, 0x89, 0x4c, 0x24, 0x38, 0x4c, 0x8d, 0x44, 0x24,
    0x30, 0x48, 0x89, 0xca, 0x48, 0x89, 0xc7, 0x48, 0x89, 0x44, 0x24, 0x30,
    0x48, 0x8d, 0x0d, 0x22, 0xbc, 0x99, 0x00, 0x4c, 0x89, 0x4c, 0x24, 0x28,
    0xe8, 0x3b, 0xa5, 0x63, 0x00, 0x8b, 0x53, 0x08, 0x41, 0x89, 0xf8, 0x4c,
    0x8b, 0x4c, 0x24, 0x28, 0x48, 0x8b, 0x0b, 0x0f, 0xaf, 0xd6, 0xe8, 0x95,
    0x34, 0x00, 0x00, 0x48, 0x8b, 0x53, 0x18, 0x48, 0x3b, 0x53, 0x20, 0x48,
    0x89, 0x44, 0x24, 0x48, 0x74, 0x3a, 0x48, 0x85, 0xd2, 0x74, 0x03, 0x48,
    0x89, 0x02, 0x48, 0x83, 0xc2, 0x08, 0x48, 0x89, 0x53, 0x18, 0x48, 0x8b,
    0x43, 0x30, 0x89, 0x74, 0x24, 0x44, 0x48, 0x3b, 0x43, 0x38, 0x74, 0x2c,
    0x48, 0x85, 0xc0, 0x74, 0x02, 0x89, 0x30, 0x48, 0x83, 0xc0, 0x04, 0x48,
    0x89, 0x43, 0x30, 0x48, 0x8b, 0x44, 0x24, 0x48, 0x48, 0x83, 0xc4, 0x50,
    0x5b, 0x5e, 0x5f, 0xc3, 0x48, 0x8d, 0x54, 0x24, 0x48, 0x48, 0x8d, 0x4b,
    0x10, 0xe8, 0xde, 0x19, 0x8e, 0x00, 0xeb, 0xc6, 0x48, 0x8d, 0x54, 0x24,
    0x44, 0x48, 0x8d, 0x4b, 0x28, 0xe8, 0x0e, 0xb2, 0x8f, 0x00, 0xeb, 0xd3,
};

// 0xdd60  36 bytes  export CNS_SetOriginPackingMode (ordinals 312,313)
// status: comment_only  -- call to 0x64E120 outside the block
// sha256: 85e5585a87f6d7d513c1df181a2eae95a5c301ed0e84ab90fa2568d94d96ebfe
alignas(16) const unsigned char kBytes_dd60[36] = {
    0x56, 0x53, 0x48, 0x83, 0xec, 0x28, 0x48, 0x89, 0xce, 0x89, 0xd3, 0x48,
    0x8d, 0x0d, 0xa2, 0xf1, 0x99, 0x00, 0xe8, 0xa9, 0x03, 0x64, 0x00, 0x85,
    0xdb, 0x0f, 0x95, 0x46, 0x21, 0x48, 0x83, 0xc4, 0x28, 0x5b, 0x5e, 0xc3,
};

// 0x12d10  552 bytes  export CNS_AddOpenToolPathToPart (ordinals 314,315)
// status: comment_only  -- call to 0x12780 outside the block; call to 0x1B910 outside the block; call to 0x1D770 outside the block; call to 0x1D870 outside the block (+6 more)
// sha256: 4400dd7d69c81855396a1e03e8e4434810f780f25bbfe494678f5341a428a00e
alignas(16) const unsigned char kBytes_12d10[552] = {
    0x55, 0x57, 0x56, 0x53, 0x48, 0x81, 0xec, 0xe8, 0x00, 0x00, 0x00, 0x0f,
    0x29, 0xb4, 0x24, 0xd0, 0x00, 0x00, 0x00, 0x48, 0x8b, 0x02, 0x48, 0x8b,
    0x52, 0x08, 0xf2, 0x0f, 0x10, 0xb4, 0x24, 0x30, 0x01, 0x00, 0x00, 0x44,
    0x89, 0xc3, 0x4c, 0x89, 0x4c, 0x24, 0x38, 0x48, 0x89, 0xce, 0x4c, 0x89,
    0xcd, 0x48, 0x89, 0x54, 0x24, 0x58, 0x4c, 0x8d, 0x4c, 0x24, 0x30, 0x48,
    0x89, 0x54, 0x24, 0x48, 0x4c, 0x8d, 0x44, 0x24, 0x40, 0x48, 0x89, 0xca,
    0xf2, 0x0f, 0x11, 0x74, 0x24, 0x20, 0x48, 0x8d, 0x0d, 0xc6, 0xa7, 0x99,
    0x00, 0x48, 0x89, 0x44, 0x24, 0x50, 0x48, 0x89, 0x44, 0x24, 0x40, 0x48,
    0x89, 0x5c, 0x24, 0x30, 0xe8, 0x37, 0x9a, 0x63, 0x00, 0x48, 0x8d, 0x04,
    0x5b, 0x48, 0xba, 0xab, 0xaa, 0xaa, 0xaa, 0xaa, 0xaa, 0xaa, 0xaa, 0x48,
    0xc7, 0x44, 0x24, 0x60, 0x00, 0x00, 0x00, 0x00, 0x48, 0x8d, 0x1c, 0xc5,
    0x00, 0x00, 0x00, 0x00, 0x48, 0xc7, 0x44, 0x24, 0x68, 0x00, 0x00, 0x00,
    0x00, 0x48, 0xc7, 0x44, 0x24, 0x70, 0x00, 0x00, 0x00, 0x00, 0x48, 0x0f,
    0xaf, 0xc2, 0x48, 0x85, 0xc0, 0x0f, 0x84, 0x31, 0x01, 0x00, 0x00, 0x48,
    0x89, 0xd9, 0xe8, 0x41, 0x57, 0x98, 0x00, 0x48, 0x8d, 0x3c, 0x18, 0x49,
    0x89, 0xd8, 0x48, 0x89, 0xea, 0x48, 0x89, 0x44, 0x24, 0x60, 0x48, 0x89,
    0xc1, 0x48, 0x89, 0x7c, 0x24, 0x70, 0xe8, 0x1d, 0xc5, 0x62, 0x00, 0x48,
    0x89, 0x7c, 0x24, 0x68, 0x48, 0x8d, 0x5c, 0x24, 0x60, 0x48, 0x8d, 0xbc,
    0x24, 0xa0, 0x00, 0x00, 0x00, 0x49, 0x89, 0xd8, 0x48, 0x8d, 0x54, 0x24,
    0x50, 0x48, 0x89, 0xf9, 0xe8, 0x73, 0xa9, 0x00, 0x00, 0x48, 0x89, 0xd9,
    0xe8, 0x0b, 0x8b, 0x00, 0x00, 0xf2, 0x0f, 0x10, 0x1d, 0x0b, 0xa9, 0x99,
    0x00, 0x48, 0x8d, 0x9c, 0x24, 0x80, 0x00, 0x00, 0x00, 0x66, 0x0f, 0x28,
    0xd6, 0x48, 0x89, 0xfa, 0x48, 0x89, 0xd9, 0xf2, 0x0f, 0x59, 0xd8, 0xe8,
    0x48, 0xaa, 0x00, 0x00, 0x48, 0x8d, 0x96, 0x98, 0x00, 0x00, 0x00, 0x48,
    0x89, 0xd9, 0x4c, 0x8d, 0x86, 0xb0, 0x00, 0x00, 0x00, 0xe8, 0x42, 0xf9,
    0xff, 0xff, 0x48, 0x8b, 0xac, 0x24, 0x88, 0x00, 0x00, 0x00, 0x48, 0x8b,
    0xbc, 0x24, 0x80, 0x00, 0x00, 0x00, 0x48, 0x39, 0xfd, 0x74, 0x52, 0x48,
    0x8b, 0x77, 0x20, 0x48, 0x8b, 0x5f, 0x18, 0x48, 0x39, 0xde, 0x74, 0x1a,
    0x48, 0x8b, 0x0b, 0x48, 0x85, 0xc9, 0x74, 0x05, 0xe8, 0x43, 0x56, 0x98,
    0x00, 0x48, 0x83, 0xc3, 0x18, 0x48, 0x39, 0xde, 0x75, 0xea, 0x48, 0x8b,
    0x5f, 0x18, 0x48, 0x85, 0xdb, 0x74, 0x08, 0x48, 0x89, 0xd9, 0xe8, 0x29,
    0x56, 0x98, 0x00, 0x48, 0x8b, 0x0f, 0x48, 0x85, 0xc9, 0x74, 0x05, 0xe8,
    0x1c, 0x56, 0x98, 0x00, 0x48, 0x83, 0xc7, 0x30, 0x48, 0x39, 0xfd, 0x75,
    0xb6, 0x48, 0x8b, 0xbc, 0x24, 0x80, 0x00, 0x00, 0x00, 0x48, 0x85, 0xff,
    0x74, 0x08, 0x48, 0x89, 0xf9, 0xe8, 0xfe, 0x55, 0x98, 0x00, 0x48, 0x8b,
    0x8c, 0x24, 0xb0, 0x00, 0x00, 0x00, 0x48, 0x85, 0xc9, 0x74, 0x05, 0xe8,
    0xec, 0x55, 0x98, 0x00, 0x48, 0x8b, 0x4c, 0x24, 0x60, 0x48, 0x85, 0xc9,
    0x74, 0x06, 0xe8, 0xdd, 0x55, 0x98, 0x00, 0x90, 0x0f, 0x28, 0xb4, 0x24,
    0xd0, 0x00, 0x00, 0x00, 0x48, 0x81, 0xc4, 0xe8, 0x00, 0x00, 0x00, 0x5b,
    0x5e, 0x5f, 0x5d, 0xc3, 0x48, 0x89, 0xdf, 0x48, 0x89, 0x5c, 0x24, 0x70,
    0xe9, 0xe6, 0xfe, 0xff, 0xff, 0x48, 0x89, 0xc3, 0x48, 0x8b, 0x4c, 0x24,
    0x60, 0x48, 0x85, 0xc9, 0x74, 0x05, 0xe8, 0xa9, 0x55, 0x98, 0x00, 0x48,
    0x89, 0xd9, 0xe8, 0x71, 0xc3, 0x61, 0x00, 0x48, 0x89, 0xc6, 0x48, 0x89,
    0xd9, 0xe8, 0x76, 0x21, 0x8b, 0x00, 0x48, 0x89, 0xf3, 0x48, 0x8b, 0x8c,
    0x24, 0xb0, 0x00, 0x00, 0x00, 0x48, 0x85, 0xc9, 0x74, 0xce, 0xe8, 0x81,
    0x55, 0x98, 0x00, 0xeb, 0xc7, 0x48, 0x89, 0xc3, 0xeb, 0xe7, 0xeb, 0xbd,
};

// 0x10440  42 bytes  export CNS_SetEvaluateIntermediateNestingsAsLast (ordinals 316,317)
// status: comment_only  -- call to 0x64C6B0 outside the block
// sha256: 8030873f3ab60dfc01df11b795fea5730eb6d326c15ea42bbf7e3b48237c4f55
alignas(16) const unsigned char kBytes_10440[42] = {
    0x56, 0x53, 0x48, 0x83, 0xec, 0x28, 0x48, 0x89, 0xcb, 0x89, 0xd6, 0x41,
    0x89, 0xd0, 0x48, 0x89, 0xca, 0x48, 0x8d, 0x0d, 0xc0, 0xcd, 0x99, 0x00,
    0xe8, 0x53, 0xc2, 0x63, 0x00, 0x85, 0xf6, 0x0f, 0x95, 0x43, 0x41, 0x48,
    0x83, 0xc4, 0x28, 0x5b, 0x5e, 0xc3,
};

// 0x9330  449 bytes  export NewNoFitNesting (ordinals 318,319)
// status: comment_only  -- call to 0x1BF40 outside the block; call to 0x62D860 outside the block; call to 0x62F280 outside the block; call to 0x63F6B8 outside the block (+14 more)
// sha256: 45dea64015af51b760ab7f13a341f75cf9eb708e920232424e1fca946ac9122b
alignas(16) const unsigned char kBytes_9330[449] = {
    0x57, 0x56, 0x53, 0x48, 0x83, 0xec, 0x30, 0x0f, 0xb6, 0x05, 0x12, 0x5d,
    0xb1, 0x00, 0x84, 0xc0, 0x48, 0x89, 0xcf, 0x0f, 0x84, 0x27, 0x01, 0x00,
    0x00, 0x48, 0x8d, 0x0d, 0x08, 0x5d, 0xb1, 0x00, 0xc6, 0x44, 0x24, 0x28,
    0x00, 0x48, 0x89, 0x4c, 0x24, 0x20, 0xe8, 0x61, 0x63, 0x63, 0x00, 0x85,
    0xc0, 0x0f, 0x85, 0x61, 0x01, 0x00, 0x00, 0xc6, 0x44, 0x24, 0x28, 0x01,
    0xe8, 0xcf, 0x2b, 0x01, 0x00, 0x48, 0x85, 0xc0, 0x48, 0x89, 0xc3, 0x74,
    0x7c, 0x41, 0xb8, 0x03, 0x00, 0x00, 0x00, 0x48, 0x89, 0xc1, 0x48, 0x8d,
    0x15, 0xbb, 0x31, 0x9a, 0x00, 0xe8, 0x82, 0xec, 0x96, 0x00, 0x41, 0xb8,
    0x0f, 0x00, 0x00, 0x00, 0x48, 0x89, 0xd9, 0x48, 0x8d, 0x15, 0x73, 0x32,
    0x9a, 0x00, 0xe8, 0x6d, 0xec, 0x96, 0x00, 0x41, 0xb8, 0x01, 0x00, 0x00,
    0x00, 0x48, 0x89, 0xd9, 0x48, 0x8d, 0x15, 0x95, 0x31, 0x9a, 0x00, 0xe8,
    0x58, 0xec, 0x96, 0x00, 0x48, 0x89, 0xfa, 0x48, 0x89, 0xd9, 0xe8, 0xcd,
    0xf0, 0x85, 0x00, 0x48, 0x8b, 0x03, 0x48, 0x8b, 0x40, 0xe8, 0x48, 0x8b,
    0xb4, 0x03, 0xf0, 0x00, 0x00, 0x00, 0x48, 0x85, 0xf6, 0x0f, 0x84, 0xf4,
    0x00, 0x00, 0x00, 0x80, 0x7e, 0x38, 0x00, 0x74, 0x61, 0x0f, 0xbe, 0x56,
    0x43, 0x48, 0x89, 0xd9, 0xe8, 0x03, 0xe8, 0x85, 0x00, 0x48, 0x89, 0xc1,
    0xe8, 0xfb, 0xe9, 0x85, 0x00, 0x80, 0x7c, 0x24, 0x28, 0x00, 0x0f, 0x85,
    0xb0, 0x00, 0x00, 0x00, 0xb9, 0x20, 0x00, 0x00, 0x00, 0xe8, 0xf6, 0xf0,
    0x98, 0x00, 0x48, 0x8d, 0x0d, 0x10, 0x32, 0x9a, 0x00, 0x48, 0x89, 0xc3,
    0x48, 0x89, 0x38, 0x48, 0x89, 0xc2, 0x48, 0xc7, 0x40, 0x08, 0x00, 0x00,
    0x00, 0x00, 0x48, 0xc7, 0x40, 0x10, 0x00, 0x00, 0x00, 0x00, 0x48, 0xc7,
    0x40, 0x18, 0x00, 0x00, 0x00, 0x00, 0xe8, 0x29, 0x25, 0x64, 0x00, 0x48,
    0x89, 0xd8, 0x48, 0x83, 0xc4, 0x30, 0x5b, 0x5e, 0x5f, 0xc3, 0x48, 0x89,
    0xf1, 0xe8, 0x96, 0xd0, 0x81, 0x00, 0x48, 0x8b, 0x06, 0x48, 0x8d, 0x0d,
    0xcc, 0xd2, 0x81, 0x00, 0xba, 0x0a, 0x00, 0x00, 0x00, 0x48, 0x8b, 0x40,
    0x30, 0x48, 0x39, 0xc8, 0x74, 0x83, 0x48, 0x89, 0xf1, 0xff, 0xd0, 0x0f,
    0xbe, 0xd0, 0xe9, 0x76, 0xff, 0xff, 0xff, 0x90, 0x48, 0x8d, 0x0d, 0xd9,
    0x5b, 0xb1, 0x00, 0xe8, 0x24, 0xf9, 0x98, 0x00, 0x85, 0xc0, 0x0f, 0x84,
    0xc5, 0xfe, 0xff, 0xff, 0x48, 0x8d, 0x0d, 0xcd, 0x5b, 0xb1, 0x00, 0x31,
    0xd2, 0xe8, 0x36, 0x62, 0x63, 0x00, 0x48, 0x8d, 0x0d, 0xb7, 0x5b, 0xb1,
    0x00, 0xe8, 0x42, 0xfa, 0x98, 0x00, 0x48, 0x8d, 0x0d, 0x9b, 0xdb, 0xff,
    0xff, 0xe8, 0xb6, 0x43, 0x62, 0x00, 0xe9, 0x9a, 0xfe, 0xff, 0xff, 0x90,
    0x48, 0x8b, 0x4c, 0x24, 0x20, 0x48, 0x85, 0xc9, 0x0f, 0x84, 0x42, 0xff,
    0xff, 0xff, 0xe8, 0xf5, 0x61, 0x63, 0x00, 0xe9, 0x38, 0xff, 0xff, 0xff,
    0x89, 0xc1, 0xe8, 0x21, 0x17, 0x97, 0x00, 0xe8, 0x7c, 0xf2, 0x96, 0x00,
    0x80, 0x7c, 0x24, 0x28, 0x00, 0x48, 0x89, 0xc3, 0x74, 0x0a, 0x48, 0x8d,
    0x4c, 0x24, 0x20, 0xe8, 0xc8, 0xcc, 0x86, 0x00, 0x48, 0x89, 0xd9, 0xe8,
    0x90, 0x5d, 0x62, 0x00, 0x90,
};

// 0xa9d0  240 bytes  export NoFitAddNestedPart (ordinals 320,321)
// status: comment_only  -- call to 0x64BB20 outside the block; call to 0x8B7490 outside the block
// sha256: 394a17a9f3db777990741e2eaee3250199ca9dd4d678767923a977630e607f14
alignas(16) const unsigned char kBytes_a9d0[240] = {
    0x57, 0x56, 0x53, 0x48, 0x81, 0xec, 0xa0, 0x00, 0x00, 0x00, 0x0f, 0x29,
    0xb4, 0x24, 0x80, 0x00, 0x00, 0x00, 0x0f, 0x29, 0xbc, 0x24, 0x90, 0x00,
    0x00, 0x00, 0xf2, 0x0f, 0x10, 0xbc, 0x24, 0xe0, 0x00, 0x00, 0x00, 0xf2,
    0x0f, 0x10, 0xb4, 0x24, 0xe8, 0x00, 0x00, 0x00, 0x48, 0x89, 0xcb, 0x48,
    0x89, 0xd6, 0x44, 0x89, 0xc7, 0xf2, 0x0f, 0x11, 0x5c, 0x24, 0x20, 0x45,
    0x89, 0xc1, 0xf2, 0x0f, 0x11, 0x74, 0x24, 0x30, 0x49, 0x89, 0xd0, 0x48,
    0x89, 0xca, 0xf2, 0x0f, 0x11, 0x7c, 0x24, 0x28, 0x48, 0x8d, 0x0d, 0x3e,
    0x1d, 0x9a, 0x00, 0xf2, 0x0f, 0x11, 0x5c, 0x24, 0x48, 0xe8, 0xee, 0x10,
    0x64, 0x00, 0x85, 0xff, 0x48, 0x8b, 0x43, 0x10, 0x48, 0x89, 0x74, 0x24,
    0x50, 0x0f, 0x95, 0x44, 0x24, 0x58, 0x48, 0x3b, 0x43, 0x18, 0xf2, 0x0f,
    0x11, 0x7c, 0x24, 0x68, 0xf2, 0x0f, 0x10, 0x5c, 0x24, 0x48, 0xf2, 0x0f,
    0x11, 0x74, 0x24, 0x70, 0xf2, 0x0f, 0x11, 0x5c, 0x24, 0x60, 0x74, 0x50,
    0x48, 0x85, 0xc0, 0x74, 0x27, 0x48, 0x89, 0x30, 0x48, 0x8b, 0x54, 0x24,
    0x58, 0x48, 0x89, 0x50, 0x08, 0x48, 0x8b, 0x54, 0x24, 0x60, 0x48, 0x89,
    0x50, 0x10, 0x48, 0x8b, 0x54, 0x24, 0x68, 0x48, 0x89, 0x50, 0x18, 0x48,
    0x8b, 0x54, 0x24, 0x70, 0x48, 0x89, 0x50, 0x20, 0x48, 0x83, 0xc0, 0x28,
    0x48, 0x89, 0x43, 0x10, 0x0f, 0x28, 0xb4, 0x24, 0x80, 0x00, 0x00, 0x00,
    0x0f, 0x28, 0xbc, 0x24, 0x90, 0x00, 0x00, 0x00, 0x48, 0x81, 0xc4, 0xa0,
    0x00, 0x00, 0x00, 0x5b, 0x5e, 0x5f, 0xc3, 0x90, 0x48, 0x8d, 0x54, 0x24,
    0x50, 0x48, 0x8d, 0x4b, 0x08, 0xe8, 0xd2, 0xc9, 0x8a, 0x00, 0xeb, 0xd4,
};

// 0x9500  70 bytes  export DeleteNoFitNesting (ordinals 322,323)
// status: comment_only  -- call to 0x64B960 outside the block; call to 0x9984B0 outside the block; jmp to 0x9984B0 outside the block
// sha256: 9be2b4a733060c34793d5285d96c0d655e8f535e8e5d808c8efa3b1c8d60da9b
alignas(16) const unsigned char kBytes_9500[70] = {
    0x53, 0x48, 0x83, 0xec, 0x20, 0x48, 0x89, 0xcb, 0x48, 0x89, 0xca, 0x48,
    0x8d, 0x0d, 0x22, 0x31, 0x9a, 0x00, 0xe8, 0x49, 0x24, 0x64, 0x00, 0x48,
    0x85, 0xdb, 0x74, 0x24, 0x48, 0x8b, 0x4b, 0x08, 0x48, 0x85, 0xc9, 0x74,
    0x05, 0xe8, 0x86, 0xef, 0x98, 0x00, 0x48, 0x89, 0xd9, 0x48, 0x83, 0xc4,
    0x20, 0x5b, 0xe9, 0x79, 0xef, 0x98, 0x00, 0x66, 0x0f, 0x1f, 0x84, 0x00,
    0x00, 0x00, 0x00, 0x00, 0x48, 0x83, 0xc4, 0x20, 0x5b, 0xc3,
};

// 0xa620  934 bytes  export GetNoFitPlacementMap (ordinals 324,325)
// status: comment_only  -- call to 0x1BF40 outside the block; call to 0x5C4C50 outside the block; call to 0x62D860 outside the block; call to 0x62F280 outside the block (+21 more)
// sha256: dc2d0694d9e0ba8df00a0cb19eab8407db3262c2b81040550fbcd02558de8d01
alignas(16) const unsigned char kBytes_a620[934] = {
    0x41, 0x54, 0x55, 0x57, 0x56, 0x53, 0x48, 0x83, 0xc4, 0x80, 0x0f, 0x29,
    0x74, 0x24, 0x70, 0xf2, 0x0f, 0x10, 0xb4, 0x24, 0xd0, 0x00, 0x00, 0x00,
    0x48, 0x89, 0x94, 0x24, 0xb8, 0x00, 0x00, 0x00, 0x48, 0x89, 0xce, 0x49,
    0x89, 0xd4, 0x44, 0x89, 0xcf, 0x4c, 0x89, 0x84, 0x24, 0xc0, 0x00, 0x00,
    0x00, 0x0f, 0xb6, 0x05, 0xf8, 0x49, 0xb1, 0x00, 0x4c, 0x89, 0xc5, 0x84,
    0xc0, 0x0f, 0x84, 0xaa, 0x02, 0x00, 0x00, 0x48, 0x8d, 0x0d, 0xee, 0x49,
    0xb1, 0x00, 0xc6, 0x44, 0x24, 0x58, 0x00, 0x48, 0x89, 0x4c, 0x24, 0x50,
    0xe8, 0x47, 0x50, 0x63, 0x00, 0x85, 0xc0, 0x0f, 0x85, 0x3d, 0x03, 0x00,
    0x00, 0xc6, 0x44, 0x24, 0x58, 0x01, 0xe8, 0xb5, 0x18, 0x01, 0x00, 0x48,
    0x85, 0xc0, 0x48, 0x89, 0xc3, 0x0f, 0x84, 0x00, 0x01, 0x00, 0x00, 0x41,
    0xb8, 0x03, 0x00, 0x00, 0x00, 0x48, 0x89, 0xc1, 0x48, 0x8d, 0x15, 0x9d,
    0x1e, 0x9a, 0x00, 0xe8, 0x64, 0xd9, 0x96, 0x00, 0x41, 0xb8, 0x14, 0x00,
    0x00, 0x00, 0x48, 0x89, 0xd9, 0x48, 0x8d, 0x15, 0x94, 0x20, 0x9a, 0x00,
    0xe8, 0x4f, 0xd9, 0x96, 0x00, 0x41, 0xb8, 0x01, 0x00, 0x00, 0x00, 0x48,
    0x89, 0xd9, 0x48, 0x8d, 0x15, 0x77, 0x1e, 0x9a, 0x00, 0xe8, 0x3a, 0xd9,
    0x96, 0x00, 0x48, 0x89, 0xf2, 0x48, 0x89, 0xd9, 0xe8, 0xaf, 0xdd, 0x85,
    0x00, 0x41, 0xb8, 0x01, 0x00, 0x00, 0x00, 0x48, 0x89, 0xd9, 0x48, 0x8d,
    0x15, 0x57, 0x1e, 0x9a, 0x00, 0xe8, 0x1a, 0xd9, 0x96, 0x00, 0x4c, 0x89,
    0xe2, 0x48, 0x89, 0xd9, 0xe8, 0x8f, 0xdd, 0x85, 0x00, 0x41, 0xb8, 0x01,
    0x00, 0x00, 0x00, 0x48, 0x89, 0xd9, 0x48, 0x8d, 0x15, 0x37, 0x1e, 0x9a,
    0x00, 0xe8, 0xfa, 0xd8, 0x96, 0x00, 0x48, 0x89, 0xea, 0x48, 0x89, 0xd9,
    0xe8, 0x6f, 0xdd, 0x85, 0x00, 0x41, 0xb8, 0x01, 0x00, 0x00, 0x00, 0x48,
    0x89, 0xd9, 0x48, 0x8d, 0x15, 0x17, 0x1e, 0x9a, 0x00, 0xe8, 0xda, 0xd8,
    0x96, 0x00, 0x89, 0xfa, 0x48, 0x89, 0xd9, 0xe8, 0xc0, 0xf5, 0x85, 0x00,
    0x41, 0xb8, 0x01, 0x00, 0x00, 0x00, 0x48, 0x89, 0xd9, 0x48, 0x8d, 0x15,
    0xf8, 0x1d, 0x9a, 0x00, 0xe8, 0xbb, 0xd8, 0x96, 0x00, 0x66, 0x0f, 0x28,
    0xce, 0x48, 0x89, 0xd9, 0xe8, 0x7f, 0xe1, 0x85, 0x00, 0x48, 0x8b, 0x03,
    0x48, 0x8b, 0x40, 0xe8, 0x48, 0x8b, 0xac, 0x03, 0xf0, 0x00, 0x00, 0x00,
    0x48, 0x85, 0xed, 0x0f, 0x84, 0x17, 0x02, 0x00, 0x00, 0x80, 0x7d, 0x38,
    0x00, 0x0f, 0x84, 0x40, 0x01, 0x00, 0x00, 0x0f, 0xbe, 0x55, 0x43, 0x48,
    0x89, 0xd9, 0xe8, 0x61, 0xd4, 0x85, 0x00, 0x48, 0x89, 0xc1, 0xe8, 0x59,
    0xd6, 0x85, 0x00, 0x80, 0x7c, 0x24, 0x58, 0x00, 0x0f, 0x85, 0x53, 0x01,
    0x00, 0x00, 0xf2, 0x0f, 0x10, 0x05, 0x8e, 0x20, 0x9a, 0x00, 0xf2, 0x0f,
    0x5e, 0x35, 0x7e, 0x20, 0x9a, 0x00, 0xf2, 0x0f, 0x59, 0xc6, 0xf2, 0x0f,
    0x58, 0x05, 0x82, 0x20, 0x9a, 0x00, 0xe8, 0x5d, 0x52, 0x62, 0x00, 0x48,
    0xba, 0x00, 0xa0, 0xb8, 0x30, 0x46, 0x03, 0x00, 0x00, 0xf2, 0x48, 0x0f,
    0x2c, 0xc0, 0x48, 0x85, 0xc0, 0x0f, 0x89, 0x71, 0x01, 0x00, 0x00, 0x0f,
    0x1f, 0x44, 0x00, 0x00, 0x48, 0x01, 0xd0, 0x78, 0xfb, 0x4c, 0x8d, 0x44,
    0x24, 0x30, 0x31, 0xd2, 0x85, 0xff, 0x48, 0x89, 0x44, 0x24, 0x30, 0x48,
    0x8d, 0x7c, 0x24, 0x40, 0x0f, 0x95, 0xc2, 0x48, 0x8d, 0x5c, 0x24, 0x50,
    0x48, 0x89, 0xf9, 0xe8, 0x48, 0xa4, 0x5b, 0x00, 0x48, 0x89, 0xd9, 0x48,
    0x89, 0x7c, 0x24, 0x20, 0x48, 0x89, 0xf2, 0x4c, 0x8d, 0x8c, 0x24, 0xc0,
    0x00, 0x00, 0x00, 0x4c, 0x8d, 0x84, 0x24, 0xb8, 0x00, 0x00, 0x00, 0xe8,
    0xc8, 0xcb, 0x65, 0x00, 0xb9, 0x18, 0x00, 0x00, 0x00, 0xe8, 0xce, 0xdc,
    0x98, 0x00, 0x48, 0x89, 0xda, 0x48, 0x89, 0xc1, 0x49, 0x89, 0xc4, 0xe8,
    0x20, 0xa4, 0x8b, 0x00, 0x48, 0x8b, 0x6c, 0x24, 0x58, 0x48, 0x8b, 0x7c,
    0x24, 0x50, 0x48, 0x39, 0xfd, 0x74, 0x53, 0x90, 0x48, 0x8b, 0x77, 0x20,
    0x48, 0x8b, 0x5f, 0x18, 0x48, 0x39, 0xde, 0x74, 0x1d, 0x0f, 0x1f, 0x00,
    0x48, 0x8b, 0x0b, 0x48, 0x85, 0xc9, 0x74, 0x05, 0xe8, 0x43, 0xdc, 0x98,
    0x00, 0x48, 0x83, 0xc3, 0x18, 0x48, 0x39, 0xde, 0x75, 0xea, 0x48, 0x8b,
    0x5f, 0x18, 0x48, 0x85, 0xdb, 0x74, 0x08, 0x48, 0x89, 0xd9, 0xe8, 0x29,
    0xdc, 0x98, 0x00, 0x48, 0x8b, 0x0f, 0x48, 0x85, 0xc9, 0x74, 0x05, 0xe8,
    0x1c, 0xdc, 0x98, 0x00, 0x48, 0x83, 0xc7, 0x30, 0x48, 0x39, 0xfd, 0x75,
    0xb3, 0x48, 0x8b, 0x7c, 0x24, 0x50, 0x48, 0x85, 0xff, 0x74, 0x09, 0x48,
    0x89, 0xf9, 0xe8, 0x01, 0xdc, 0x98, 0x00, 0x90, 0x0f, 0x28, 0x74, 0x24,
    0x70, 0x4c, 0x89, 0xe0, 0x48, 0x83, 0xec, 0x80, 0x5b, 0x5e, 0x5f, 0x5d,
    0x41, 0x5c, 0xc3, 0x48, 0x89, 0xe9, 0xe8, 0x15, 0xbc, 0x81, 0x00, 0x48,
    0x8b, 0x45, 0x00, 0x48, 0x8d, 0x0d, 0x4a, 0xbe, 0x81, 0x00, 0xba, 0x0a,
    0x00, 0x00, 0x00, 0x48, 0x8b, 0x40, 0x30, 0x48, 0x39, 0xc8, 0x0f, 0x84,
    0x9f, 0xfe, 0xff, 0xff, 0x48, 0x89, 0xe9, 0xff, 0xd0, 0x0f, 0xbe, 0xd0,
    0xe9, 0x92, 0xfe, 0xff, 0xff, 0x48, 0x8b, 0x4c, 0x24, 0x50, 0x48, 0x85,
    0xc9, 0x0f, 0x84, 0x9f, 0xfe, 0xff, 0xff, 0xe8, 0xb0, 0x4d, 0x63, 0x00,
    0xe9, 0x95, 0xfe, 0xff, 0xff, 0x48, 0x8d, 0x0d, 0x3c, 0x47, 0xb1, 0x00,
    0xe8, 0x87, 0xe4, 0x98, 0x00, 0x85, 0xc0, 0x0f, 0x84, 0x42, 0xfd, 0xff,
    0xff, 0x48, 0x8d, 0x0d, 0x30, 0x47, 0xb1, 0x00, 0x31, 0xd2, 0xe8, 0x99,
    0x4d, 0x63, 0x00, 0x48, 0x8d, 0x0d, 0x1a, 0x47, 0xb1, 0x00, 0xe8, 0xa5,
    0xe5, 0x98, 0x00, 0x48, 0x8d, 0x0d, 0xfe, 0xc6, 0xff, 0xff, 0xe8, 0x19,
    0x2f, 0x62, 0x00, 0xe9, 0x17, 0xfd, 0xff, 0xff, 0x48, 0xba, 0xff, 0x9f,
    0xb8, 0x30, 0x46, 0x03, 0x00, 0x00, 0x48, 0x39, 0xd0, 0x0f, 0x8e, 0x86,
    0xfe, 0xff, 0xff, 0x48, 0xb9, 0x00, 0x60, 0x47, 0xcf, 0xb9, 0xfc, 0xff,
    0xff, 0x0f, 0x1f, 0x80, 0x00, 0x00, 0x00, 0x00, 0x48, 0x01, 0xc8, 0x48,
    0x39, 0xd0, 0x7f, 0xf8, 0xe9, 0x68, 0xfe, 0xff, 0xff, 0x48, 0x89, 0xc6,
    0x48, 0x89, 0xd9, 0xe8, 0x68, 0xa6, 0x8b, 0x00, 0x48, 0x89, 0xf1, 0xe8,
    0xf0, 0x48, 0x62, 0x00, 0xe8, 0xbb, 0xdd, 0x96, 0x00, 0x4c, 0x89, 0xe1,
    0x48, 0x89, 0xc6, 0xe8, 0x10, 0xdb, 0x98, 0x00, 0xeb, 0xde, 0x80, 0x7c,
    0x24, 0x58, 0x00, 0x48, 0x89, 0xc3, 0x74, 0x0a, 0x48, 0x8d, 0x4c, 0x24,
    0x50, 0xe8, 0xfa, 0xb7, 0x86, 0x00, 0x48, 0x89, 0xd9, 0xe8, 0xc2, 0x48,
    0x62, 0x00, 0x89, 0xc1, 0xe8, 0x2b, 0x02, 0x97, 0x00, 0x90,
};

// 0x9550  573 bytes  export NoFitGenerateSvgNesting (ordinals 326,327)
// status: comment_only  -- call to 0x5185F0 outside the block; call to 0x5DEE60 outside the block; call to 0x5DEEB0 outside the block; call to 0x62F280 outside the block (+9 more)
// sha256: 4fd7c9e5d3a7a4a4349bc33b30b689ba7190c75f29e3783e412787f9670a9301
alignas(16) const unsigned char kBytes_9550[573] = {
    0x41, 0x55, 0x41, 0x54, 0x55, 0x57, 0x56, 0x53, 0x48, 0x81, 0xec, 0x78,
    0x01, 0x00, 0x00, 0x48, 0x89, 0x94, 0x24, 0xb8, 0x01, 0x00, 0x00, 0x4c,
    0x89, 0xc6, 0x4d, 0x89, 0xc1, 0x49, 0x89, 0xcd, 0x48, 0x8d, 0x7c, 0x24,
    0x30, 0x49, 0x89, 0xd0, 0x48, 0x89, 0xca, 0x48, 0x8d, 0x0d, 0xc5, 0x30,
    0x9a, 0x00, 0xe8, 0xf9, 0x1e, 0x64, 0x00, 0x4c, 0x8d, 0x67, 0x10, 0x48,
    0x85, 0xf6, 0x4c, 0x89, 0x64, 0x24, 0x30, 0x0f, 0x84, 0xab, 0x01, 0x00,
    0x00, 0x48, 0x89, 0xf1, 0xe8, 0x97, 0x5c, 0x63, 0x00, 0x48, 0x83, 0xf8,
    0x0f, 0x48, 0x89, 0xc3, 0x48, 0x89, 0x44, 0x24, 0x20, 0x0f, 0x87, 0x3d,
    0x01, 0x00, 0x00, 0x48, 0x83, 0xf8, 0x01, 0x0f, 0x84, 0x73, 0x01, 0x00,
    0x00, 0x48, 0x8d, 0x6c, 0x24, 0x20, 0x48, 0x85, 0xc0, 0x4c, 0x89, 0xe2,
    0x0f, 0x85, 0x82, 0x01, 0x00, 0x00, 0x48, 0x89, 0x44, 0x24, 0x38, 0x48,
    0x89, 0xe9, 0xc6, 0x04, 0x02, 0x00, 0x48, 0x89, 0xfa, 0xe8, 0x7e, 0x58,
    0x5d, 0x00, 0x48, 0x8b, 0x4c, 0x24, 0x30, 0x48, 0x8d, 0x47, 0x10, 0x48,
    0x39, 0xc1, 0x74, 0x05, 0xe8, 0xbb, 0xee, 0x98, 0x00, 0x4c, 0x8d, 0x84,
    0x24, 0xb8, 0x01, 0x00, 0x00, 0x4c, 0x89, 0xea, 0x48, 0x89, 0xf9, 0xe8,
    0xa8, 0xea, 0x7b, 0x00, 0x48, 0x89, 0xfa, 0x48, 0x89, 0xe9, 0xe8, 0xdd,
    0xef, 0x50, 0x00, 0x48, 0x8b, 0x8c, 0x24, 0x50, 0x01, 0x00, 0x00, 0x48,
    0x85, 0xc9, 0x74, 0x05, 0xe8, 0x8b, 0xee, 0x98, 0x00, 0x48, 0x8b, 0x8c,
    0x24, 0x30, 0x01, 0x00, 0x00, 0x48, 0x85, 0xc9, 0x74, 0x05, 0xe8, 0x79,
    0xee, 0x98, 0x00, 0x48, 0x8b, 0x8c, 0x24, 0xe8, 0x00, 0x00, 0x00, 0x48,
    0x85, 0xc9, 0x74, 0x05, 0xe8, 0x67, 0xee, 0x98, 0x00, 0x48, 0x8b, 0x94,
    0x24, 0xa8, 0x00, 0x00, 0x00, 0x48, 0x8d, 0x4f, 0x68, 0xe8, 0x56, 0x56,
    0x92, 0x00, 0x48, 0x8b, 0x4c, 0x24, 0x70, 0x48, 0x85, 0xc9, 0x74, 0x05,
    0xe8, 0x47, 0xee, 0x98, 0x00, 0x48, 0x8b, 0x74, 0x24, 0x60, 0x48, 0x8b,
    0x5c, 0x24, 0x58, 0x48, 0x39, 0xde, 0x74, 0x39, 0x0f, 0x1f, 0x84, 0x00,
    0x00, 0x00, 0x00, 0x00, 0x48, 0x8b, 0x4b, 0x58, 0x48, 0x8d, 0x43, 0x68,
    0x48, 0x39, 0xc1, 0x74, 0x05, 0xe8, 0x1e, 0xee, 0x98, 0x00, 0x48, 0x8b,
    0x0b, 0x48, 0x8d, 0x43, 0x10, 0x48, 0x39, 0xc1, 0x74, 0x05, 0xe8, 0x0d,
    0xee, 0x98, 0x00, 0x48, 0x83, 0xc3, 0x78, 0x48, 0x39, 0xde, 0x75, 0xd4,
    0x48, 0x8b, 0x5c, 0x24, 0x58, 0x48, 0x85, 0xdb, 0x74, 0x08, 0x48, 0x89,
    0xd9, 0xe8, 0xf2, 0xed, 0x98, 0x00, 0x48, 0x8b, 0x4c, 0x24, 0x30, 0x48,
    0x83, 0xc7, 0x10, 0x48, 0x39, 0xf9, 0x74, 0x05, 0xe8, 0xdf, 0xed, 0x98,
    0x00, 0x48, 0x89, 0xe9, 0xe8, 0xd7, 0x57, 0x5d, 0x00, 0x90, 0x48, 0x81,
    0xc4, 0x78, 0x01, 0x00, 0x00, 0x5b, 0x5e, 0x5f, 0x5d, 0x41, 0x5c, 0x41,
    0x5d, 0xc3, 0x66, 0x0f, 0x1f, 0x44, 0x00, 0x00, 0x48, 0x8d, 0x6c, 0x24,
    0x20, 0x48, 0x89, 0xf9, 0x45, 0x31, 0xc0, 0x48, 0x89, 0xea, 0xe8, 0x9d,
    0x74, 0x90, 0x00, 0x48, 0x89, 0xc1, 0x48, 0x89, 0x44, 0x24, 0x30, 0x48,
    0x8b, 0x44, 0x24, 0x20, 0x48, 0x89, 0x44, 0x24, 0x40, 0x48, 0x89, 0xf2,
    0x49, 0x89, 0xd8, 0xe8, 0xd8, 0x5b, 0x63, 0x00, 0x48, 0x8b, 0x44, 0x24,
    0x20, 0x48, 0x8b, 0x54, 0x24, 0x30, 0xe9, 0x9f, 0xfe, 0xff, 0xff, 0x90,
    0x0f, 0xb6, 0x16, 0x48, 0x8d, 0x6c, 0x24, 0x20, 0x88, 0x54, 0x24, 0x40,
    0x4c, 0x89, 0xe2, 0xe9, 0x8a, 0xfe, 0xff, 0xff, 0x48, 0x8d, 0x0d, 0xb5,
    0x2c, 0x9a, 0x00, 0xe8, 0xe0, 0x10, 0x97, 0x00, 0x4c, 0x89, 0xe1, 0xeb,
    0xc0, 0x48, 0x89, 0xf9, 0x48, 0x89, 0xc3, 0xe8, 0x90, 0x85, 0x7b, 0x00,
    0x48, 0x89, 0xe9, 0xe8, 0x48, 0x57, 0x5d, 0x00, 0x48, 0x89, 0xd9, 0xe8,
    0x10, 0x5b, 0x62, 0x00, 0x48, 0x89, 0xc3, 0xeb, 0xeb, 0x48, 0x8b, 0x4c,
    0x24, 0x30, 0x48, 0x83, 0xc7, 0x10, 0x48, 0x89, 0xc3, 0x48, 0x39, 0xf9,
    0x74, 0xe2, 0xe8, 0x25, 0xed, 0x98, 0x00, 0xeb, 0xdb,
};

// 0x9790  403 bytes  export NoFitGenerateSvgGeometry (ordinals 328,329)
// status: comment_only  -- call to 0x5DEE60 outside the block; call to 0x5DEEB0 outside the block; call to 0x5DFC50 outside the block; call to 0x62F280 outside the block (+6 more)
// sha256: 8d82df2cf695f297388d987326dc486d231b35b8028ca138ae944aff893245c3
alignas(16) const unsigned char kBytes_9790[403] = {
    0x41, 0x55, 0x41, 0x54, 0x55, 0x57, 0x56, 0x53, 0x48, 0x83, 0xec, 0x58,
    0x48, 0x89, 0xd7, 0x49, 0x89, 0xd0, 0x49, 0x89, 0xcd, 0x48, 0x8d, 0x5c,
    0x24, 0x30, 0x48, 0x89, 0xca, 0x48, 0x8d, 0x0d, 0xab, 0x2e, 0x9a, 0x00,
    0xe8, 0xb7, 0x28, 0x64, 0x00, 0x4c, 0x8d, 0x63, 0x10, 0x48, 0x85, 0xff,
    0x4c, 0x89, 0x64, 0x24, 0x30, 0x0f, 0x84, 0x09, 0x01, 0x00, 0x00, 0x48,
    0x89, 0xf9, 0xe8, 0x65, 0x5a, 0x63, 0x00, 0x48, 0x83, 0xf8, 0x0f, 0x48,
    0x89, 0xc6, 0x48, 0x89, 0xc2, 0x48, 0x89, 0x44, 0x24, 0x20, 0x0f, 0x87,
    0x98, 0x00, 0x00, 0x00, 0x48, 0x83, 0xf8, 0x01, 0x0f, 0x84, 0xce, 0x00,
    0x00, 0x00, 0x48, 0x8d, 0x6c, 0x24, 0x20, 0x48, 0x85, 0xf6, 0x4c, 0x89,
    0xe0, 0x0f, 0x85, 0xdd, 0x00, 0x00, 0x00, 0x48, 0x89, 0x54, 0x24, 0x38,
    0x48, 0x89, 0xe9, 0xc6, 0x04, 0x10, 0x00, 0x48, 0x89, 0xda, 0xe8, 0x49,
    0x56, 0x5d, 0x00, 0x48, 0x8b, 0x4c, 0x24, 0x30, 0x48, 0x8d, 0x43, 0x10,
    0x48, 0x39, 0xc1, 0x74, 0x05, 0xe8, 0x86, 0xec, 0x98, 0x00, 0x48, 0x8d,
    0x43, 0x10, 0x49, 0x89, 0xd8, 0x4c, 0x89, 0xea, 0xc6, 0x44, 0x24, 0x40,
    0x00, 0x48, 0x89, 0xe9, 0x48, 0x89, 0x44, 0x24, 0x30, 0x48, 0xc7, 0x44,
    0x24, 0x38, 0x00, 0x00, 0x00, 0x00, 0xe8, 0x01, 0x64, 0x5d, 0x00, 0x48,
    0x8b, 0x4c, 0x24, 0x30, 0x48, 0x83, 0xc3, 0x10, 0x48, 0x39, 0xd9, 0x74,
    0x05, 0xe8, 0x4e, 0xec, 0x98, 0x00, 0x48, 0x89, 0xe9, 0xe8, 0x46, 0x56,
    0x5d, 0x00, 0x90, 0x48, 0x83, 0xc4, 0x58, 0x5b, 0x5e, 0x5f, 0x5d, 0x41,
    0x5c, 0x41, 0x5d, 0xc3, 0x0f, 0x1f, 0x84, 0x00, 0x00, 0x00, 0x00, 0x00,
    0x48, 0x8d, 0x6c, 0x24, 0x20, 0x48, 0x89, 0xd9, 0x45, 0x31, 0xc0, 0x48,
    0x89, 0xea, 0xe8, 0x0d, 0x73, 0x90, 0x00, 0x48, 0x89, 0xc1, 0x48, 0x89,
    0x44, 0x24, 0x30, 0x48, 0x8b, 0x44, 0x24, 0x20, 0x48, 0x89, 0x44, 0x24,
    0x40, 0x48, 0x89, 0xfa, 0x49, 0x89, 0xf0, 0xe8, 0x48, 0x5a, 0x63, 0x00,
    0x48, 0x8b, 0x54, 0x24, 0x20, 0x48, 0x8b, 0x44, 0x24, 0x30, 0xe9, 0x44,
    0xff, 0xff, 0xff, 0x90, 0x0f, 0xb6, 0x07, 0x48, 0x8d, 0x6c, 0x24, 0x20,
    0x88, 0x44, 0x24, 0x40, 0x4c, 0x89, 0xe0, 0xe9, 0x2f, 0xff, 0xff, 0xff,
    0x48, 0x8d, 0x0d, 0x25, 0x2b, 0x9a, 0x00, 0xe8, 0x50, 0x0f, 0x97, 0x00,
    0x4c, 0x89, 0xe1, 0xeb, 0xc0, 0x48, 0x8b, 0x4c, 0x24, 0x30, 0x48, 0x83,
    0xc3, 0x10, 0x48, 0x89, 0xc6, 0x48, 0x39, 0xd9, 0x74, 0x05, 0xe8, 0xb5,
    0xeb, 0x98, 0x00, 0x48, 0x89, 0xe9, 0xe8, 0xad, 0x55, 0x5d, 0x00, 0x48,
    0x89, 0xf1, 0xe8, 0x75, 0x59, 0x62, 0x00, 0x48, 0x8b, 0x4c, 0x24, 0x30,
    0x48, 0x83, 0xc3, 0x10, 0x48, 0x89, 0xc6, 0x48, 0x39, 0xd9, 0x74, 0xe7,
    0xe8, 0x8f, 0xeb, 0x98, 0x00, 0xeb, 0xe0,
};

// 0xddf0  36 bytes  export SetPartialShearMode (ordinals 330,331)
// status: comment_only  -- call to 0x64E120 outside the block
// sha256: 09db2a0c6d2dd619390d33b999a5e1cebf755ff12f820ee109f03c8de275ce2a
alignas(16) const unsigned char kBytes_ddf0[36] = {
    0x56, 0x53, 0x48, 0x83, 0xec, 0x28, 0x48, 0x89, 0xce, 0x89, 0xd3, 0x48,
    0x8d, 0x0d, 0x53, 0xf1, 0x99, 0x00, 0xe8, 0x19, 0x03, 0x64, 0x00, 0x89,
    0x5e, 0x48, 0x89, 0x5e, 0x44, 0x48, 0x83, 0xc4, 0x28, 0x5b, 0x5e, 0xc3,
};

// 0xb750  384 bytes  export GetNestingBoundingBox (ordinals 332,333)
// status: comment_only  -- call to 0x525370 outside the block; call to 0x60A620 outside the block; call to 0x62F280 outside the block; call to 0x64AEA0 outside the block (+2 more)
// sha256: 48c78e35a052e3f606e9860928c3e7b16e7a9bfcebdb0c3a0aa830df40c0d057
alignas(16) const unsigned char kBytes_b750[384] = {
    0x41, 0x56, 0x41, 0x55, 0x41, 0x54, 0x55, 0x57, 0x56, 0x53, 0x48, 0x81,
    0xec, 0xb0, 0x00, 0x00, 0x00, 0x4c, 0x8b, 0xac, 0x24, 0x10, 0x01, 0x00,
    0x00, 0x48, 0x89, 0xcb, 0x48, 0x89, 0xd7, 0x4c, 0x89, 0xc5, 0x48, 0x8d,
    0x0d, 0x0e, 0x13, 0x9a, 0x00, 0x4d, 0x89, 0xcc, 0xe8, 0x1f, 0xf7, 0x63,
    0x00, 0x48, 0x8b, 0x53, 0x08, 0x48, 0x8d, 0x8c, 0x24, 0x80, 0x00, 0x00,
    0x00, 0xe8, 0xde, 0x9b, 0x51, 0x00, 0x48, 0x85, 0xff, 0x74, 0x5a, 0x48,
    0x85, 0xed, 0x74, 0x55, 0x4d, 0x85, 0xe4, 0x74, 0x50, 0x4d, 0x85, 0xed,
    0x74, 0x4b, 0xf2, 0x0f, 0x10, 0x84, 0x24, 0x88, 0x00, 0x00, 0x00, 0xf2,
    0x0f, 0x11, 0x07, 0xf2, 0x0f, 0x10, 0x84, 0x24, 0x90, 0x00, 0x00, 0x00,
    0xf2, 0x0f, 0x11, 0x45, 0x00, 0xf2, 0x0f, 0x10, 0x84, 0x24, 0x98, 0x00,
    0x00, 0x00, 0xf2, 0x41, 0x0f, 0x11, 0x04, 0x24, 0xf2, 0x0f, 0x10, 0x84,
    0x24, 0xa0, 0x00, 0x00, 0x00, 0xf2, 0x41, 0x0f, 0x11, 0x45, 0x00, 0x48,
    0x81, 0xc4, 0xb0, 0x00, 0x00, 0x00, 0x5b, 0x5e, 0x5f, 0x5d, 0x41, 0x5c,
    0x41, 0x5d, 0x41, 0x5e, 0xc3, 0x48, 0x8d, 0x74, 0x24, 0x60, 0x48, 0x8d,
    0x15, 0xa3, 0x12, 0x9a, 0x00, 0x48, 0x89, 0xf1, 0xe8, 0x4b, 0xf4, 0xff,
    0xff, 0x48, 0x8d, 0x5c, 0x24, 0x40, 0x48, 0x8d, 0x15, 0x5f, 0x1e, 0x9a,
    0x00, 0x48, 0x89, 0xd9, 0xe8, 0x37, 0xf4, 0xff, 0xff, 0x4c, 0x8d, 0x74,
    0x24, 0x20, 0x48, 0x8d, 0x15, 0x5a, 0x12, 0x9a, 0x00, 0x4c, 0x89, 0xf1,
    0xe8, 0x23, 0xf4, 0xff, 0xff, 0x49, 0x89, 0xf1, 0x49, 0x89, 0xd8, 0xba,
    0x52, 0x01, 0x00, 0x00, 0x4c, 0x89, 0xf1, 0xe8, 0xe0, 0xed, 0x5f, 0x00,
    0x48, 0x8b, 0x4c, 0x24, 0x20, 0x49, 0x83, 0xc6, 0x10, 0x4c, 0x39, 0xf1,
    0x74, 0x05, 0xe8, 0x5d, 0xcc, 0x98, 0x00, 0x48, 0x8b, 0x4c, 0x24, 0x40,
    0x48, 0x83, 0xc3, 0x10, 0x48, 0x39, 0xd9, 0x74, 0x05, 0xe8, 0x4a, 0xcc,
    0x98, 0x00, 0x48, 0x8b, 0x4c, 0x24, 0x60, 0x48, 0x83, 0xc6, 0x10, 0x48,
    0x39, 0xf1, 0x0f, 0x84, 0x2e, 0xff, 0xff, 0xff, 0xe8, 0x33, 0xcc, 0x98,
    0x00, 0xe9, 0x24, 0xff, 0xff, 0xff, 0x48, 0x8b, 0x4c, 0x24, 0x20, 0x49,
    0x83, 0xc6, 0x10, 0x48, 0x89, 0xc7, 0x4c, 0x39, 0xf1, 0x74, 0x05, 0xe8,
    0x18, 0xcc, 0x98, 0x00, 0x48, 0x8b, 0x4c, 0x24, 0x40, 0x48, 0x83, 0xc3,
    0x10, 0x48, 0x39, 0xd9, 0x74, 0x05, 0xe8, 0x05, 0xcc, 0x98, 0x00, 0x48,
    0x8b, 0x4c, 0x24, 0x60, 0x48, 0x83, 0xc6, 0x10, 0x48, 0x39, 0xf1, 0x74,
    0x05, 0xe8, 0xf2, 0xcb, 0x98, 0x00, 0x48, 0x89, 0xf9, 0xe8, 0xba, 0x39,
    0x62, 0x00, 0x48, 0x89, 0xc7, 0xeb, 0xcd, 0x48, 0x89, 0xc7, 0xeb, 0xdb,
};

// 0xc610  43 bytes  export ForcePartInsideHole (ordinals 334,335)
// status: comment_only  -- call to 0x64CA50 outside the block
// sha256: 6265760128d6a0184221e9eb1c647d9367c5e8995f7326662e853724daad45fa
alignas(16) const unsigned char kBytes_c610[43] = {
    0x53, 0x48, 0x83, 0xec, 0x20, 0x48, 0x89, 0xcb, 0x48, 0x89, 0xca, 0x48,
    0x8d, 0x0d, 0xa8, 0x05, 0x9a, 0x00, 0xe8, 0x29, 0x04, 0x64, 0x00, 0xc6,
    0x83, 0x0a, 0x02, 0x00, 0x00, 0x01, 0xc6, 0x83, 0x0b, 0x02, 0x00, 0x00,
    0x00, 0x48, 0x83, 0xc4, 0x20, 0x5b, 0xc3,
};

// 0x10470  42 bytes  export SetReorganizeBiggestPartNearOrigin (ordinals 336,337)
// status: comment_only  -- call to 0x64C6B0 outside the block
// sha256: cfd6c3f759f9256be6c0696b7cf11b4f3dedd7eee2358a187c040da719e73294
alignas(16) const unsigned char kBytes_10470[42] = {
    0x56, 0x53, 0x48, 0x83, 0xec, 0x28, 0x48, 0x89, 0xcb, 0x89, 0xd6, 0x41,
    0x89, 0xd0, 0x48, 0x89, 0xca, 0x48, 0x8d, 0x0d, 0xc0, 0xcd, 0x99, 0x00,
    0xe8, 0x23, 0xc2, 0x63, 0x00, 0x85, 0xf6, 0x0f, 0x95, 0x43, 0x22, 0x48,
    0x83, 0xc4, 0x28, 0x5b, 0x5e, 0xc3,
};

// 0x104a0  42 bytes  export SetReorganizeLongestPartNearOrigin (ordinals 338,339)
// status: comment_only  -- call to 0x64C6B0 outside the block
// sha256: 84c97c4b564351070bd3140b68b928bbb145f2b8ec8c82c1d0da8e49aeb288f3
alignas(16) const unsigned char kBytes_104a0[42] = {
    0x56, 0x53, 0x48, 0x83, 0xec, 0x28, 0x48, 0x89, 0xcb, 0x89, 0xd6, 0x41,
    0x89, 0xd0, 0x48, 0x89, 0xca, 0x48, 0x8d, 0x0d, 0xb8, 0xcd, 0x99, 0x00,
    0xe8, 0xf3, 0xc1, 0x63, 0x00, 0x85, 0xf6, 0x0f, 0x95, 0x43, 0x23, 0x48,
    0x83, 0xc4, 0x28, 0x5b, 0x5e, 0xc3,
};

// 0x9930  443 bytes  export NoFitSetMaximumComplexity (ordinals 340,341)
// status: comment_only  -- call to 0x1BF40 outside the block; call to 0x62D860 outside the block; call to 0x62F280 outside the block; call to 0x63F6B8 outside the block (+13 more)
// sha256: 64434d40505f407fcdd3c424799c8474bec1bd4bc0b977c148b9a6c520110c96
alignas(16) const unsigned char kBytes_9930[443] = {
    0x55, 0x57, 0x56, 0x53, 0x48, 0x83, 0xec, 0x38, 0x0f, 0xb6, 0x05, 0x11,
    0x57, 0xb1, 0x00, 0x84, 0xc0, 0x48, 0x89, 0xcf, 0x89, 0xd5, 0x0f, 0x84,
    0x14, 0x01, 0x00, 0x00, 0x48, 0x8d, 0x0d, 0x05, 0x57, 0xb1, 0x00, 0xc6,
    0x44, 0x24, 0x28, 0x00, 0x48, 0x89, 0x4c, 0x24, 0x20, 0xe8, 0x5e, 0x5d,
    0x63, 0x00, 0x85, 0xc0, 0x0f, 0x85, 0x58, 0x01, 0x00, 0x00, 0xc6, 0x44,
    0x24, 0x28, 0x01, 0xe8, 0xcc, 0x25, 0x01, 0x00, 0x48, 0x85, 0xc0, 0x48,
    0x89, 0xc3, 0x0f, 0x84, 0x9b, 0x00, 0x00, 0x00, 0x41, 0xb8, 0x03, 0x00,
    0x00, 0x00, 0x48, 0x89, 0xc1, 0x48, 0x8d, 0x15, 0xb4, 0x2b, 0x9a, 0x00,
    0xe8, 0x7b, 0xe6, 0x96, 0x00, 0x41, 0xb8, 0x19, 0x00, 0x00, 0x00, 0x48,
    0x89, 0xd9, 0x48, 0x8d, 0x15, 0xd3, 0x2c, 0x9a, 0x00, 0xe8, 0x66, 0xe6,
    0x96, 0x00, 0x41, 0xb8, 0x01, 0x00, 0x00, 0x00, 0x48, 0x89, 0xd9, 0x48,
    0x8d, 0x15, 0x8e, 0x2b, 0x9a, 0x00, 0xe8, 0x51, 0xe6, 0x96, 0x00, 0x48,
    0x89, 0xfa, 0x48, 0x89, 0xd9, 0xe8, 0xc6, 0xea, 0x85, 0x00, 0x41, 0xb8,
    0x01, 0x00, 0x00, 0x00, 0x48, 0x89, 0xd9, 0x48, 0x8d, 0x15, 0x6e, 0x2b,
    0x9a, 0x00, 0xe8, 0x31, 0xe6, 0x96, 0x00, 0x89, 0xea, 0x48, 0x89, 0xd9,
    0xe8, 0x87, 0xf5, 0x85, 0x00, 0x48, 0x8b, 0x03, 0x48, 0x8b, 0x40, 0xe8,
    0x48, 0x8b, 0xb4, 0x03, 0xf0, 0x00, 0x00, 0x00, 0x48, 0x85, 0xf6, 0x0f,
    0x84, 0xc8, 0x00, 0x00, 0x00, 0x80, 0x7e, 0x38, 0x00, 0x74, 0x2a, 0x0f,
    0xbe, 0x56, 0x43, 0x48, 0x89, 0xd9, 0xe8, 0xdd, 0xe1, 0x85, 0x00, 0x48,
    0x89, 0xc1, 0xe8, 0xd5, 0xe3, 0x85, 0x00, 0x80, 0x7c, 0x24, 0x28, 0x00,
    0x75, 0x7e, 0x89, 0xaf, 0xe8, 0x00, 0x00, 0x00, 0x48, 0x83, 0xc4, 0x38,
    0x5b, 0x5e, 0x5f, 0x5d, 0xc3, 0x48, 0x89, 0xf1, 0xe8, 0xa7, 0xca, 0x81,
    0x00, 0x48, 0x8b, 0x06, 0x48, 0x8d, 0x0d, 0xdd, 0xcc, 0x81, 0x00, 0xba,
    0x0a, 0x00, 0x00, 0x00, 0x48, 0x8b, 0x40, 0x30, 0x48, 0x39, 0xc8, 0x74,
    0xba, 0x48, 0x89, 0xf1, 0xff, 0xd0, 0x0f, 0xbe, 0xd0, 0xeb, 0xb0, 0x0f,
    0x1f, 0x44, 0x00, 0x00, 0x48, 0x8d, 0x0d, 0xe9, 0x55, 0xb1, 0x00, 0xe8,
    0x34, 0xf3, 0x98, 0x00, 0x85, 0xc0, 0x0f, 0x84, 0xd8, 0xfe, 0xff, 0xff,
    0x48, 0x8d, 0x0d, 0xdd, 0x55, 0xb1, 0x00, 0x31, 0xd2, 0xe8, 0x46, 0x5c,
    0x63, 0x00, 0x48, 0x8d, 0x0d, 0xc7, 0x55, 0xb1, 0x00, 0xe8, 0x52, 0xf4,
    0x98, 0x00, 0x48, 0x8d, 0x0d, 0xab, 0xd5, 0xff, 0xff, 0xe8, 0xc6, 0x3d,
    0x62, 0x00, 0xe9, 0xad, 0xfe, 0xff, 0xff, 0x90, 0x48, 0x8b, 0x4c, 0x24,
    0x20, 0x48, 0x85, 0xc9, 0x0f, 0x84, 0x74, 0xff, 0xff, 0xff, 0xe8, 0x05,
    0x5c, 0x63, 0x00, 0x89, 0xaf, 0xe8, 0x00, 0x00, 0x00, 0x48, 0x83, 0xc4,
    0x38, 0x5b, 0x5e, 0x5f, 0x5d, 0xc3, 0x89, 0xc1, 0xe8, 0x27, 0x11, 0x97,
    0x00, 0xe8, 0x82, 0xec, 0x96, 0x00, 0x80, 0x7c, 0x24, 0x28, 0x00, 0x48,
    0x89, 0xc3, 0x74, 0x0a, 0x48, 0x8d, 0x4c, 0x24, 0x20, 0xe8, 0xce, 0xc6,
    0x86, 0x00, 0x48, 0x89, 0xd9, 0xe8, 0x96, 0x57, 0x62, 0x00, 0x90,
};

// 0xe1f0  111 bytes  export UnLockLaunchingOrderOxy (ordinals 342,343)
// status: comment_only  -- call to 0x63F238 outside the block; call to 0x64D9C0 outside the block; call to 0x90ECB0 outside the block
// sha256: c08553bca9ca07f3f47cd704097465d7d40d6b0ae12ab5164558cea1259e8ff3
alignas(16) const unsigned char kBytes_e1f0[111] = {
    0x57, 0x56, 0x53, 0x48, 0x83, 0xec, 0x30, 0x48, 0x89, 0xcb, 0x48, 0x89,
    0xd7, 0x4c, 0x89, 0xc6, 0x48, 0x8d, 0x0d, 0xd2, 0xed, 0x99, 0x00, 0xe8,
    0xb4, 0xf7, 0x63, 0x00, 0x48, 0x89, 0xf9, 0xe8, 0x24, 0x10, 0x63, 0x00,
    0x4c, 0x8b, 0x83, 0x50, 0x02, 0x00, 0x00, 0x49, 0x89, 0xf9, 0x31, 0xd2,
    0x48, 0x8d, 0x8b, 0x48, 0x02, 0x00, 0x00, 0x48, 0x89, 0x44, 0x24, 0x20,
    0xe8, 0x7f, 0x0a, 0x90, 0x00, 0x48, 0x89, 0xf1, 0xe8, 0xff, 0x0f, 0x63,
    0x00, 0x4c, 0x8b, 0x83, 0x70, 0x02, 0x00, 0x00, 0x48, 0x8d, 0x8b, 0x68,
    0x02, 0x00, 0x00, 0x31, 0xd2, 0x48, 0x89, 0x44, 0x24, 0x20, 0x49, 0x89,
    0xf1, 0xe8, 0x5a, 0x0a, 0x90, 0x00, 0x90, 0x48, 0x83, 0xc4, 0x30, 0x5b,
    0x5e, 0x5f, 0xc3,
};

// 0xa06820  32 bytes  libm sqrt's constant cluster: the name string "sqrt" then -0.0, +inf and 1.0 -- the evidence that 0x62FE20 is the C library's square root and therefore toolchain, not domain code
// status: data
// sha256: b1c990bc7b38a93d330fd06165bb4db14befc5e958457165d7a036b8c48eaf2d
alignas(16) const unsigned char kBytes_a06820[32] = {
    0x73, 0x71, 0x72, 0x74, 0x00, 0x00, 0x00, 0x00, 0x00, 0x00, 0x00, 0x00,
    0x00, 0x00, 0x00, 0x80, 0x00, 0x00, 0x00, 0x00, 0x00, 0x00, 0xf0, 0x7f,
    0x00, 0x00, 0x00, 0x00, 0x00, 0x00, 0xf0, 0x3f,
};

const Block kBlocks[] = {
    {0x51d2f0u, 5u, "lcns_orig_51d2f0", Status::Callable, "", "pointer getter: returns [rcx+0x60]", kBytes_51d2f0, "ca3aab76b94acd7081ad378320443ef2f9a4c3551ec59cde6a86c27d7062522a"},
    {0x4f8370u, 6u, "lcns_orig_4f8370", Status::Callable, "", "double accessor: returns [rcx+0x28]", kBytes_4f8370, "bab1c3cf7a3c086e24ef67e9ad80db0a146bd093af6bb15379d60385532283d3"},
    {0x4f8380u, 6u, "lcns_orig_4f8380", Status::Callable, "", "double accessor: returns [rcx+0x30]", kBytes_4f8380, "d53241d8a2cf3cbde6f551b0114f81e25af6de7b3175ccca4d332542f18d65fb"},
    {0x4ddd10u, 5u, "lcns_orig_4ddd10", Status::Callable, "", "returns the address of the field at +0x48", kBytes_4ddd10, "d6dde944ab17a80038c06eafcf1c49f8944fbc09134b758e4efda9017f8472f5"},
    {0x16c270u, 34u, "lcns_orig_16c270", Status::Callable, "", "packed double addition of two 2D points (addpd)", kBytes_16c270, "8037548adc25fa7eeb0360ad73467619eb9af65f542a9ca10f2c7d6bdf90feaa"},
    {0x24b440u, 61u, "lcns_orig_24b440", Status::Callable, "", "two-dimensional cross product / orientation determinant", kBytes_24b440, "1e689559dfcde151c28ab9ed2c29d0f10007c58abd01dda177cb7e239bc1ee36"},
    {0x5cfd80u, 64u, "lcns_orig_5cfd80", Status::Callable, "", "in-place 2x3 affine transform of one point", kBytes_5cfd80, "a47843c42ba82adb172ba813d945f60c33a40e4f28f2545531326e037030a7ec"},
    {0x5cfdc0u, 160u, "lcns_orig_5cfdc0", Status::Callable, "", "in-place 2x3 affine transform of both points of a segment", kBytes_5cfdc0, "bd406f6324dd73145b149cc8af30265f67be7a76c22262028102f26e033db8aa"},
    {0x5cea80u, 269u, "lcns_orig_5cea80", Status::Callable, "", "affine transform applied to a source record, functional form", kBytes_5cea80, "7c2297bb43e8a96865177c08637c282c3abf2afcf1704247a857e7c05063f1b6"},
    {0x5cf6b0u, 235u, "lcns_orig_5cf6b0", Status::Callable, "", "affine transform, out of place", kBytes_5cf6b0, "2913a685d3e8420c3fbad3e8706228ba4de4d09783aad3ccdde0e355e394fa1b"},
    {0x5ce970u, 269u, "lcns_orig_5ce970", Status::Callable, "", "composition of two 2x3 affine transforms", kBytes_5ce970, "d910ebbbcf0478750d2b2a1ddf196f4b5ac49e6f996adf211d0abc6a46d0f3bd"},
    {0x5ce7b0u, 50u, "lcns_orig_5ce7b0", Status::CallableRelocated, "data at 0x5ce7b4 -> lcns_data_9de930", "builds a translation matrix (identity basis + point)", kBytes_5ce7b0, "1c553f16928c26c0173c2de81a054b5edaafc671750db4bc7bf5487e8af1270c"},
    {0x5ced50u, 196u, "lcns_orig_5ced50", Status::CallableRelocated, "data at 0x5ced5d -> lcns_data_9de960; data at 0x5ced8f -> lcns_data_9de930", "inverse of a 2x3 affine matrix", kBytes_5ced50, "71653da18d5c60a8564445ad58f0b3b24d7639bccb7efedf71fa3a017edf9b9d"},
    {0x55e190u, 258u, "lcns_orig_55e190", Status::CallableRelocated, "stub at 0x55e1dd -> lcns_stub_sqrt; stub at 0x55e20c -> lcns_stub_sqrt; stub at 0x55e26d -> lcns_stub_sqrt", "segment length pair, min and max, with a square-root guard", kBytes_55e190, "aea332921bf9a743b522a12559953a18cd3dc39c7c2889f8e8bfeffd78e4f32b"},
    {0x62fe20u, 270u, "lcns_orig_62fe20", Status::CommentOnly, "call to 0x63F4D8 outside the block; call to 0x63FA50 outside the block", "libm sqrt: the C library square root, identified in round 356 from its own error path (the name string 'sqrt' at rva 0xA06820, EDOM=0x21 stored through the errno helper 0x63F4D8, then an __math_invalid-shaped call). Its 89 callers are geometry code taking lengths; round 340 read it as a classification guard, which this corrects", kBytes_62fe20, "92ba45ca52d125e32af5d8f222dee28c09d4134141b999a3588aff4c0d76180f"},
    {0x50fd40u, 270u, "lcns_orig_50fd40", Status::CallableRelocated, "block at 0x50fd84 -> lcns_orig_5c8a10; block at 0x50fd98 -> lcns_orig_51d2f0; block at 0x50fda0 -> lcns_orig_4f8370; block at 0x50fdb3 -> lcns_orig_51d2f0; block at 0x50fdbb -> lcns_orig_4f8380; block at 0x50fdd2 -> lcns_orig_5c8a10; block at 0x50fe1d -> lcns_orig_5c8a10", "accumulator over a range of 312-byte elements", kBytes_50fd40, "0bd76831f963660517c123629b68239771edc3f74587a380dcef90d1893c1a7b"},
    {0x5f4310u, 35u, "lcns_orig_5f4310", Status::CommentOnly, "call to 0x5F3900 outside the block", "three-field constructor helper reached from 0x524EE0; calls 0x5F3900", kBytes_5f4310, "03176c354b155e09b6f47131243c43fdd8870b51b782c12f2be4f611fce1aa59"},
    {0x520440u, 479u, "lcns_orig_520440", Status::CommentOnly, "call to 0x60A620 outside the block; call to 0x62F280 outside the block; call to 0x910BA0 outside the block; call to 0x9984B0 outside the block", "479 bytes, 55 callers, reached from 0x524EE0", kBytes_520440, "861082eb3669a2b24512a1ff5a7d8b32f02136dbaebe460a5d62a5ebddff9526"},
    {0x5203c0u, 4u, "lcns_orig_5203c0", Status::Callable, "", "four-byte accessor: mov eax, dword ptr [rcx + 0x20]; 20 callers", kBytes_5203c0, "07ad3a50b1c271e07fb57fb47d2f0e77f3342d41bfa410990cb1320a45035fb2"},
    {0x4f73e0u, 530u, "lcns_orig_4f73e0", Status::CommentOnly, "call to 0x60A620 outside the block; call to 0x62F280 outside the block; call to 0x910BA0 outside the block; call to 0x9984B0 outside the block", "530 bytes, 12 callers, reached from 0x524EE0", kBytes_4f73e0, "f8e3d9c89e45734f1f161ca140ef47fd15db46dd433f1c8d02261c196efc11aa"},
    {0x547620u, 5u, "lcns_orig_547620", Status::Callable, "", "five-byte accessor: lea rax, [rcx + 0x18]; 4 callers", kBytes_547620, "813b00f48d4cf0d99dea047ab4852415937c2c310855ec0ec2bda6184b705ba3"},
    {0x5c6be0u, 65u, "lcns_orig_5c6be0", Status::CommentOnly, "call to 0x62F280 outside the block; call to 0x8C4530 outside the block; call to 0x8C5090 outside the block", "65 bytes, 46 callers, reached from 0x524EE0", kBytes_5c6be0, "213123586aab2df6d4d2a81bb752ae4b7d48e0a3f6bfc973c8dffd23f7880374"},
    {0x5c8c50u, 255u, "lcns_orig_5c8c50", Status::Callable, "", "merge two min/max boxes: if the source's flag byte is non-zero nothing happens, if the destination's is non-zero it is re-initialised from the source, otherwise the four doubles are min/max combined. 62 instructions, no calls, 56 callers -- the same box layout as 0x5C8A10, and a common step behind GetLength/GetHeight", kBytes_5c8c50, "d8758387497387c58502f9d8e53a217c10e968dd78489723b318c27dcb816f92"},
    {0x524ee0u, 1054u, "lcns_orig_524ee0", Status::CommentOnly, "call to 0x4F73E0 outside the block; call to 0x5203D0 outside the block; call to 0x5203F0 outside the block; call to 0x520440 outside the block (+10 more)", "the subsystem behind GetLength's loop: 1054 bytes, 241 instructions, 12 calls and a RIP-relative table at 0x5FDE74. Read in round 376; embedded so the assembly is in the project while it stays unimplemented", kBytes_524ee0, "6df109ae7e8553a19cc645051fe3f2341bcb74d41e4b2f9a2afb36e62172d070"},
    {0x4f9200u, 434u, "lcns_orig_4f9200", Status::CommentOnly, "call to 0x60A620 outside the block; call to 0x62F280 outside the block; call to 0x910BA0 outside the block; call to 0x9984B0 outside the block", "lazily initialised object: checks the byte at +0x100 and returns [rcx+0x108] when it is set, else constructs. 434 bytes, 97 instructions, 21 callers", kBytes_4f9200, "89cf114a758b4030a61a1d50f61151cec0d40937f597316d35f22b6d83ab612a"},
    {0x5cd800u, 610u, "lcns_orig_5cd800", Status::CommentOnly, "call to 0x5C5260 outside the block; call to 0x5C5F30 outside the block; call to 0x5C61D0 outside the block; call to 0x5CD360 outside the block (+4 more)", "container construction that itself merges boxes through 0x5C8C50: 610 bytes, 145 instructions, 112 callers", kBytes_5cd800, "07ad72bded390701cbc00ca615d0fd86eb1dccaec19277d433bf3810205c5761"},
    {0x5c8a10u, 114u, "lcns_orig_5c8a10", Status::Callable, "", "the box accumulator it calls: init-or-extend a min/max box with one pair (flag at +0x00, then minX +0x08, minY +0x10, maxX +0x18, maxY +0x20); the flag means UNINITIALISED when non-zero, which is why the caller sets it to 1 before the loop and the first call clears it", kBytes_5c8a10, "11fd0141b88c0c13259995daf85e6f5fc382eb89ffd328c4a08f89464cee9e0c"},
    {0x24dd40u, 238u, "lcns_orig_24dd40", Status::CommentOnly, "call to 0x24C610 outside the block", "composition of two transformed fields with weights", kBytes_24dd40, "4d172f17c977298cebcc7c33223e7441f2febdac27dadfb9803a76221edddb8e"},
    {0x4b81d0u, 78u, "lcns_orig_4b81d0", Status::CommentOnly, "call to 0x998500 outside the block", "builds the object whose first member is the 0.01 tolerance", kBytes_4b81d0, "31b092b0bf261d80450ce3783f7583863fd71e1a6f8eba5f6379769db10628e3"},
    {0x24c610u, 138u, "lcns_orig_24c610", Status::CommentOnly, "call to 0x24C4A0 outside the block", "four-stage geometry chain over the packed +0x70 point", kBytes_24c610, "50ff0b09ce15d0d184cb2ff5516473f554d6cc006b7b8f781432940e20a46bcc"},
    {0x111ad0u, 64u, "lcns_orig_111ad0", Status::CommentOnly, "call to 0xC33F0 outside the block", "constructor of the twins' object (two vtables)", kBytes_111ad0, "e3f1487d0f779a0a9152c745741974bce0afbab0ed9852cc0d6f3be90aca9c55"},
    {0x243820u, 15524u, "lcns_orig_243820", Status::CommentOnly, "call to 0x24A1C0 outside the block; call to 0x2530D0 outside the block; call to 0x253140 outside the block; call to 0x254090 outside the block (+74 more)", "head of the largest routine here (15,524 bytes): geometry entry", kBytes_243820, "ae8129e19a4d2aab35f2683b787ed1a2c8663beeef102664979b09519afb68ae"},
    {0x16420u, 490u, "lcns_orig_16420", Status::CommentOnly, "call to 0x23BF0 outside the block; call to 0x5CD5C0 outside the block; call to 0x62F280 outside the block; call to 0x64AEA0 outside the block (+3 more)", "export AddPolygonHoleToPart (ordinals 1,2)", kBytes_16420, "7d232688b858fa0c764b12557dcc00b84a5dee1395a05be9f0d023c5c862c570"},
    {0x162b0u, 353u, "lcns_orig_162b0", Status::CommentOnly, "call to 0x14D10 outside the block; call to 0x62F280 outside the block; call to 0x64AEA0 outside the block; call to 0x8ADF30 outside the block (+1 more)", "export AddPolygonPart (ordinals 3,4)", kBytes_162b0, "1296639fb79e78899b3684dbe9dee4e40fe1f8f8ae0e53d5ba78d20815b9b5a3"},
    {0x15bf0u, 1717u, "lcns_orig_15bf0", Status::CommentOnly, "call to 0x1BF40 outside the block; call to 0x5C9330 outside the block; call to 0x62D860 outside the block; call to 0x62F280 outside the block (+23 more)", "export AddSheet (ordinals 5,6)", kBytes_15bf0, "f761bd629fd63f513d37322eada6ca413683021a6dc3c70433025b0c5028e554"},
    {0x118f0u, 3660u, "lcns_orig_118f0", Status::CommentOnly, "call to 0x5007C0 outside the block; call to 0x5F3960 outside the block; call to 0x63F6B8 outside the block; call to 0x63F6C0 outside the block (+17 more)", "export DeleteLaunchingOrder (ordinals 7,8)", kBytes_118f0, "91e23e9cc630313535ad1fe422b6f60aedca7dfb37cfc4877d2a5af665f1724f"},
    {0xb1d0u, 370u, "lcns_orig_b1d0", Status::CommentOnly, "call to 0x1B4A0 outside the block; call to 0x1B500 outside the block; call to 0x1EE50 outside the block; call to 0x5007C0 outside the block (+11 more)", "export GenerateHtmlLaunchingOrderReport (ordinals 9,10)", kBytes_b1d0, "1779475adc8c1afdafd86fe8193a4901bb3a82d11fe17a8821063b57af6374bc"},
    {0xb350u, 247u, "lcns_orig_b350", Status::CommentOnly, "call to 0x51BD10 outside the block; call to 0x62F280 outside the block; call to 0x64AEA0 outside the block; call to 0x8774F0 outside the block (+5 more)", "export GenerateHtmlSolutionReport (ordinals 11,12)", kBytes_b350, "3e87f46fe3b3518952a24700eb56ee19ea1259ad918221b7c53b7ea1a665c932"},
    {0xb8d0u, 378u, "lcns_orig_b8d0", Status::CommentOnly, "call to 0x1EE50 outside the block; call to 0x4FD2E0 outside the block; call to 0x5007C0 outside the block; call to 0x5070E0 outside the block (+10 more)", "export GenerateLaunchingOrderProblem (ordinals 13,14)", kBytes_b8d0, "692bfb9a67b71571b3e9f4b79e4a94248d87a40255c3be881fe2cf21ffecc1a4"},
    {0x107e0u, 155u, "lcns_orig_107e0", Status::CommentOnly, "call to 0x1BE20 outside the block; call to 0x62F280 outside the block; call to 0x64ACE0 outside the block; call to 0x64B040 outside the block (+2 more)", "export GetComputationStatus (ordinals 15,16)", kBytes_107e0, "a63a7eb363597fbccd81b388654680ad6da913e98153ea7851392856446af209"},
    {0xb100u, 34u, "lcns_orig_b100", Status::CommentOnly, "call to 0x64AEA0 outside the block; jmp to 0x51D090 outside the block", "export GetMultiplicity (ordinals 17,18)", kBytes_b100, "8fc8d6a77d78a57b4164f4153aeca6ae7cad83552239b05f44a93ed92a3e5373"},
    {0xd460u, 688u, "lcns_orig_d460", Status::CommentOnly, "call to 0x4F76A0 outside the block; call to 0x51D0C0 outside the block; call to 0x5203D0 outside the block; call to 0x5203F0 outside the block (+8 more)", "export GetNestedPart (ordinals 19,20)", kBytes_d460, "abcbdc2901627aae53bc8bda1ffcd667a7886f1415774c65e862e153d9222fc0"},
    {0x10f30u, 490u, "lcns_orig_10f30", Status::CommentOnly, "call to 0x60A620 outside the block; call to 0x62F280 outside the block; call to 0x64AEA0 outside the block; call to 0x8F90F0 outside the block (+3 more)", "export GetNesting (ordinals 21,22)", kBytes_10f30, "58232e9edfa342e19402ba5ff5fbf312ce7a815012dfaa29ce725c54a270f8d7"},
    {0xb190u, 63u, "lcns_orig_b190", Status::CommentOnly, "call to 0x51D0C0 outside the block; call to 0x64AEA0 outside the block", "export GetNumberOfNestedParts (ordinals 23,24)", kBytes_b190, "902ceb23f801532fa21a6a81f4300d195a2336cfc68a4b4c0de2c0b27a3cf875"},
    {0xb0c0u, 52u, "lcns_orig_b0c0", Status::CommentOnly, "call to 0x64AEA0 outside the block", "export GetNumberOfNestings (ordinals 25,26)", kBytes_b0c0, "37382bbf1bd53b83949979154abb40902deb5548fe660fb9f6402897a94a8808"},
    {0xc5e0u, 36u, "lcns_orig_c5e0", Status::CommentOnly, "call to 0x64CA50 outside the block", "export GetPartUserString (ordinals 27,28)", kBytes_c5e0, "28bc2224dbcdf46c18a6a369653dab063db94c7e071f8ded32ad7e0d84730d43"},
    {0xb510u, 43u, "lcns_orig_b510", Status::CommentOnly, "call to 0x64AEA0 outside the block", "export GetPartWithBadGeometry (ordinals 29,30)", kBytes_b510, "b2cb303ce181564bd4a9a805bb3aded2b23ce337fef9454a1ff3f54dca3a525a"},
    {0xb600u, 332u, "lcns_orig_b600", Status::CommentOnly, "call to 0x4F8C60 outside the block; call to 0x60A620 outside the block; call to 0x62F280 outside the block; call to 0x64AEA0 outside the block (+2 more)", "export GetSheet (ordinals 31,32)", kBytes_b600, "0ae74e04cf86048721be235c4b3687041b80b23979cef36e005a66eb7c64e6d5"},
    {0xb0a0u, 29u, "lcns_orig_b0a0", Status::CommentOnly, "call to 0x64AEA0 outside the block", "export GetSolution (ordinals 33,34)", kBytes_b0a0, "317f776b488ebddbd218ec6b9bb15de357bcc5353be85276ba962b03b853f7d3"},
    {0x6100u, 3894u, "lcns_orig_6100", Status::CommentOnly, "call to 0x1BF20 outside the block; call to 0x1BF40 outside the block; call to 0x1E70 outside the block; call to 0x1EE50 outside the block (+43 more)", "export LaunchComputation (ordinals 35,36)", kBytes_6100, "aefbd580a7ba7a6fcb6a3d5ebb0b473f66c26eccdeca0c6ec2a8af1563b34d50"},
    {0x14620u, 1081u, "lcns_orig_14620", Status::CommentOnly, "call to 0x1BC20 outside the block; call to 0x62F280 outside the block; call to 0x64AEA0 outside the block; call to 0x8F97E0 outside the block (+4 more)", "export NewLaunchingOrder (ordinals 37,38)", kBytes_14620, "c0a66fd036f087385796dcac12804403d7e14493f89416d2e1cb72e17c360bd1"},
    {0xcf20u, 303u, "lcns_orig_cf20", Status::CommentOnly, "call to 0x60A620 outside the block; call to 0x62F280 outside the block; call to 0x64ABF0 outside the block; call to 0x9984B0 outside the block (+1 more)", "export SetInterpartGap (ordinals 39,40)", kBytes_cf20, "6b405e3b70e2907e83a6b03aada4f6d33eb3f3e0fbed49d552153baca41ef413"},
    {0xc1a0u, 241u, "lcns_orig_c1a0", Status::CommentOnly, "call to 0x5C3820 outside the block; call to 0x5C3D90 outside the block; call to 0x5C3F00 outside the block; call to 0x64CFA0 outside the block (+1 more)", "export SetPartAuthorizations (ordinals 41,42)", kBytes_c1a0, "d32913503e7eb49f33f6bcad796b72196bb35e0421f8fadf1c11a9bb8787cc4d"},
    {0xc420u, 446u, "lcns_orig_c420", Status::CommentOnly, "call to 0x1BF40 outside the block; call to 0x62F280 outside the block; call to 0x63F238 outside the block; call to 0x63F6B8 outside the block (+12 more)", "export SetPartUserString (ordinals 43,44)", kBytes_c420, "4353217e894ff8916d3cdeff104cf789f314018d992d7e4984073af7cc16f475"},
    {0xccb0u, 527u, "lcns_orig_ccb0", Status::CommentOnly, "call to 0x1BF40 outside the block; call to 0x1C0C0 outside the block; call to 0x62F280 outside the block; call to 0x63F6B8 outside the block (+7 more)", "export SetSheetGaps (ordinals 45,46)", kBytes_ccb0, "5664ee26306eb3eadbea2bb5765d9e6e441c738a338ff0c7d8761c5a8c635db9"},
    {0x104d0u, 370u, "lcns_orig_104d0", Status::CommentOnly, "call to 0x1BE50 outside the block; call to 0x1BF40 outside the block; call to 0x51BD10 outside the block; call to 0x62F280 outside the block (+10 more)", "export WaitComputationTermination (ordinals 47,48)", kBytes_104d0, "2eea7d72c4c74208c9f7736d931a61b70123d843e5285478e87d65b737f54ce8"},
    {0x10650u, 386u, "lcns_orig_10650", Status::CommentOnly, "call to 0x1BE60 outside the block; call to 0x1BF40 outside the block; call to 0x51BD10 outside the block; call to 0x62F280 outside the block (+10 more)", "export WaitNextSolution (ordinals 49,50)", kBytes_10650, "aaf7611237b22d883d8706cf07c1df615892c2db139566e44d7e5cac4a6c4671"},
    {0x2ab0u, 2134u, "lcns_orig_2ab0", Status::CommentOnly, "call to 0x1BF00 outside the block; call to 0x1BF40 outside the block; call to 0x1E70 outside the block; call to 0x1EE50 outside the block (+41 more)", "export LaunchLocalComputation (ordinals 51,52)", kBytes_2ab0, "44a46d4bb2d88a5f368416dbbc0167f34bcfd770729f5000d24537039516ba60"},
    {0x10880u, 155u, "lcns_orig_10880", Status::CommentOnly, "call to 0x1BE30 outside the block; call to 0x62F280 outside the block; call to 0x64ACE0 outside the block; call to 0x64B040 outside the block (+2 more)", "export CancelComputation (ordinals 53,54)", kBytes_10880, "9f3f5817253424fa765c45972c61e6d32b5953f5ce01d219e47138c185bdbe6c"},
    {0xb020u, 52u, "lcns_orig_b020", Status::CommentOnly, "call to 0x64AEA0 outside the block; jmp to 0x63F228 outside the block", "export GetPartUserStringEx (ordinals 55,56)", kBytes_b020, "73078a5b4154b917fdd247239b7330908f2908c92e881ec2ff22a42edacc8a6c"},
    {0xc670u, 446u, "lcns_orig_c670", Status::CommentOnly, "call to 0x1BF40 outside the block; call to 0x62F280 outside the block; call to 0x63F238 outside the block; call to 0x63F6B8 outside the block (+12 more)", "export SetSheetUserString (ordinals 57,58)", kBytes_c670, "62f72cf320cec4bc63074ef88267af25e688446acfbe9c8bbffda2fffe51f7a5"},
    {0xc830u, 353u, "lcns_orig_c830", Status::CommentOnly, "call to 0x1BF40 outside the block; call to 0x62F280 outside the block; call to 0x63F6B8 outside the block; call to 0x63F6C0 outside the block (+9 more)", "export GetSheetUserString (ordinals 59,60)", kBytes_c830, "d53838c48a3437aaf1c371ebb918cce35835fe419fd93e7df8dc535134ad4156"},
    {0xb060u, 52u, "lcns_orig_b060", Status::CommentOnly, "call to 0x64AEA0 outside the block; jmp to 0x63F228 outside the block", "export GetSheetUserStringEx (ordinals 61,62)", kBytes_b060, "64d45de2b313837c3a5295fccc8cb60c79667071596c9a917053545c1a1c799a"},
    {0x11120u, 868u, "lcns_orig_11120", Status::CommentOnly, "call to 0x1BF40 outside the block; call to 0x608F60 outside the block; call to 0x62F280 outside the block; call to 0x63F6C0 outside the block (+10 more)", "export SetExtraParameters (ordinals 65,66)", kBytes_11120, "0040454fa3c0a3d0514c6cd4972f4c4e6aa74b145097d96f699c3c496ed4af65"},
    {0x13c90u, 411u, "lcns_orig_13c90", Status::CommentOnly, "call to 0x1BF40 outside the block; call to 0x62D860 outside the block; call to 0x62F280 outside the block; call to 0x63F6B8 outside the block (+12 more)", "export SetSheetPriority (ordinals 67,68)", kBytes_13c90, "7b835d6e352f31a6f4ced5b6d87bdb59e32e212b87f4232fd6ad1cf3b6263362"},
    {0x16b20u, 353u, "lcns_orig_16b20", Status::CommentOnly, "call to 0x157A0 outside the block; call to 0x62F280 outside the block; call to 0x64AEA0 outside the block; call to 0x8ADF30 outside the block (+1 more)", "export AddNonRectangularPolygonSheet (ordinals 69,70)", kBytes_16b20, "8a42b4444484070069f8e8a6986fde0e0bd259836c7ea7e4f185a8558f4852c8"},
    {0x16970u, 426u, "lcns_orig_16970", Status::CommentOnly, "call to 0x1BA30 outside the block; call to 0x23BF0 outside the block; call to 0x62F280 outside the block; call to 0x64AEA0 outside the block (+3 more)", "export AddPolygonDefectToSheet (ordinals 71,72)", kBytes_16970, "8cab4e140db9e70ac41318aef265ecaa02d47f2ff8b970d48a867fa02704274b"},
    {0xd370u, 61u, "lcns_orig_d370", Status::CommentOnly, "call to 0x64E630 outside the block", "export SetLocalEngine (ordinals 73,74)", kBytes_d370, "ffea491deaa94dbca7da4f49403f5a7686bbc24ee9be6fac2db184ad38e6f779"},
    {0xd430u, 36u, "lcns_orig_d430", Status::CommentOnly, "call to 0x64E630 outside the block", "export UnLockLaunchingOrder (ordinals 76,77)", kBytes_d430, "cdcd88810b89a4be0d17e45b2a1f00b7b01d13defd6c686cc5bb0650bdb42a2d"},
    {0xcec0u, 45u, "lcns_orig_cec0", Status::CommentOnly, "call to 0x64ABF0 outside the block", "export SetObjective (ordinals 78,79)", kBytes_cec0, "2789d569b95070c5aaa831c42c8ffbdbaa04716b94ebf25f0581773c268c3aaf"},
    {0x109c0u, 388u, "lcns_orig_109c0", Status::CommentOnly, "call to 0x1BF40 outside the block; call to 0x1C0C0 outside the block; call to 0x62F280 outside the block; call to 0x63F6B8 outside the block (+10 more)", "export SetDefectGap (ordinals 80,81)", kBytes_109c0, "913f5c5cdb070d879df5e72a21930b2d9f004f7c4aeb1d9e2e5e662f3df8814e"},
    {0xd3b0u, 68u, "lcns_orig_d3b0", Status::CommentOnly, "call to 0x64E630 outside the block; call to 0xB5B50 outside the block; call to 0xB5B70 outside the block", "export SetLocalMaximumThreads (ordinals 82,83)", kBytes_d3b0, "46854e664099e2ee0711a885759dae2f9071054eb995940c5989d64eba7a0588"},
    {0xd400u, 36u, "lcns_orig_d400", Status::CommentOnly, "call to 0x64E630 outside the block", "export SetLocalMaximumIterations (ordinals 84,85)", kBytes_d400, "b54864e4f29bbb92d325ff3e0dfab120961840419241cf527455a21e89b89ff5"},
    {0xd050u, 334u, "lcns_orig_d050", Status::CommentOnly, "call to 0x1BF40 outside the block; call to 0x62F280 outside the block; call to 0x63F6B8 outside the block; call to 0x63F6C0 outside the block (+9 more)", "export SetOrigin (ordinals 86,87)", kBytes_d050, "722cd6f8891596d41e0a7aa57b677bd88862181c1cc2386d4a2e3cbeb3e2cf15"},
    {0xb490u, 31u, "lcns_orig_b490", Status::CommentOnly, "call to 0x64AEA0 outside the block", "export GetBuildVersion (ordinals 88,89)", kBytes_b490, "065b58dbbbe428759a0bc3a36a32c23bdb32fb81c39c49c10197f9cce34533da"},
    {0xb470u, 31u, "lcns_orig_b470", Status::CommentOnly, "call to 0x64AEA0 outside the block", "export GetBuildDate (ordinals 90,91)", kBytes_b470, "7421a7e1a122277b3a65485ecb6eb3bfc6d351cadae764803bac2055ee1dc809"},
    {0xb450u, 31u, "lcns_orig_b450", Status::CommentOnly, "call to 0x64AEA0 outside the block", "export GetMajorVersion (ordinals 92,93)", kBytes_b450, "9e830b1f0e910d708f31d086c013c5c8e27761b1668e0a633006c6b09245f4fe"},
    {0x10ce0u, 584u, "lcns_orig_10ce0", Status::CommentOnly, "call to 0x5C3E80 outside the block; call to 0x5C3F00 outside the block; call to 0x62F280 outside the block; call to 0x62FA20 outside the block (+4 more)", "export AddPartSpecificAuthorizations (ordinals 94,95)", kBytes_10ce0, "11d14d01f8a40759e3d9b1e394767752ec92eb416202618413454c9e0e0cff00"},
    {0xb130u, 36u, "lcns_orig_b130", Status::CommentOnly, "call to 0x64AEA0 outside the block; jmp to 0x526160 outside the block", "export GetLength (ordinals 96,97)", kBytes_b130, "5401f63622ea13e7be0b617dc9a7de5bb714ce084fcb7c7bdb5e5b6e3663ec88"},
    {0xc9a0u, 372u, "lcns_orig_c9a0", Status::CommentOnly, "call to 0x1BF40 outside the block; call to 0x62F280 outside the block; call to 0x63F6B8 outside the block; call to 0x63F6C0 outside the block (+10 more)", "export SetSheetGrainDirection (ordinals 98,99)", kBytes_c9a0, "c13290423bbc1d57ef7d466af20d5c9df0a0b2941a825537dce47e11013d6171"},
    {0xb160u, 36u, "lcns_orig_b160", Status::CommentOnly, "call to 0x64AEA0 outside the block; jmp to 0x5266A0 outside the block", "export GetHeight (ordinals 100,101)", kBytes_b160, "18025d49bdc7c9f6cb7ff5f996347b963246be350610448d4065c9160de643b6"},
    {0x16610u, 419u, "lcns_orig_16610", Status::CommentOnly, "call to 0x1BA30 outside the block; call to 0x23BF0 outside the block; call to 0x62F280 outside the block; call to 0x64AEA0 outside the block (+3 more)", "export AddExternalPolygonBoundaryToSheet (ordinals 102,103)", kBytes_16610, "2c42d831754ced2081c24cb99a86870cdf8b496b1a7df9446edf9857ffcef6ff"},
    {0x167c0u, 426u, "lcns_orig_167c0", Status::CommentOnly, "call to 0x1BA30 outside the block; call to 0x23BF0 outside the block; call to 0x62F280 outside the block; call to 0x64AEA0 outside the block (+3 more)", "export AddExternalPolygonBoundaryToPart (ordinals 104,105)", kBytes_167c0, "f30fb50e6b73ed959096cda81c7ffb9f71a77e51135a19c454bd690f9763b500"},
    {0x14d10u, 1891u, "lcns_orig_14d10", Status::CommentOnly, "call to 0x1BA30 outside the block; call to 0x1BF40 outside the block; call to 0x23BF0 outside the block; call to 0x5C3F00 outside the block (+23 more)", "export AddPart (ordinals 110,111)", kBytes_14d10, "ebff4a01a64ab5a6eac44368f60e6fac3d2f0f091a3999bdef5c97e36d55dad6"},
    {0x132e0u, 176u, "lcns_orig_132e0", Status::CommentOnly, "call to 0x23BF0 outside the block; call to 0x5CD5C0 outside the block; call to 0x64C940 outside the block", "export AddHoleToPart (ordinals 112,113)", kBytes_132e0, "7d7cc54f1daee741ab42c24f4ae918c6c66f1883de74c8828cb692694a3c9cb8"},
    {0x13390u, 124u, "lcns_orig_13390", Status::CommentOnly, "call to 0x1BA30 outside the block; call to 0x23BF0 outside the block; call to 0x64C940 outside the block", "export AddExternalBoundaryToPart (ordinals 114,115)", kBytes_13390, "542db8c37937da5ed6d543f26ade6654cc94dd607c67797e1b0eb6a83bfeec2d"},
    {0x157a0u, 1098u, "lcns_orig_157a0", Status::CommentOnly, "call to 0x1BA30 outside the block; call to 0x23BF0 outside the block; call to 0x62F280 outside the block; call to 0x64E430 outside the block (+5 more)", "export AddNonRectangularSheet (ordinals 116,117)", kBytes_157a0, "c02aba81681f689402fbdc0536f73cdc97f82469eb1c31fce146b25cbadb4727"},
    {0x14190u, 124u, "lcns_orig_14190", Status::CommentOnly, "call to 0x1BA30 outside the block; call to 0x23BF0 outside the block; call to 0x64D310 outside the block", "export AddDefectToSheet (ordinals 118,119)", kBytes_14190, "f218922f076ef9b4c7a74118c0d17a0d40c987bfeecef0f3ba3ffa4307a533da"},
    {0x14210u, 117u, "lcns_orig_14210", Status::CommentOnly, "call to 0x1BA30 outside the block; call to 0x23BF0 outside the block; call to 0x64D310 outside the block", "export AddExternalBoundaryToSheet (ordinals 120,121)", kBytes_14210, "9096ea83c3abf67113ea9d70f68abc373b5a3dc40f4102450286cd585d7975b6"},
    {0x10920u, 155u, "lcns_orig_10920", Status::CommentOnly, "call to 0x1BE40 outside the block; call to 0x62F280 outside the block; call to 0x64ACE0 outside the block; call to 0x64B040 outside the block (+2 more)", "export TerminateComputation (ordinals 122,123)", kBytes_10920, "d92a281a57882d4d25a1b6574fc0e5398b9a66bd2ff8f39cd36db36c23bdfa78"},
    {0x14a60u, 678u, "lcns_orig_14a60", Status::CommentOnly, "call to 0x1D770 outside the block; call to 0x62F280 outside the block; call to 0x63F2F8 outside the block; call to 0x64C7B0 outside the block (+4 more)", "export AddOpenCuttingPathToPart (ordinals 124,125)", kBytes_14a60, "758bde793cfecc61fac6c77c3480ff873c002a5d9817e7164e5ad2a3bea65a95"},
    {0xc2a0u, 382u, "lcns_orig_c2a0", Status::CommentOnly, "call to 0x1BF40 outside the block; call to 0x62F280 outside the block; call to 0x63F6B8 outside the block; call to 0x63F6C0 outside the block (+10 more)", "export SetPartPriority (ordinals 126,127)", kBytes_c2a0, "3aeb9b439678325f061272a8ec6025911ac90fb9d0c8db001de2c1c674ea4b59"},
    {0xd1a0u, 353u, "lcns_orig_d1a0", Status::CommentOnly, "call to 0x1BF40 outside the block; call to 0x62F280 outside the block; call to 0x63F6B8 outside the block; call to 0x63F6C0 outside the block (+6 more)", "export CNS_SetMultiplicityPreference (ordinals 128,129)", kBytes_d1a0, "9745ac337af5f494c566445597aaacd814ab406dcc2b37f5084f082c8e8ad4a4"},
    {0x15480u, 404u, "lcns_orig_15480", Status::CommentOnly, "call to 0x14D10 outside the block; call to 0x62F280 outside the block; call to 0x64AEA0 outside the block; call to 0x9984B0 outside the block (+1 more)", "export AddCircularPart (ordinals 130,131)", kBytes_15480, "731ec488a315529638f9419bdaa9fbaba37f7b929ab1e01daf372fe5a599696b"},
    {0x13800u, 581u, "lcns_orig_13800", Status::CommentOnly, "call to 0x23BF0 outside the block; call to 0x5CD5C0 outside the block; call to 0x62F280 outside the block; call to 0x64AEA0 outside the block (+4 more)", "export AddCircularHoleToPart (ordinals 132,133)", kBytes_13800, "95a2515c03724cd0dbeca644ebca92e104fc581519bbe18d3de09190b02e2af9"},
    {0x15620u, 374u, "lcns_orig_15620", Status::CommentOnly, "call to 0x14D10 outside the block; call to 0x62F280 outside the block; call to 0x64AEA0 outside the block; call to 0x9984B0 outside the block (+1 more)", "export AddRectanglePart (ordinals 134,135)", kBytes_15620, "31787de45b7eeb7645d7578b8b89b2c79cff269c48ae2bb43c9483aadfcb715f"},
    {0x13a50u, 569u, "lcns_orig_13a50", Status::CommentOnly, "call to 0x23BF0 outside the block; call to 0x5CD5C0 outside the block; call to 0x62F280 outside the block; call to 0x64AEA0 outside the block (+4 more)", "export AddRectangularHoleToPart (ordinals 136,137)", kBytes_13a50, "b2138f7d73c86c75e963796919e45d1f86a429854a6c8cd33756dc4d6403c905"},
    {0x14290u, 440u, "lcns_orig_14290", Status::CommentOnly, "call to 0x1BF40 outside the block; call to 0x62D860 outside the block; call to 0x62F280 outside the block; call to 0x63F6B8 outside the block (+13 more)", "export AddOptionalQuantityToPart (ordinals 138,139)", kBytes_14290, "d094618d33ed3a3bf33b484884dc77f0eee3b8cfa40d999e007e80f81f007570"},
    {0xe010u, 353u, "lcns_orig_e010", Status::CommentOnly, "call to 0x1BF40 outside the block; call to 0x62F280 outside the block; call to 0x63F6B8 outside the block; call to 0x63F6C0 outside the block (+9 more)", "export SetAutomaticStop (ordinals 140,141)", kBytes_e010, "d2061d4cc71be9ff1d3ed2651a605812608a5751ea34678b98286e77c2817c0a"},
    {0xe2d0u, 399u, "lcns_orig_e2d0", Status::CommentOnly, "call to 0x1BF40 outside the block; call to 0x1C0C0 outside the block; call to 0x62F280 outside the block; call to 0x63F6B8 outside the block (+6 more)", "export SetOffcutEvaluation (ordinals 142,143)", kBytes_e2d0, "7a3251f13c5b4d3a7f919d84fd6243b89f3cf6812ee3fc31713c8753656c0f35"},
    {0xdd90u, 36u, "lcns_orig_dd90", Status::CommentOnly, "call to 0x64E120 outside the block", "export SetFillLastNestingStrategy (ordinals 144,145)", kBytes_dd90, "50ef6a7df294874edcc25c01bf71409b722f3926a71d85a3bdd9275767144cba"},
    {0xddc0u, 33u, "lcns_orig_ddc0", Status::CommentOnly, "call to 0x64E120 outside the block", "export SetShearMode (ordinals 146,147)", kBytes_ddc0, "86f7f3a49df121f95d25f786b697fe96f37e181661cfe443d4f5d460cc43a79e"},
    {0xe460u, 404u, "lcns_orig_e460", Status::CommentOnly, "call to 0x1BF40 outside the block; call to 0x1C0C0 outside the block; call to 0x62F280 outside the block; call to 0x63F6B8 outside the block (+10 more)", "export SetCommonCutMode (ordinals 148,149)", kBytes_e460, "74d1bfb117c090e86c392b33224ca4a6c418ebd43bddaafd7a0f1bd1c4a0b507"},
    {0xe940u, 354u, "lcns_orig_e940", Status::CommentOnly, "call to 0x1BF40 outside the block; call to 0x62F280 outside the block; call to 0x63F6B8 outside the block; call to 0x63F6C0 outside the block (+9 more)", "export SetCommonCutSafetyPreference (ordinals 150,151)", kBytes_e940, "bece2cb1cae5ebb1134c00305bbc33b2850306ec810c2efc374aba7684534e6b"},
    {0xeab0u, 468u, "lcns_orig_eab0", Status::CommentOnly, "call to 0x1BF40 outside the block; call to 0x1C0C0 outside the block; call to 0x62F280 outside the block; call to 0x63F6B8 outside the block (+7 more)", "export SetCommonCutAuthorizations (ordinals 152,153)", kBytes_eab0, "595629344670d8652ac30a7d726c7a8f4ca44ef6fbbabd05ba544cac35f0d177"},
    {0xec90u, 340u, "lcns_orig_ec90", Status::CommentOnly, "call to 0x1BF40 outside the block; call to 0x62F280 outside the block; call to 0x63F6B8 outside the block; call to 0x63F6C0 outside the block (+9 more)", "export SetCommonCutCuttingPreference (ordinals 154,155)", kBytes_ec90, "af561564ee345acc793fa374ce77438fa16f93971e28dc84a6babbff397fc851"},
    {0xedf0u, 337u, "lcns_orig_edf0", Status::CommentOnly, "call to 0x1BF40 outside the block; call to 0x1C0C0 outside the block; call to 0x62F280 outside the block; call to 0x63F6B8 outside the block (+6 more)", "export SetCommonCutObjective (ordinals 156,157)", kBytes_edf0, "019ab600fdb0a9d47cceed6f20c61600befc2ba227561942e444cca8c986a3c7"},
    {0xd710u, 346u, "lcns_orig_d710", Status::CommentOnly, "call to 0x51DD80 outside the block; call to 0x60A620 outside the block; call to 0x62F280 outside the block; call to 0x64AEA0 outside the block (+3 more)", "export GetNumberOfCommonCuts (ordinals 158,159)", kBytes_d710, "d417bd58d7e026638d3dff579db55ed2ddf40bcb5988a054d818e569f6e3db9b"},
    {0xba50u, 825u, "lcns_orig_ba50", Status::CommentOnly, "call to 0x51DD80 outside the block; call to 0x60A620 outside the block; call to 0x62F280 outside the block; call to 0x64AEA0 outside the block (+2 more)", "export GetCommonCut (ordinals 160,161)", kBytes_ba50, "ea667746deb9367e86db836eda62105007d66c32318d3354d2a1d6d00abe0433"},
    {0xe180u, 111u, "lcns_orig_e180", Status::CommentOnly, "call to 0x63F238 outside the block; call to 0x64D9C0 outside the block; call to 0x90ECB0 outside the block", "export UnLockLaunchingOrderSntl (ordinals 162,163)", kBytes_e180, "cb0554621dd348eb19274ce2738b837ea83acc653cd649174aaafe240265ed6a"},
    {0x3310u, 66u, "lcns_orig_3310", Status::CommentOnly, "call to 0x2AB0 outside the block; call to 0x64AEA0 outside the block", "export LaunchLimitedLocalComputation (ordinals 164,165)", kBytes_3310, "0e03a70dc7910447745ee4e2325f9f8272db97b8495c3944dfca44e963218b1c"},
    {0xde50u, 36u, "lcns_orig_de50", Status::CommentOnly, "call to 0x64E120 outside the block", "export SetPartCommonCutMode (ordinals 166,167)", kBytes_de50, "d706924fafd02854376bf08a96622e0a0ae417c3fa393153269ba9e463138e5d"},
    {0xb4b0u, 34u, "lcns_orig_b4b0", Status::CommentOnly, "call to 0x64AEA0 outside the block; jmp to 0x5297C0 outside the block", "export GetFillRatio (ordinals 168,169)", kBytes_b4b0, "cbbcda18d2fc8ea3014203a9f28fcabda86646e1b87a83341764e9eabfb708d6"},
    {0xbd90u, 470u, "lcns_orig_bd90", Status::CommentOnly, "call to 0x526460 outside the block; call to 0x5269A0 outside the block; call to 0x60A620 outside the block; call to 0x62F280 outside the block (+3 more)", "export GetNestingDimensions (ordinals 170,171)", kBytes_bd90, "924299bcba1e84204bbc2c744d14439f834e3e3240b3ee832a53a070e7b642b9"},
    {0xcb20u, 388u, "lcns_orig_cb20", Status::CommentOnly, "call to 0x1BF40 outside the block; call to 0x1C0C0 outside the block; call to 0x62F280 outside the block; call to 0x63F6B8 outside the block (+10 more)", "export SetSheetPrice (ordinals 172,173)", kBytes_cb20, "c3f5a7fcca1c5a83aa2808edcc695c904d680c37574ab9f62586d1ef820de2fc"},
    {0xef50u, 479u, "lcns_orig_ef50", Status::CommentOnly, "call to 0x1BF40 outside the block; call to 0x1C0C0 outside the block; call to 0x62F280 outside the block; call to 0x63F6B8 outside the block (+7 more)", "export SetMultiTorchMode (ordinals 174,175)", kBytes_ef50, "85e1db26e536e23337ed7906b35a8be56e8e29c27d0681d45de10b867aaaf8cf"},
    {0xf130u, 388u, "lcns_orig_f130", Status::CommentOnly, "call to 0x1BF40 outside the block; call to 0x62F280 outside the block; call to 0x63F6B8 outside the block; call to 0x63F6C0 outside the block (+9 more)", "export SetMultiTorchCuttingPreference (ordinals 176,177)", kBytes_f130, "d2b6f5642023ab4f6d3cf2e626ef4d9d911da9d643cf6d5dd3886d9d4170a4d2"},
    {0xf2c0u, 633u, "lcns_orig_f2c0", Status::CommentOnly, "call to 0x1BF40 outside the block; call to 0x1C0C0 outside the block; call to 0x62F280 outside the block; call to 0x63F6C0 outside the block (+6 more)", "export SetMultiTorchObjective (ordinals 178,179)", kBytes_f2c0, "f81068b0409db34878962154c9b35ca6c8aade8ad1be4598d7239bda825dea62"},
    {0x14450u, 449u, "lcns_orig_14450", Status::CommentOnly, "call to 0x1BF40 outside the block; call to 0x1C0C0 outside the block; call to 0x62D860 outside the block; call to 0x62F280 outside the block (+13 more)", "export SetExtraGapOnPart (ordinals 180,181)", kBytes_14450, "07221efb5959a3e580916ca46d36a72203027d0f5177335156d5d33b4d5b88e0"},
    {0xdd30u, 36u, "lcns_orig_dd30", Status::CommentOnly, "call to 0x64E120 outside the block", "export CNS_SetFloatingMode (ordinals 182,183)", kBytes_dd30, "8776844253294ee0aa5800b450ee9cbb9e87a46660d17c05c79f771930d5775e"},
    {0xd870u, 826u, "lcns_orig_d870", Status::CommentOnly, "call to 0x51D0C0 outside the block; call to 0x51E1B0 outside the block; call to 0x60A620 outside the block; call to 0x62F280 outside the block (+4 more)", "export GetPartTorchInfos (ordinals 184,185)", kBytes_d870, "67e9820145e3af64b98d8d47cf93b341ff6fcd81e51eab8640eb332449d13e64"},
    {0xf540u, 629u, "lcns_orig_f540", Status::CommentOnly, "call to 0x1BF40 outside the block; call to 0x1C0C0 outside the block; call to 0x62F280 outside the block; call to 0x63F6C0 outside the block (+7 more)", "export SetDetailedMultiTorchObjective (ordinals 186,187)", kBytes_f540, "058d70a1ab321ff82056c8aa122acb79ca1a92e881058b90070a318042a83e3b"},
    {0xd310u, 33u, "lcns_orig_d310", Status::CommentOnly, "call to 0x64E630 outside the block", "export CNS_SetNoMixPreference (ordinals 188,189)", kBytes_d310, "a3ad0ae2b4b51146f844d635be7f9ac8ff746221f4d75a217486788a97af7c73"},
    {0xdbb0u, 382u, "lcns_orig_dbb0", Status::CommentOnly, "call to 0x1BF40 outside the block; call to 0x62F280 outside the block; call to 0x63F6B8 outside the block; call to 0x63F6C0 outside the block (+10 more)", "export CNS_SetNoOrientationMixOnPart (ordinals 190,191)", kBytes_dbb0, "f4f270aff3b4cfae68826c077d737461bea71e3fccf577d87bcf3a7b783a777e"},
    {0xb4e0u, 38u, "lcns_orig_b4e0", Status::CommentOnly, "call to 0x64AEA0 outside the block; jmp to 0x5257D0 outside the block", "export GetNestingFillRatio (ordinals 192,193)", kBytes_b4e0, "3d642d870a6cd048b09ed5e182f58080423a604f788dad66d9ca2c3f208ab4c4"},
    {0x18100u, 1955u, "lcns_orig_18100", Status::CommentOnly, "call to 0x1BA30 outside the block; call to 0x23BF0 outside the block; call to 0x5C3F00 outside the block; call to 0x62F280 outside the block (+9 more)", "export AddPartVariantToPart (ordinals 194,195)", kBytes_18100, "451c051b4f0d29f6267ce5e94eff686e9efd329eab47196246524b4d3a687dc0"},
    {0x16d00u, 49u, "lcns_orig_16d00", Status::CommentOnly, "call to 0x64AEA0 outside the block; jmp to 0x132E0 outside the block", "export AddHoleToPartVariant (ordinals 196,197)", kBytes_16d00, "0309028f76f67950bf482adf57fe0e8e0bb6c43ebd17eb8e0946f73a9664c337"},
    {0x16d40u, 49u, "lcns_orig_16d40", Status::CommentOnly, "call to 0x64AEA0 outside the block; jmp to 0x132E0 outside the block", "export CNS_AddExternalBoundaryToPartVariant (ordinals 198,199)", kBytes_16d40, "09ae759ea1c1386dc257554918a7d258c7a046011d445f4327dbd8b6b4a717bf"},
    {0x16d80u, 96u, "lcns_orig_16d80", Status::CommentOnly, "call to 0x14A60 outside the block; call to 0x64AEA0 outside the block", "export CNS_AddOpenCuttingPathToPartVariant (ordinals 200,201)", kBytes_16d80, "1a0ca86c079cf84147667644c3496e42d836de0b99e527ad0e01d19ba53d5fa4"},
    {0x16de0u, 61u, "lcns_orig_16de0", Status::CommentOnly, "call to 0x64AEA0 outside the block; jmp to 0xC1A0 outside the block", "export CNS_SetPartVariantAuthorizations (ordinals 202,203)", kBytes_16de0, "e9bf76ebe5b7644e5ed26e007b5e823b0bc5327ebfba0d30231aafe97fcf3bf5"},
    {0x16e20u, 63u, "lcns_orig_16e20", Status::CommentOnly, "call to 0x64AEA0 outside the block; jmp to 0x10CE0 outside the block", "export CNS_AddPartVariantSpecificAuthorizations (ordinals 204,205)", kBytes_16e20, "2cae2d75f90d282e59d47d7537959ac93081e88cf5c7abacde6268c34f8547af"},
    {0x16e60u, 1727u, "lcns_orig_16e60", Status::CommentOnly, "call to 0x4F76A0 outside the block; call to 0x51D0C0 outside the block; call to 0x520440 outside the block; call to 0x60A620 outside the block (+4 more)", "export GetNestedPartPartVariant (ordinals 206,207)", kBytes_16e60, "b238c8e313e079cefe54d3ba198cd20f79b6c7da243f61de9a7fa34651558a7b"},
    {0x16cb0u, 57u, "lcns_orig_16cb0", Status::CommentOnly, "call to 0x63F238 outside the block; call to 0x90ECB0 outside the block", "export sub_16CB0 (ordinals 208,209)", kBytes_16cb0, "026b56bf17b32a8059b88f08a79a4cc467fc3cd0c5cf2998bc06d361bd295605"},
    {0x16cf0u, 8u, "lcns_orig_16cf0", Status::Callable, "", "export sub_16CF0 (ordinals 210,211)", kBytes_16cf0, "d9281642d1642eba42a247a7cc7a24bf8d22dc5450ae6e032b6edbb338702125"},
    {0xcef0u, 45u, "lcns_orig_cef0", Status::CommentOnly, "call to 0x64ABF0 outside the block", "export SetShearGap (ordinals 212,213)", kBytes_cef0, "339fc34e7a983c35b220ebdb1d42a927ffe04c7825b0453ef5b557bf9932d9b0"},
    {0x11490u, 423u, "lcns_orig_11490", Status::CommentOnly, "call to 0x1BF40 outside the block; call to 0x62F280 outside the block; call to 0x63F6B8 outside the block; call to 0x63F6C0 outside the block (+10 more)", "export SetIncompatibleSheet (ordinals 214,215)", kBytes_11490, "8fccee20d05442261c3e8ddac2e7e273316378a2562341af5b4ba52df0901a27"},
    {0x3360u, 52u, "lcns_orig_3360", Status::CommentOnly, "call to 0x64AEA0 outside the block; jmp to 0x2AB0 outside the block", "export LaunchEstimateLocalComputation (ordinals 216,217)", kBytes_3360, "c5f20a8466ffe8bd570da19c8777e241efb985c23ed46b4b72a433bcb41f553a"},
    {0x11640u, 483u, "lcns_orig_11640", Status::CommentOnly, "call to 0x60A620 outside the block; call to 0x62F280 outside the block; call to 0x64AEA0 outside the block; call to 0x8F9DC0 outside the block (+3 more)", "export AddSuggestedPartsGrouping (ordinals 218,219)", kBytes_11640, "06186fffe5cfd3912699f93269f01ab5eab9d49bfe9379e2e50c913a7fa8c277"},
    {0xf7c0u, 1072u, "lcns_orig_f7c0", Status::CommentOnly, "call to 0x1BF40 outside the block; call to 0x1C0C0 outside the block; call to 0x60A620 outside the block; call to 0x62F280 outside the block (+12 more)", "export AddPartToSuggestedPartsGrouping (ordinals 220,221)", kBytes_f7c0, "ca9d91539ee009a2285b38b1b7150fb8a008dde665eea5717dde46c9aa0ace8a"},
    {0xd340u, 33u, "lcns_orig_d340", Status::CommentOnly, "call to 0x64E630 outside the block", "export CNS_SetNoSheetMixPreference (ordinals 222,223)", kBytes_d340, "55ffbfc88b3a8e426d9e729415fd54d972ce618b0683795f165b5d4be8218890"},
    {0xbf70u, 148u, "lcns_orig_bf70", Status::CommentOnly, "call to 0x510A40 outside the block; call to 0x62F280 outside the block; call to 0x63F238 outside the block; call to 0x64AEA0 outside the block (+2 more)", "export GenerateDxfNesting (ordinals 224,225)", kBytes_bf70, "fec4d21287f91ad80016f7b811574f9f49dc70e66fb7b9c2130c82c20ee1f43a"},
    {0xc010u, 386u, "lcns_orig_c010", Status::CommentOnly, "call to 0x24290 outside the block; call to 0x62D860 outside the block; call to 0x62F280 outside the block; call to 0x64AEA0 outside the block (+6 more)", "export GetPCId (ordinals 226,227)", kBytes_c010, "c984e9ded2cef7dcdfddc1f523010ec73a9e375d6102e8408abdd682dbc149a7"},
    {0xe260u, 111u, "lcns_orig_e260", Status::CommentOnly, "call to 0x63F238 outside the block; call to 0x64D9C0 outside the block; call to 0x90ECB0 outside the block", "export UnLockLaunchingOrderPCId (ordinals 228,229)", kBytes_e260, "018c95d826e9a2db6c1168b98de1b87abb91e2552d8596b8e4de59c712f63921"},
    {0x9af0u, 452u, "lcns_orig_9af0", Status::CommentOnly, "call to 0x1BF40 outside the block; call to 0x62D860 outside the block; call to 0x62F280 outside the block; call to 0x63F6B8 outside the block (+16 more)", "export NewNoFitContext (ordinals 230,231)", kBytes_9af0, "5ca84097eae7149bf3ec8410839d2bc3f82550c145a50d713c2d78b4624a3bb4"},
    {0x9cc0u, 568u, "lcns_orig_9cc0", Status::CommentOnly, "call to 0x5007C0 outside the block; call to 0x64B2C0 outside the block; call to 0x76D0 outside the block; call to 0x7CB0 outside the block (+4 more)", "export DeleteNoFitContext (ordinals 232,233)", kBytes_9cc0, "c446b84a9e8735466d72d49d28931a8d63c78db2783bdbaa6359518b763289b8"},
    {0x8ac0u, 939u, "lcns_orig_8ac0", Status::CommentOnly, "call to 0x5C4C50 outside the block; call to 0x5CEE50 outside the block; call to 0x5D2900 outside the block; call to 0x5D38C0 outside the block (+9 more)", "export GetNoFitMap (ordinals 234,235)", kBytes_8ac0, "be0bbd154e2803f4f215511e84e99792e294e945f678deeea7d5c665285befbf"},
    {0x8a10u, 171u, "lcns_orig_8a10", Status::CommentOnly, "call to 0x64BEB0 outside the block; call to 0x9984B0 outside the block; jmp to 0x9984B0 outside the block", "export DeleteNoFitGeometry (ordinals 236,237)", kBytes_8a10, "c60d153b416991ae0bb25ada807ee43d4e1d0574301de03774ef7f0e699d952d"},
    {0x89d0u, 54u, "lcns_orig_89d0", Status::CommentOnly, "call to 0x64BEB0 outside the block", "export NoFitGetNumberOfExternalPolygons (ordinals 238,239)", kBytes_89d0, "82aca0273760c78984ebb9bb1054d3e4002770a0b4fdd44cd651dac8efae0e61"},
    {0x8e70u, 335u, "lcns_orig_8e70", Status::CommentOnly, "call to 0x5C5F60 outside the block; call to 0x5C61E0 outside the block; call to 0x60A620 outside the block; call to 0x62F280 outside the block (+3 more)", "export NoFitGetNumberOfInternalHoles (ordinals 240,241)", kBytes_8e70, "c1033c7c08ab70dfe33f9b6ca302a1270e88c7ae3a8333baf045f2cc38692f56"},
    {0x8fc0u, 497u, "lcns_orig_8fc0", Status::CommentOnly, "call to 0x1BF40 outside the block; call to 0x62D860 outside the block; call to 0x62F280 outside the block; call to 0x63F6B8 outside the block (+14 more)", "export NoFitGetNumberOfPoints (ordinals 242,243)", kBytes_8fc0, "aff19658bdfd97703ece3f712b943230d95d8250b9b16afcf3a33b1fbc48ea65"},
    {0x91c0u, 366u, "lcns_orig_91c0", Status::CommentOnly, "call to 0x60A620 outside the block; call to 0x62F280 outside the block; call to 0x64C480 outside the block; call to 0x71B0 outside the block (+2 more)", "export NoFitGetPoint (ordinals 244,245)", kBytes_91c0, "d198ebe7e0a0b62942c801fe0bc00b09fa59b1623032b2f6646efd036bf535cc"},
    {0x188d0u, 529u, "lcns_orig_188d0", Status::CommentOnly, "call to 0x1BF40 outside the block; call to 0x62D860 outside the block; call to 0x62F280 outside the block; call to 0x63F6B8 outside the block (+13 more)", "export SetMarkMode (ordinals 246,247)", kBytes_188d0, "4ce11148978a3c0ecf2d3c079fb238061115b4ab381b0f36184d985ea52ed7f8"},
    {0x18af0u, 889u, "lcns_orig_18af0", Status::CommentOnly, "call to 0x1BF40 outside the block; call to 0x51D0D0 outside the block; call to 0x60A620 outside the block; call to 0x62D860 outside the block (+16 more)", "export GetNumberOfMarks (ordinals 248,249)", kBytes_18af0, "3731b1beafe55e4d3815eb98659b50d5b15fdbf6df596236a8d176f7672161a2"},
    {0x18e70u, 1312u, "lcns_orig_18e70", Status::CommentOnly, "call to 0x1BF40 outside the block; call to 0x51D0D0 outside the block; call to 0x60A620 outside the block; call to 0x62D860 outside the block (+17 more)", "export GetMark (ordinals 250,251)", kBytes_18e70, "c34692b180e81cfeda3370bb30ac472a02089b6ad06f16eb5f69bbc19928792a"},
    {0xb540u, 177u, "lcns_orig_b540", Status::CommentOnly, "call to 0x62F280 outside the block; call to 0x64AEA0 outside the block; call to 0x8AB0A0 outside the block; call to 0x8AB160 outside the block (+2 more)", "export AsyncCancelAllComputationsAndDeleteLaunchingOrder (ordinals 252,253)", kBytes_b540, "54f8c396562420cb3d7f47a3e361d482b5a24d9508928d7f1fe7c19404fe7fb8"},
    {0x17520u, 3027u, "lcns_orig_17520", Status::CommentOnly, "call to 0x5C3F00 outside the block; call to 0x5C4C60 outside the block; call to 0x5CE2A0 outside the block; call to 0x5CE2D0 outside the block (+16 more)", "export AddRotatedPartVariantToPart (ordinals 254,255)", kBytes_17520, "2409cb6cd30fa88cdbf539240c3ad59e0308a0fec65534cfe413f5d5b1561927"},
    {0xfbf0u, 244u, "lcns_orig_fbf0", Status::CommentOnly, "call to 0x54C400 outside the block; call to 0x64DF60 outside the block", "export SetRowMode (ordinals 256,257)", kBytes_fbf0, "334809ceb5b883c8bd64ac216e333a01f7ed0873b3c30bdbb069b1f1c07f6e8d"},
    {0xfcf0u, 568u, "lcns_orig_fcf0", Status::CommentOnly, "call to 0x1BF40 outside the block; call to 0x1C0C0 outside the block; call to 0x54C430 outside the block; call to 0x62F280 outside the block (+7 more)", "export SetPipeMode (ordinals 258,259)", kBytes_fcf0, "956bcbae8e913fd718d3a30f7008df8143a6405fbc4ae5d680d1319b3fbf0196"},
    {0x13410u, 512u, "lcns_orig_13410", Status::CommentOnly, "call to 0x1BA30 outside the block; call to 0x23BF0 outside the block; call to 0x62F280 outside the block; call to 0x64AEA0 outside the block (+4 more)", "export AddCircularExternalBoundaryToPart (ordinals 260,261)", kBytes_13410, "347e19bc5ce143a349534096d18d3dcaf2ba5324f9bf226f4f8227cf6554a3cb"},
    {0x13610u, 486u, "lcns_orig_13610", Status::CommentOnly, "call to 0x1BA30 outside the block; call to 0x23BF0 outside the block; call to 0x62F280 outside the block; call to 0x64AEA0 outside the block (+4 more)", "export AddRectangularExternalBoundaryToPart (ordinals 262,263)", kBytes_13610, "857ca9d99e52f379ebb1cad7ff3de22ecb264b6467ad1b1452ca18494776a660"},
    {0xff30u, 271u, "lcns_orig_ff30", Status::CommentOnly, "call to 0x1BF40 outside the block; call to 0x51E060 outside the block; call to 0x62F280 outside the block; call to 0x63F6B8 outside the block (+8 more)", "export GetNumberOfRows (ordinals 264,265)", kBytes_ff30, "b0ce3b8524ae15cbfdba156ed13ee692ca751321a23e0ea442f357b570e0da34"},
    {0x10040u, 384u, "lcns_orig_10040", Status::CommentOnly, "call to 0x51E060 outside the block; call to 0x60A620 outside the block; call to 0x62F280 outside the block; call to 0x64B1C0 outside the block (+2 more)", "export GetRow (ordinals 266,267)", kBytes_10040, "c81dc8c3b2d6e6a7ed49fb5f418279dbddb53ed27332e69524ca442b84134144"},
    {0xde80u, 388u, "lcns_orig_de80", Status::CommentOnly, "call to 0x1BF40 outside the block; call to 0x62F280 outside the block; call to 0x63F6B8 outside the block; call to 0x63F6C0 outside the block (+9 more)", "export SetLocalEngineThreads (ordinals 268,269)", kBytes_de80, "3d43cabded479e3e234940835bfc79418d40f22fe1508b842cdaa93112b3cd5b"},
    {0xafe0u, 13u, "lcns_orig_afe0", Status::CommentOnly, "jmp to 0x1B270 outside the block", "export sub_0AFE0 (ordinals 270,271)", kBytes_afe0, "50144282adc7ce2681c6f53e43802dd592e52cdc59dfa3b717c981c9278e549a"},
    {0x19c40u, 411u, "lcns_orig_19c40", Status::CommentOnly, "call to 0x1BF40 outside the block; call to 0x62D860 outside the block; call to 0x62F280 outside the block; call to 0x63F6B8 outside the block (+12 more)", "export SetLeatherMode (ordinals 272,273)", kBytes_19c40, "c63c3c3155de4f54644815685570a5acafa9e5cc57cca686ad651ee0fee9f708"},
    {0x19de0u, 350u, "lcns_orig_19de0", Status::CommentOnly, "call to 0x19A00 outside the block; call to 0x23BF0 outside the block; call to 0x5CD5C0 outside the block; call to 0x64D0F0 outside the block", "export AddLeatherQualityZoneInPart (ordinals 274,275)", kBytes_19de0, "6d669a59475bc358693d119b11962ddea9e7d61d7c7dde18a2e87f0e55630abc"},
    {0x1a0a0u, 331u, "lcns_orig_1a0a0", Status::CommentOnly, "call to 0x19A00 outside the block; call to 0x23BF0 outside the block; call to 0x5CD5C0 outside the block; call to 0x64D5A0 outside the block", "export AddLeatherQualityZoneInSheet (ordinals 276,277)", kBytes_1a0a0, "2a2f4007b73c760f0ec3a28c1a756a4590cf82aa04a07da093e104b2dc818d8b"},
    {0x1aa90u, 944u, "lcns_orig_1aa90", Status::CommentOnly, "call to 0x1BF40 outside the block; call to 0x62D860 outside the block; call to 0x62F280 outside the block; call to 0x63F6B8 outside the block (+14 more)", "export CreateRestrictedZoneConstraint (ordinals 278,279)", kBytes_1aa90, "8433baa8e0d76d7d9b0d27653d1ae7768668eabdaf44ed81afb1061de3ad2834"},
    {0x1ae40u, 507u, "lcns_orig_1ae40", Status::CommentOnly, "call to 0x1BF40 outside the block; call to 0x62D860 outside the block; call to 0x62F280 outside the block; call to 0x63F6B8 outside the block (+13 more)", "export CNS_SetZoneRestrictedPart (ordinals 280,281)", kBytes_1ae40, "fb983486bfa5671c85c70cabbedac3c269c08ffa2ea3d4bf1c72b8e859586645"},
    {0x1a7d0u, 286u, "lcns_orig_1a7d0", Status::CommentOnly, "call to 0x1A210 outside the block; call to 0x62F280 outside the block; call to 0x9984B0 outside the block; call to 0x998500 outside the block (+1 more)", "export sub_1A7D0 (ordinals 282,283)", kBytes_1a7d0, "e30795f669062ba8f1b1899136bbfbfd8f5abdd764ab31d19f6b92a0a930357e"},
    {0x1a210u, 1468u, "lcns_orig_1a210", Status::CommentOnly, "call to 0x1BF40 outside the block; call to 0x1C110 outside the block; call to 0x23BF0 outside the block; call to 0x5CD5C0 outside the block (+20 more)", "export CNS_SheetAddRestrictedZone (ordinals 284,285)", kBytes_1a210, "581f90c0a7297282de07239b9b64d230fe7eecd93be784906f8dd82982a84319"},
    {0xb000u, 18u, "lcns_orig_b000", Status::Callable, "", "export sub_0B000 (ordinals 286,287)", kBytes_b000, "3760c4936086dd8de6812aa750276054976c5191a627ac2871cb415ecc3f0256"},
    {0xaff0u, 10u, "lcns_orig_aff0", Status::Callable, "", "export sub_0AFF0 (ordinals 288,289)", kBytes_aff0, "78da96b6d180c46b94cc7f47e5e8ae76829af454a1268f9984c2cfb7dbb9044c"},
    {0x101c0u, 127u, "lcns_orig_101c0", Status::CommentOnly, "call to 0x1BA30 outside the block; call to 0x23BF0 outside the block; call to 0x64C940 outside the block", "export AddToolPathToPart (ordinals 290,291)", kBytes_101c0, "ddd930f708f778acac7605c6153720cb1613f65e4caa307fc9605503d07e98cd"},
    {0x19f40u, 342u, "lcns_orig_19f40", Status::CommentOnly, "call to 0x19A00 outside the block; call to 0x23BF0 outside the block; call to 0x5CD5C0 outside the block; call to 0x64D0F0 outside the block", "export AddLeatherQualityZoneInPart (ordinals 292,293)", kBytes_19f40, "9c9927925a3a378fdf274470a66198a6032e79fdc6adfffe7dd54265cd50b944"},
    {0x12c60u, 169u, "lcns_orig_12c60", Status::CommentOnly, "call to 0x128E0 outside the block; call to 0x64CB30 outside the block", "export AddInflatedToolPathToPart (ordinals 294,295)", kBytes_12c60, "74b422232b8de28c11feb5af414ede76be417a2753553afe5aa0262c992ba184"},
    {0x10240u, 124u, "lcns_orig_10240", Status::CommentOnly, "call to 0x1BA30 outside the block; call to 0x23BF0 outside the block; call to 0x64C940 outside the block", "export AddHoleInToolPath (ordinals 296,297)", kBytes_10240, "1a6970bf63d1a0b6e8720b3bf1644b7f9c951def933c7375ab752d588427fc64"},
    {0x13e30u, 417u, "lcns_orig_13e30", Status::CommentOnly, "call to 0x1BF40 outside the block; call to 0x62D860 outside the block; call to 0x62F280 outside the block; call to 0x63F6B8 outside the block (+12 more)", "export SetSpecificSheetOrigin (ordinals 298,299)", kBytes_13e30, "1f1ead206fec90ca71d2488180d530490bc1f5aa80cf10c0e73a600af05b62c8"},
    {0x13fe0u, 417u, "lcns_orig_13fe0", Status::CommentOnly, "call to 0x1BF40 outside the block; call to 0x62D860 outside the block; call to 0x62F280 outside the block; call to 0x63F6B8 outside the block (+12 more)", "export SetSpecificSheetObjective (ordinals 300,301)", kBytes_13fe0, "1eab6812fe55506ae00efddec8cd5d3f5764494ef7757c3736caef8448401d6d"},
    {0x1a8f0u, 411u, "lcns_orig_1a8f0", Status::CommentOnly, "call to 0x1BF40 outside the block; call to 0x62D860 outside the block; call to 0x62F280 outside the block; call to 0x63F6B8 outside the block (+12 more)", "export CNS_ForcePartOnBottomBorder (ordinals 302,303)", kBytes_1a8f0, "ebe12fd7f1300e314855df6c05078ca997fccb4b4886204e1cdb2507046bc907"},
    {0xde20u, 33u, "lcns_orig_de20", Status::CommentOnly, "call to 0x64E120 outside the block", "export SetShearRepulseFromBorders (ordinals 304,305)", kBytes_de20, "6cc6fa181f2a0204c6a360a91a8dd5677741be55c9061063679bcd38305ff378"},
    {0x12f40u, 894u, "lcns_orig_12f40", Status::CommentOnly, "call to 0x12780 outside the block; call to 0x1D870 outside the block; call to 0x5C4C50 outside the block; call to 0x5CD5C0 outside the block (+8 more)", "export CNS_AddDefectFromNestedPart (ordinals 306,307)", kBytes_12f40, "eb3eb590a682fb0e8c42d1c7134b9dd789ea5929a48b728a20737179bde4113e"},
    {0x10b50u, 395u, "lcns_orig_10b50", Status::CommentOnly, "call to 0x1BF40 outside the block; call to 0x62F280 outside the block; call to 0x63F6C0 outside the block; call to 0x64C6B0 outside the block (+8 more)", "export CNS_CreateAssemblyGroup (ordinals 308,309)", kBytes_10b50, "e5d6237237a24e5b500d679417303677f44e04072de8560faf8ed4a52f5441f8"},
    {0x11830u, 180u, "lcns_orig_11830", Status::CommentOnly, "call to 0x14D10 outside the block; call to 0x64BDA0 outside the block; call to 0x8F32B0 outside the block; call to 0x90CAF0 outside the block", "export CNS_AddAssemblyGroupPart (ordinals 310,311)", kBytes_11830, "32347ca97fadf4f7e82d65e80fc5feec22731fed3e53447634144e421a906eca"},
    {0xdd60u, 36u, "lcns_orig_dd60", Status::CommentOnly, "call to 0x64E120 outside the block", "export CNS_SetOriginPackingMode (ordinals 312,313)", kBytes_dd60, "85e5585a87f6d7d513c1df181a2eae95a5c301ed0e84ab90fa2568d94d96ebfe"},
    {0x12d10u, 552u, "lcns_orig_12d10", Status::CommentOnly, "call to 0x12780 outside the block; call to 0x1B910 outside the block; call to 0x1D770 outside the block; call to 0x1D870 outside the block (+6 more)", "export CNS_AddOpenToolPathToPart (ordinals 314,315)", kBytes_12d10, "4400dd7d69c81855396a1e03e8e4434810f780f25bbfe494678f5341a428a00e"},
    {0x10440u, 42u, "lcns_orig_10440", Status::CommentOnly, "call to 0x64C6B0 outside the block", "export CNS_SetEvaluateIntermediateNestingsAsLast (ordinals 316,317)", kBytes_10440, "8030873f3ab60dfc01df11b795fea5730eb6d326c15ea42bbf7e3b48237c4f55"},
    {0x9330u, 449u, "lcns_orig_9330", Status::CommentOnly, "call to 0x1BF40 outside the block; call to 0x62D860 outside the block; call to 0x62F280 outside the block; call to 0x63F6B8 outside the block (+14 more)", "export NewNoFitNesting (ordinals 318,319)", kBytes_9330, "45dea64015af51b760ab7f13a341f75cf9eb708e920232424e1fca946ac9122b"},
    {0xa9d0u, 240u, "lcns_orig_a9d0", Status::CommentOnly, "call to 0x64BB20 outside the block; call to 0x8B7490 outside the block", "export NoFitAddNestedPart (ordinals 320,321)", kBytes_a9d0, "394a17a9f3db777990741e2eaee3250199ca9dd4d678767923a977630e607f14"},
    {0x9500u, 70u, "lcns_orig_9500", Status::CommentOnly, "call to 0x64B960 outside the block; call to 0x9984B0 outside the block; jmp to 0x9984B0 outside the block", "export DeleteNoFitNesting (ordinals 322,323)", kBytes_9500, "9be2b4a733060c34793d5285d96c0d655e8f535e8e5d808c8efa3b1c8d60da9b"},
    {0xa620u, 934u, "lcns_orig_a620", Status::CommentOnly, "call to 0x1BF40 outside the block; call to 0x5C4C50 outside the block; call to 0x62D860 outside the block; call to 0x62F280 outside the block (+21 more)", "export GetNoFitPlacementMap (ordinals 324,325)", kBytes_a620, "dc2d0694d9e0ba8df00a0cb19eab8407db3262c2b81040550fbcd02558de8d01"},
    {0x9550u, 573u, "lcns_orig_9550", Status::CommentOnly, "call to 0x5185F0 outside the block; call to 0x5DEE60 outside the block; call to 0x5DEEB0 outside the block; call to 0x62F280 outside the block (+9 more)", "export NoFitGenerateSvgNesting (ordinals 326,327)", kBytes_9550, "4fd7c9e5d3a7a4a4349bc33b30b689ba7190c75f29e3783e412787f9670a9301"},
    {0x9790u, 403u, "lcns_orig_9790", Status::CommentOnly, "call to 0x5DEE60 outside the block; call to 0x5DEEB0 outside the block; call to 0x5DFC50 outside the block; call to 0x62F280 outside the block (+6 more)", "export NoFitGenerateSvgGeometry (ordinals 328,329)", kBytes_9790, "8d82df2cf695f297388d987326dc486d231b35b8028ca138ae944aff893245c3"},
    {0xddf0u, 36u, "lcns_orig_ddf0", Status::CommentOnly, "call to 0x64E120 outside the block", "export SetPartialShearMode (ordinals 330,331)", kBytes_ddf0, "09db2a0c6d2dd619390d33b999a5e1cebf755ff12f820ee109f03c8de275ce2a"},
    {0xb750u, 384u, "lcns_orig_b750", Status::CommentOnly, "call to 0x525370 outside the block; call to 0x60A620 outside the block; call to 0x62F280 outside the block; call to 0x64AEA0 outside the block (+2 more)", "export GetNestingBoundingBox (ordinals 332,333)", kBytes_b750, "48c78e35a052e3f606e9860928c3e7b16e7a9bfcebdb0c3a0aa830df40c0d057"},
    {0xc610u, 43u, "lcns_orig_c610", Status::CommentOnly, "call to 0x64CA50 outside the block", "export ForcePartInsideHole (ordinals 334,335)", kBytes_c610, "6265760128d6a0184221e9eb1c647d9367c5e8995f7326662e853724daad45fa"},
    {0x10470u, 42u, "lcns_orig_10470", Status::CommentOnly, "call to 0x64C6B0 outside the block", "export SetReorganizeBiggestPartNearOrigin (ordinals 336,337)", kBytes_10470, "cfd6c3f759f9256be6c0696b7cf11b4f3dedd7eee2358a187c040da719e73294"},
    {0x104a0u, 42u, "lcns_orig_104a0", Status::CommentOnly, "call to 0x64C6B0 outside the block", "export SetReorganizeLongestPartNearOrigin (ordinals 338,339)", kBytes_104a0, "84c97c4b564351070bd3140b68b928bbb145f2b8ec8c82c1d0da8e49aeb288f3"},
    {0x9930u, 443u, "lcns_orig_9930", Status::CommentOnly, "call to 0x1BF40 outside the block; call to 0x62D860 outside the block; call to 0x62F280 outside the block; call to 0x63F6B8 outside the block (+13 more)", "export NoFitSetMaximumComplexity (ordinals 340,341)", kBytes_9930, "64434d40505f407fcdd3c424799c8474bec1bd4bc0b977c148b9a6c520110c96"},
    {0xe1f0u, 111u, "lcns_orig_e1f0", Status::CommentOnly, "call to 0x63F238 outside the block; call to 0x64D9C0 outside the block; call to 0x90ECB0 outside the block", "export UnLockLaunchingOrderOxy (ordinals 342,343)", kBytes_e1f0, "c08553bca9ca07f3f47cd704097465d7d40d6b0ae12ab5164558cea1259e8ff3"},
    {0xa06820u, 32u, "", Status::Data, "", "libm sqrt's constant cluster: the name string 'sqrt' then -0.0, +inf and 1.0 -- the evidence that 0x62FE20 is the C library's square root and therefore toolchain, not domain code", kBytes_a06820, "b1c990bc7b38a93d330fd06165bb4db14befc5e958457165d7a036b8c48eaf2d"},
};
const std::size_t kBlockCount = sizeof(kBlocks) / sizeof(kBlocks[0]);

}  // namespace embedded
}  // namespace lcns
